id,企划,资源类型,系列,名称,别名,年份,格式,大小,网盘路径,分享链接,提取码,有效期,状态,更新时间,排序值
resource-7f5de7e45f97,765AS,演唱会,其他,[2006.07.23] THE IDOLM@STER 1st ANNIVERSARY LIVE,,2006,MKV,,/00-偶像大师 ALL IN ONE/1-765AS/本家 LIVE/[2006.07.23] THE IDOLM@STER 1st ANNIVERSARY LIVE,,imas,永久,待分享,,10
resource-9a51e7514597,765AS,演唱会,其他,[2012.05.24] THE IDOLM@STER WINTER C@RNIVAL!,,2012,MKV,,/00-偶像大师 ALL IN ONE/1-765AS/本家 LIVE/[2012.05.24] THE IDOLM@STER WINTER C@RNIVAL!,,imas,永久,待分享,,20
resource-5b3e403ea93b,765AS,演唱会,其他,[2025.12] THE IDOLM@STER M@STERS OF IDOL WORLD 2025,,2025,MKV,,/00-偶像大师 ALL IN ONE/1-765AS/本家 LIVE/[2025.12] THE IDOLM@STER M@STERS OF IDOL WORLD 2025,,imas,永久,待分享,,30
resource-a250b44d07b5,765AS,演唱会,其他,[2026.05.16] MIKI HOSHII SOLO SHOWCASE -THE FUTURE SPOTLIGHT- at Anime Central 2026,,2026,MP4,,/00-偶像大师 ALL IN ONE/1-765AS/本家 LIVE/[2026.05.16] MIKI HOSHII SOLO SHOWCASE -THE FUTURE SPOTLIGHT- at Anime Central 2026,,imas,永久,待分享,,40
resource-1adbbad474bf,765AS,演唱会,其他,[TD-RAWS] THE IDOLM@STER New Year Live!! Hatsuboshi Enbu [BDRip 1080p HEVC-10bit FLAC],,,MKV,,/00-偶像大师 ALL IN ONE/1-765AS/本家 LIVE/[TD-RAWS] THE IDOLM@STER New Year Live!! Hatsuboshi Enbu [BDRip 1080p HEVC-10bit FLAC],,imas,永久,待分享,,50
resource-8c5bf51bf7b4,765AS,动画,其他,[2008] 偶像大师 Live For You!,,2008,MKV,,/00-偶像大师 ALL IN ONE/1-765AS/本家动画/[2008] 偶像大师 Live For You!,,imas,永久,待分享,,60
resource-3f4b58c0a9d6,765AS,动画,其他,[2011] 偶像大师,,2011,MKV,,/00-偶像大师 ALL IN ONE/1-765AS/本家动画/[2011] 偶像大师,,imas,永久,待分享,,70
resource-6a49de2a3d9f,765AS,动画,其他,[2013] 迷你偶像大师 第一季,,2013,MP4,,/00-偶像大师 ALL IN ONE/1-765AS/本家动画/[2013] 迷你偶像大师 第一季,,imas,永久,待分享,,80
resource-133eed14c6c5,765AS,动画,其他,[2014] 迷你偶像大师 第二季,,2014,MKV,,/00-偶像大师 ALL IN ONE/1-765AS/本家动画/[2014] 迷你偶像大师 第二季,,imas,永久,待分享,,90
resource-a3c7d40859cd,765AS,动画,[VCB-Studio] THE IDOLM@STER,[VCB-Studio] THE IDOLM@STER [Ma10p_1080p],,,MKV,,/00-偶像大师 ALL IN ONE/1-765AS/本家动画/[VCB-Studio] THE IDOLM@STER/[VCB-Studio] THE IDOLM@STER [Ma10p_1080p],,imas,永久,待分享,,100
resource-51fc20e265f1,765AS,动画,[VCB-Studio] THE IDOLM@STER [Ma10p_1080p],SPs,,,MKV,,/00-偶像大师 ALL IN ONE/1-765AS/本家动画/[VCB-Studio] THE IDOLM@STER/[VCB-Studio] THE IDOLM@STER [Ma10p_1080p]/SPs,,imas,永久,待分享,,110
resource-86e1420c052e,765AS,动画,[VCB-Studio] THE IDOLM@STER,[VCB-Studio] THE IDOLM@STER MOVIE [Ma10p_1080p],,,MKV,,/00-偶像大师 ALL IN ONE/1-765AS/本家动画/[VCB-Studio] THE IDOLM@STER/[VCB-Studio] THE IDOLM@STER MOVIE [Ma10p_1080p],,imas,永久,待分享,,120
resource-c23a3ac55da7,765AS,动画,[VCB-Studio] THE IDOLM@STER MOVIE [Ma10p_1080p],SPs,,,MKV,,/00-偶像大师 ALL IN ONE/1-765AS/本家动画/[VCB-Studio] THE IDOLM@STER/[VCB-Studio] THE IDOLM@STER MOVIE [Ma10p_1080p]/SPs,,imas,永久,待分享,,130
resource-bb6fbb36e46b,765AS,动画,其他,偶像大师 XENOGLOSSIA,,,MKV,,/00-偶像大师 ALL IN ONE/1-765AS/本家动画/偶像大师 XENOGLOSSIA,,imas,永久,待分享,,140
resource-095ab8050fa8,765AS,动画,偶像大师 XENOGLOSSIA,EXTRA,,,MKV,,/00-偶像大师 ALL IN ONE/1-765AS/本家动画/偶像大师 XENOGLOSSIA/EXTRA,,imas,永久,待分享,,150
resource-140b1fc87673,765AS,CD,[00A] 偶像大师周年曲&20周年企划,[2017.10.28] [SBCV-80270] THE iDOLM@STER アイ MUST GO! ～10thメモリアルフィギュアver.～,,2017,RAR,,/00-偶像大师 ALL IN ONE/1-765AS/本家CD/[00A] 偶像大师周年曲&20周年企划/[2017.10.28] [SBCV-80270] THE iDOLM@STER アイ MUST GO! ～10thメモリアルフィギュアver.～.rar,,imas,永久,待分享,,160
resource-56428c60a589,765AS,Hi-Res,[00A] 偶像大师周年曲&20周年企划,[2020.09.30] COCC-17812 THE IDOLM@STERシリーズ15周年記念曲「なんどでも笑おう」【765PRO ALLSTARS盤】 (96kHz_24bit),,2020,RAR Hi-Res,,/00-偶像大师 ALL IN ONE/1-765AS/本家CD/[00A] 偶像大师周年曲&20周年企划/[2020.09.30] COCC-17812 THE IDOLM@STERシリーズ15周年記念曲「なんどでも笑おう」【765PRO ALLSTARS盤】 (96kHz_24bit).rar,,imas,永久,待分享,,170
resource-9a1762c5dbe6,765AS,Hi-Res,[00A] 偶像大师周年曲&20周年企划,[2021.08.04] COCC-17911 THE IDOLM@STERシリーズ イメージソング2021 「VOY@GER」 【765PRO ALLSTARS盤】 [96kHz_24bit],,2021,RAR Hi-Res,,/00-偶像大师 ALL IN ONE/1-765AS/本家CD/[00A] 偶像大师周年曲&20周年企划/[2021.08.04] COCC-17911 THE IDOLM@STERシリーズ イメージソング2021 「VOY@GER」 【765PRO ALLSTARS盤】 [96kHz_24bit].rar,,imas,永久,待分享,,180
resource-876ae088ed2e,765AS,CD,[00A] 偶像大师周年曲&20周年企划,[2023.07.26] ANCF-0079 『CRYST@LOUD』CD,,2023,RAR,,/00-偶像大师 ALL IN ONE/1-765AS/本家CD/[00A] 偶像大师周年曲&20周年企划/[2023.07.26] ANCF-0079 『CRYST@LOUD』CD.rar,,imas,永久,待分享,,190
resource-f763940b3eaf,765AS,CD,[00A] 偶像大师周年曲&20周年企划,[2024.03.16] SACX-1093 『菊地 真・萩原 雪歩 twin live はんげつであえたら』会場オリジナルCD,,2024,RAR,,/00-偶像大师 ALL IN ONE/1-765AS/本家CD/[00A] 偶像大师周年曲&20周年企划/[2024.03.16] SACX-1093 『菊地 真・萩原 雪歩 twin live はんげつであえたら』会場オリジナルCD.rar,,imas,永久,待分享,,200
resource-190082c74626,765AS,CD,[00A] 偶像大师周年曲&20周年企划,[2024.08.24] SACX-1095 961 PRODUCTION presents 『ReFLAME』会場オリジナルCD,,2024,RAR,,/00-偶像大师 ALL IN ONE/1-765AS/本家CD/[00A] 偶像大师周年曲&20周年企划/[2024.08.24] SACX-1095 961 PRODUCTION presents 『ReFLAME』会場オリジナルCD.rar,,imas,永久,待分享,,210
resource-e6851de07ff7,765AS,CD,[00A] 偶像大师周年曲&20周年企划,[2024.12.11] COCC-18231 『アイドルマスター』シリーズ 20周年記念曲 「アイ NEED YOU（FOR WONDERFUL STORY）」 【765PRO ALLSTARS盤】,,2024,RAR,,/00-偶像大师 ALL IN ONE/1-765AS/本家CD/[00A] 偶像大师周年曲&20周年企划/[2024.12.11] COCC-18231 『アイドルマスター』シリーズ 20周年記念曲 「アイ NEED YOU（FOR WONDERFUL STORY）」 【765PRO ALLSTARS盤】.rar,,imas,永久,待分享,,220
resource-880265fc48e6,765AS,CD,[00A] 偶像大师周年曲&20周年企划,[2025.02.01] SACX-1099 961 PRODUCTION presents『ReFLAME』-Additional Show- 会場オリジナルCD,,2025,RAR,,/00-偶像大师 ALL IN ONE/1-765AS/本家CD/[00A] 偶像大师周年曲&20周年企划/[2025.02.01] SACX-1099 961 PRODUCTION presents『ReFLAME』-Additional Show- 会場オリジナルCD.rar,,imas,永久,待分享,,230
resource-a01ca86f5576,765AS,CD,[00A] 偶像大师周年曲&20周年企划,[2025.10.18] SACX-1113 『高槻やよい ・ 水濑伊织 twin live いつまでもなかよし！ 』会場オリジナルCD,,2025,RAR,,/00-偶像大师 ALL IN ONE/1-765AS/本家CD/[00A] 偶像大师周年曲&20周年企划/[2025.10.18] SACX-1113 『高槻やよい ・ 水濑伊织 twin live いつまでもなかよし！ 』会場オリジナルCD.rar,,imas,永久,待分享,,240
resource-c1e7d11d63c2,765AS,CD,[00A] 偶像大师周年曲&20周年企划,[2026.01.24] THE IDOLM@STER 20th anniversary ORCHESTRA CONCERT SYMPHONY OF BRILLIANT STARS コンサートアルバム,,2026,ZIP,,/00-偶像大师 ALL IN ONE/1-765AS/本家CD/[00A] 偶像大师周年曲&20周年企划/[2026.01.24] THE IDOLM@STER 20th anniversary ORCHESTRA CONCERT SYMPHONY OF BRILLIANT STARS コンサートアルバム.zip,,imas,永久,待分享,,250
resource-d1d38a2896c2,765AS,CD,[00A] 偶像大师周年曲&20周年企划,[2026] 如月千早武道館単独公演「OathONE」（会場オリジナルCD）,,2026,ZIP,,/00-偶像大师 ALL IN ONE/1-765AS/本家CD/[00A] 偶像大师周年曲&20周年企划/[2026] 如月千早武道館単独公演「OathONE」（会場オリジナルCD）.zip,,imas,永久,待分享,,260
resource-31102a0195e9,765AS,CD,[01] ANIM@TION MASTER,[2011.08.10] THE iDOLM@STER ANIM@TION MASTER 01 (FLAC),,2011,RAR,,/00-偶像大师 ALL IN ONE/1-765AS/本家CD/[00B] 动画相关/[01] ANIM@TION MASTER/[2011.08.10] THE iDOLM@STER ANIM@TION MASTER 01 (FLAC).rar,,imas,永久,待分享,,270
resource-1fa34cca1500,765AS,CD,[01] ANIM@TION MASTER,[2011.08.24] THE iDOLM@STER レンタル限定特別版CD (FLAC),,2011,RAR,,/00-偶像大师 ALL IN ONE/1-765AS/本家CD/[00B] 动画相关/[01] ANIM@TION MASTER/[2011.08.24] THE iDOLM@STER レンタル限定特別版CD (FLAC).rar,,imas,永久,待分享,,280
resource-34d6833bcda1,765AS,CD,[01] ANIM@TION MASTER,[2011.09.07] THE iDOLM@STER ANIM@TION MASTER 02 (FLAC),,2011,RAR,,/00-偶像大师 ALL IN ONE/1-765AS/本家CD/[00B] 动画相关/[01] ANIM@TION MASTER/[2011.09.07] THE iDOLM@STER ANIM@TION MASTER 02 (FLAC).rar,,imas,永久,待分享,,290
resource-28f51054230b,765AS,CD,[01] ANIM@TION MASTER,[2011.10.05] THE iDOLM@STER ANIM@TION MASTER 03 (FLAC),,2011,RAR,,/00-偶像大师 ALL IN ONE/1-765AS/本家CD/[00B] 动画相关/[01] ANIM@TION MASTER/[2011.10.05] THE iDOLM@STER ANIM@TION MASTER 03 (FLAC).rar,,imas,永久,待分享,,300
resource-2c27fe63c420,765AS,CD,[01] ANIM@TION MASTER,[2011.11.09] THE iDOLM@STER ANIM@TION MASTER 04 (FLAC),,2011,RAR,,/00-偶像大师 ALL IN ONE/1-765AS/本家CD/[00B] 动画相关/[01] ANIM@TION MASTER/[2011.11.09] THE iDOLM@STER ANIM@TION MASTER 04 (FLAC).rar,,imas,永久,待分享,,310
resource-379b745a6a07,765AS,CD,[01] ANIM@TION MASTER,[2011.11.30] THE iDOLM@STER ANIM@TION MASTER 05 (FLAC),,2011,RAR,,/00-偶像大师 ALL IN ONE/1-765AS/本家CD/[00B] 动画相关/[01] ANIM@TION MASTER/[2011.11.30] THE iDOLM@STER ANIM@TION MASTER 05 (FLAC).rar,,imas,永久,待分享,,320
resource-346e6d9f9912,765AS,CD,[01] ANIM@TION MASTER,[2011.12.28] THE iDOLM@STER ANIM@TION MASTER 06 (FLAC),,2011,RAR,,/00-偶像大师 ALL IN ONE/1-765AS/本家CD/[00B] 动画相关/[01] ANIM@TION MASTER/[2011.12.28] THE iDOLM@STER ANIM@TION MASTER 06 (FLAC).rar,,imas,永久,待分享,,330
resource-e44376df7e65,765AS,CD,[01] ANIM@TION MASTER,[2012.02.01] THE iDOLM@STER ANIM@TION MASTER 07 (FLAC),,2012,RAR,,/00-偶像大师 ALL IN ONE/1-765AS/本家CD/[00B] 动画相关/[01] ANIM@TION MASTER/[2012.02.01] THE iDOLM@STER ANIM@TION MASTER 07 (FLAC).rar,,imas,永久,待分享,,340
resource-80619df58bec,765AS,CD,[01] ANIM@TION MASTER,[2013.07.07] [SACX-1024] THE iDOLM@STER ANIM@TION MASTER READY!!,,2013,RAR,,/00-偶像大师 ALL IN ONE/1-765AS/本家CD/[00B] 动画相关/[01] ANIM@TION MASTER/[2013.07.07] [SACX-1024] THE iDOLM@STER ANIM@TION MASTER READY!!.rar,,imas,永久,待分享,,350
resource-ce5df3ec9f4b,765AS,CD,[01] ANIM@TION MASTER,[2013.09.15] THE iDOLM@STER ANIM@TION MASTER CHANGE!!!! ソロ・リミックス (FLAC),,2013,RAR,,/00-偶像大师 ALL IN ONE/1-765AS/本家CD/[00B] 动画相关/[01] ANIM@TION MASTER/[2013.09.15] THE iDOLM@STER ANIM@TION MASTER CHANGE!!!! ソロ・リミックス (FLAC).rar,,imas,永久,待分享,,360
resource-483713d21a50,765AS,CD,[02] 生っすかSPECIAL,[2012.08] THE iDOLM@STER ANIM@TION MASTER 生っすかSPECIAL 01,,2012,RAR,,/00-偶像大师 ALL IN ONE/1-765AS/本家CD/[00B] 动画相关/[02] 生っすかSPECIAL/[2012.08] THE iDOLM@STER ANIM@TION MASTER 生っすかSPECIAL 01.rar,,imas,永久,待分享,,370
resource-dd3b014eff4d,765AS,CD,[02] 生っすかSPECIAL,[2012.09] THE iDOLM@STER ANIM@TION MASTER 生っすかSPECIAL 02,,2012,RAR,,/00-偶像大师 ALL IN ONE/1-765AS/本家CD/[00B] 动画相关/[02] 生っすかSPECIAL/[2012.09] THE iDOLM@STER ANIM@TION MASTER 生っすかSPECIAL 02.rar,,imas,永久,待分享,,380
resource-87637ca8842e,765AS,CD,[02] 生っすかSPECIAL,[2012.09] THE iDOLM@STER ANIM@TION MASTER 生っすかSPECIAL 03,,2012,RAR,,/00-偶像大师 ALL IN ONE/1-765AS/本家CD/[00B] 动画相关/[02] 生っすかSPECIAL/[2012.09] THE iDOLM@STER ANIM@TION MASTER 生っすかSPECIAL 03.rar,,imas,永久,待分享,,390
resource-d5f2659c1a28,765AS,CD,[02] 生っすかSPECIAL,[2012.10] THE iDOLM@STER ANIM@TION MASTER 生っすかSPECIAL 04,,2012,RAR,,/00-偶像大师 ALL IN ONE/1-765AS/本家CD/[00B] 动画相关/[02] 生っすかSPECIAL/[2012.10] THE iDOLM@STER ANIM@TION MASTER 生っすかSPECIAL 04.rar,,imas,永久,待分享,,400
resource-977f76e9f0ea,765AS,CD,[02] 生っすかSPECIAL,[2012.11] THE iDOLM@STER ANIM@TION MASTER 生っすかSPECIAL 05,,2012,RAR,,/00-偶像大师 ALL IN ONE/1-765AS/本家CD/[00B] 动画相关/[02] 生っすかSPECIAL/[2012.11] THE iDOLM@STER ANIM@TION MASTER 生っすかSPECIAL 05.rar,,imas,永久,待分享,,410
resource-f10fbcfd9052,765AS,CD,[02] 生っすかSPECIAL,[2013.01] THE iDOLM@STER ANIM@TION MASTER 生っすかSPECIAL カーテンコール,,2013,RAR,,/00-偶像大师 ALL IN ONE/1-765AS/本家CD/[00B] 动画相关/[02] 生っすかSPECIAL/[2013.01] THE iDOLM@STER ANIM@TION MASTER 生っすかSPECIAL カーテンコール.rar,,imas,永久,待分享,,420
resource-b9aaaad09184,765AS,CD,[02] 生っすかSPECIAL,[2013.04] THE IDOLM@STER ANIM@TION MASTER 生っすかSPECIAL 弦楽四重奏 初恋組曲,,2013,RAR,,/00-偶像大师 ALL IN ONE/1-765AS/本家CD/[00B] 动画相关/[02] 生っすかSPECIAL/[2013.04] THE IDOLM@STER ANIM@TION MASTER 生っすかSPECIAL 弦楽四重奏 初恋組曲.rar,,imas,永久,待分享,,430
resource-4b2115550c36,765AS,CD,[03] PERFECT IDOL,[2011.10.27] THE iDOLM@STER ANIM@TION Vocal CD「PERFECT IDOL 01」 (FLAC),,2011,RAR,,/00-偶像大师 ALL IN ONE/1-765AS/本家CD/[00B] 动画相关/[03] PERFECT IDOL/[2011.10.27] THE iDOLM@STER ANIM@TION Vocal CD「PERFECT IDOL 01」 (FLAC).rar,,imas,永久,待分享,,440
resource-4c15c9405231,765AS,CD,[03] PERFECT IDOL,[2011.12.29] THE iDOLM@STER ANIM@TION Vocal CD「PERFECT IDOL 02」 (FLAC),,2011,RAR,,/00-偶像大师 ALL IN ONE/1-765AS/本家CD/[00B] 动画相关/[03] PERFECT IDOL/[2011.12.29] THE iDOLM@STER ANIM@TION Vocal CD「PERFECT IDOL 02」 (FLAC).rar,,imas,永久,待分享,,450
resource-b4672c08bfee,765AS,CD,[03] PERFECT IDOL,[2012.02.23] THE iDOLM@STER ANIM@TION Vocal CD「PERFECT IDOL 03」 (FLAC),,2012,RAR,,/00-偶像大师 ALL IN ONE/1-765AS/本家CD/[00B] 动画相关/[03] PERFECT IDOL/[2012.02.23] THE iDOLM@STER ANIM@TION Vocal CD「PERFECT IDOL 03」 (FLAC).rar,,imas,永久,待分享,,460
resource-99c8c258cf9a,765AS,CD,[03] PERFECT IDOL,[2012.04.26] THE iDOLM@STER ANIM@TION Vocal CD「PERFECT IDOL 04」 (FLAC),,2012,RAR,,/00-偶像大师 ALL IN ONE/1-765AS/本家CD/[00B] 动画相关/[03] PERFECT IDOL/[2012.04.26] THE iDOLM@STER ANIM@TION Vocal CD「PERFECT IDOL 04」 (FLAC).rar,,imas,永久,待分享,,470
resource-e9b1ef6676ca,765AS,CD,[03] PERFECT IDOL,[2014.10.08] THE iDOLM@STER PERFECT IDOL THE MOVIE,,2014,RAR,,/00-偶像大师 ALL IN ONE/1-765AS/本家CD/[00B] 动画相关/[03] PERFECT IDOL/[2014.10.08] THE iDOLM@STER PERFECT IDOL THE MOVIE.rar,,imas,永久,待分享,,480
resource-9014e6b30bcd,765AS,CD,[04] 本家动画其他,[2011.11.23] THE iDOLM@STER ANIM@TION Drama CD (FLAC),,2011,RAR,,/00-偶像大师 ALL IN ONE/1-765AS/本家CD/[00B] 动画相关/[04] 本家动画其他/[2011.11.23] THE iDOLM@STER ANIM@TION Drama CD (FLAC).rar,,imas,永久,待分享,,490
resource-f5417cc1fbd9,765AS,CD,[04] 本家动画其他,[2012.03.29] THE iDOLM@STER ANIM@TION Drama CD 'Producer no Kyuujitsu' (FLAC),,2012,RAR,,/00-偶像大师 ALL IN ONE/1-765AS/本家CD/[00B] 动画相关/[04] 本家动画其他/[2012.03.29] THE iDOLM@STER ANIM@TION Drama CD 'Producer no Kyuujitsu' (FLAC).rar,,imas,永久,待分享,,500
resource-eda7c463f844,765AS,CD,[04] 本家动画其他,[2012.06.28] THE iDOLM@STER ANIM@TION Vol.9 Drama CD 'Namassuka! Sunday Okurairi Hen' (FLAC),,2012,RAR,,/00-偶像大师 ALL IN ONE/1-765AS/本家CD/[00B] 动画相关/[04] 本家动画其他/[2012.06.28] THE iDOLM@STER ANIM@TION Vol.9 Drama CD 'Namassuka! Sunday Okurairi Hen' (FLAC).rar,,imas,永久,待分享,,510
resource-7fa0c180baea,765AS,CD,[04] 本家动画其他,2011.07.30 [MIM-001] THE iDOLM@STER メガミマガジン スペシャルCD,,2011,RAR,,/00-偶像大师 ALL IN ONE/1-765AS/本家CD/[00B] 动画相关/[04] 本家动画其他/2011.07.30 [MIM-001] THE iDOLM@STER メガミマガジン スペシャルCD.rar,,imas,永久,待分享,,520
resource-b79282c75719,765AS,CD,[04] 本家动画其他,2011.08.12 [ANXC-0003] 「アイドルマスター」765プロ SUMMER ST@RT SET Special Talk＆Drama CD,,2011,RAR,,/00-偶像大师 ALL IN ONE/1-765AS/本家CD/[00B] 动画相关/[04] 本家动画其他/2011.08.12 [ANXC-0003] 「アイドルマスター」765プロ SUMMER ST@RT SET Special Talk＆Drama CD.rar,,imas,永久,待分享,,530
resource-dc89f9b61e06,765AS,CD,[04] 本家动画其他,2011.08.24 [COCR-100] THE iDOLM@STER レンタル限定特別版CD,,2011,RAR,,/00-偶像大师 ALL IN ONE/1-765AS/本家CD/[00B] 动画相关/[04] 本家动画其他/2011.08.24 [COCR-100] THE iDOLM@STER レンタル限定特別版CD.rar,,imas,永久,待分享,,540
resource-66b970984df3,765AS,CD,[04] 本家动画其他,2011.12.29 [ANXC-0009] THE IDOLM@STER 765PRO WINTER SPECI@L SET Special CD,,2011,RAR,,/00-偶像大师 ALL IN ONE/1-765AS/本家CD/[00B] 动画相关/[04] 本家动画其他/2011.12.29 [ANXC-0009] THE IDOLM@STER 765PRO WINTER SPECI@L SET Special CD.rar,,imas,永久,待分享,,550
resource-d775954b9dd7,765AS,CD,[04] 本家动画其他,2012.06.23 [SACX-1017~8] THE iDOLM@STER No Make!,,2012,RAR,,/00-偶像大师 ALL IN ONE/1-765AS/本家CD/[00B] 动画相关/[04] 本家动画其他/2012.06.23 [SACX-1017~8] THE iDOLM@STER No Make!.rar,,imas,永久,待分享,,560
resource-af73c8626b5e,765AS,CD,[05] THE IDOLM@STER MOVIE,1.劇場版『THE IDOLM@STER MOVIE 輝きの向こう側へ！』主題歌 M@STERPIECE,,,RAR,,/00-偶像大师 ALL IN ONE/1-765AS/本家CD/[00B] 动画相关/[05] THE IDOLM@STER MOVIE/1.劇場版『THE IDOLM@STER MOVIE 輝きの向こう側へ！』主題歌 M@STERPIECE.rar,,imas,永久,待分享,,570
resource-6968c3f8d9a9,765AS,CD,[05] THE IDOLM@STER MOVIE,2.劇場版『THE IDOLM@STER MOVIE 輝きの向こう側へ!』オリジナル・サウンドトラック,,,RAR,,/00-偶像大师 ALL IN ONE/1-765AS/本家CD/[00B] 动画相关/[05] THE IDOLM@STER MOVIE/2.劇場版『THE IDOLM@STER MOVIE 輝きの向こう側へ!』オリジナル・サウンドトラック.rar,,imas,永久,待分享,,580
resource-e91108799f61,765AS,CD,[05] THE IDOLM@STER MOVIE,3.劇場版『THE IDOLM@STER MOVIE 輝きの向こう側へ！』挿入歌 ラムネ色 青春,,,RAR,,/00-偶像大师 ALL IN ONE/1-765AS/本家CD/[00B] 动画相关/[05] THE IDOLM@STER MOVIE/3.劇場版『THE IDOLM@STER MOVIE 輝きの向こう側へ！』挿入歌 ラムネ色 青春.rar,,imas,永久,待分享,,590
resource-5fa73c286a87,765AS,CD,[05] THE IDOLM@STER MOVIE,4.劇場版『THE IDOLM@STER MOVIE 輝きの向こう側へ！』エンディング・テーマ 虹色ミラクル,,,RAR,,/00-偶像大师 ALL IN ONE/1-765AS/本家CD/[00B] 动画相关/[05] THE IDOLM@STER MOVIE/4.劇場版『THE IDOLM@STER MOVIE 輝きの向こう側へ！』エンディング・テーマ 虹色ミラクル.rar,,imas,永久,待分享,,600
resource-9f2fef3ab8ac,765AS,CD,[05] THE IDOLM@STER MOVIE,2013.03.30 [ANXC-0016] 765プロ入社説明CD,,2013,RAR,,/00-偶像大师 ALL IN ONE/1-765AS/本家CD/[00B] 动画相关/[05] THE IDOLM@STER MOVIE/2013.03.30 [ANXC-0016] 765プロ入社説明CD.rar,,imas,永久,待分享,,610
resource-5740c4780f70,765AS,CD,[05] THE IDOLM@STER MOVIE,2013.08.04 [TGCS-7730] THE iDOLM@STER SUMMER VAC@TION REMIX!!,,2013,RAR,,/00-偶像大师 ALL IN ONE/1-765AS/本家CD/[00B] 动画相关/[05] THE IDOLM@STER MOVIE/2013.08.04 [TGCS-7730] THE iDOLM@STER SUMMER VAC@TION REMIX!!.rar,,imas,永久,待分享,,620
resource-665e31d7bf94,765AS,CD,[05] THE IDOLM@STER MOVIE,2014.03.06 [IMAS-2001] THE iDOLM@STER LAWSON ORIGINAL DRAMA DISK,,2014,RAR,,/00-偶像大师 ALL IN ONE/1-765AS/本家CD/[00B] 动画相关/[05] THE IDOLM@STER MOVIE/2014.03.06 [IMAS-2001] THE iDOLM@STER LAWSON ORIGINAL DRAMA DISK.rar,,imas,永久,待分享,,630
resource-8da3d0a1b5d6,765AS,CD,[05] THE IDOLM@STER MOVIE,2014.10.08 [ANZX-11504] THE iDOLM@STER MOVIE 輝きの向こう側へ! 特典CD「PERFECT IDOL THE MOVIE」,,2014,RAR,,/00-偶像大师 ALL IN ONE/1-765AS/本家CD/[00B] 动画相关/[05] THE IDOLM@STER MOVIE/2014.10.08 [ANZX-11504] THE iDOLM@STER MOVIE 輝きの向こう側へ! 特典CD「PERFECT IDOL THE MOVIE」.rar,,imas,永久,待分享,,640
resource-f4084e68c919,765AS,CD,[06] THE iDOLM@STER XENOGLOSSIA,[2007.03.21] iDOLM@STER XENOGLOSSIA 春香とやよいの弥生式らじお 恋だもん〜初級編〜 (FLAC),,2007,RAR,,/00-偶像大师 ALL IN ONE/1-765AS/本家CD/[00B] 动画相关/[06] THE iDOLM@STER XENOGLOSSIA/[2007.03.21] iDOLM@STER XENOGLOSSIA 春香とやよいの弥生式らじお 恋だもん〜初級編〜 (FLAC).rar,,imas,永久,待分享,,650
resource-00dd9df7ea68,765AS,CD,[06] THE iDOLM@STER XENOGLOSSIA,[2007.04.25] iDOLM@STER XENOGLOSSIA OP1 - 微熱S.O.S!! (FLAC),,2007,RAR,,/00-偶像大师 ALL IN ONE/1-765AS/本家CD/[00B] 动画相关/[06] THE iDOLM@STER XENOGLOSSIA/[2007.04.25] iDOLM@STER XENOGLOSSIA OP1 - 微熱S.O.S!! (FLAC).rar,,imas,永久,待分享,,660
resource-c5181eefd6a1,765AS,CD,[06] THE iDOLM@STER XENOGLOSSIA,[2007.05.16] iDOLM@STER XENOGLOSSIA ED - 悠久の旅人～Dear boy (FLAC),,2007,RAR,,/00-偶像大师 ALL IN ONE/1-765AS/本家CD/[00B] 动画相关/[06] THE iDOLM@STER XENOGLOSSIA/[2007.05.16] iDOLM@STER XENOGLOSSIA ED - 悠久の旅人～Dear boy (FLAC).rar,,imas,永久,待分享,,670
resource-53a2f898aa6f,765AS,CD,[06] THE iDOLM@STER XENOGLOSSIA,[2007.06.06] iDOLM@STER XENOGLOSSIA Drama CD Vol 1 『週間十六夜寮』 (FLAC),,2007,RAR,,/00-偶像大师 ALL IN ONE/1-765AS/本家CD/[00B] 动画相关/[06] THE iDOLM@STER XENOGLOSSIA/[2007.06.06] iDOLM@STER XENOGLOSSIA Drama CD Vol 1 『週間十六夜寮』 (FLAC).rar,,imas,永久,待分享,,680
resource-f29a0fc121ad,765AS,CD,[06] THE iDOLM@STER XENOGLOSSIA,[2007.06.27] iDOLM@STER XENOGLOSSIA Original Soundtrack Vol.1 - IMBER (FLAC),,2007,RAR,,/00-偶像大师 ALL IN ONE/1-765AS/本家CD/[00B] 动画相关/[06] THE iDOLM@STER XENOGLOSSIA/[2007.06.27] iDOLM@STER XENOGLOSSIA Original Soundtrack Vol.1 - IMBER (FLAC).rar,,imas,永久,待分享,,690
resource-cdb92a687d15,765AS,CD,[06] THE iDOLM@STER XENOGLOSSIA,[2007.07.11] iDOLM@STER XENOGLOSSIA 春香とやよいの弥生式らじお 特別編～友情だもん~ (FLAC),,2007,RAR,,/00-偶像大师 ALL IN ONE/1-765AS/本家CD/[00B] 动画相关/[06] THE iDOLM@STER XENOGLOSSIA/[2007.07.11] iDOLM@STER XENOGLOSSIA 春香とやよいの弥生式らじお 特別編～友情だもん~ (FLAC).rar,,imas,永久,待分享,,700
resource-f1ffb70bf032,765AS,CD,[06] THE iDOLM@STER XENOGLOSSIA,[2007.08.08] iDOLM@STER XENOGLOSSIA Drama CD Vol 2 『週間モンデンキント』 (FLAC),,2007,RAR,,/00-偶像大师 ALL IN ONE/1-765AS/本家CD/[00B] 动画相关/[06] THE iDOLM@STER XENOGLOSSIA/[2007.08.08] iDOLM@STER XENOGLOSSIA Drama CD Vol 2 『週間モンデンキント』 (FLAC).rar,,imas,永久,待分享,,710
resource-c36cfe4222d1,765AS,CD,[06] THE iDOLM@STER XENOGLOSSIA,[2007.08.08] iDOLM@STER XENOGLOSSIA OP2 - 残酷よ希望となれ (FLAC),,2007,RAR,,/00-偶像大师 ALL IN ONE/1-765AS/本家CD/[00B] 动画相关/[06] THE iDOLM@STER XENOGLOSSIA/[2007.08.08] iDOLM@STER XENOGLOSSIA OP2 - 残酷よ希望となれ (FLAC).rar,,imas,永久,待分享,,720
resource-d9c149759aaa,765AS,CD,[06] THE iDOLM@STER XENOGLOSSIA,[2007.08.22] iDOLM@STER XENOGLOSSIA キャラクターアルバムvol.1『熱唱！サンライズ巨大ロボットアニメソング無敵』 (FLAC),,2007,RAR,,/00-偶像大师 ALL IN ONE/1-765AS/本家CD/[00B] 动画相关/[06] THE iDOLM@STER XENOGLOSSIA/[2007.08.22] iDOLM@STER XENOGLOSSIA キャラクターアルバムvol.1『熱唱！サンライズ巨大ロボットアニメソング無敵』 (FLAC).rar,,imas,永久,待分享,,730
resource-90a9720fa623,765AS,CD,[06] THE iDOLM@STER XENOGLOSSIA,[2007.09.05] iDOLM@STER XENOGLOSSIA Original Soundtrack Vol.2 - NUBILUM (FLAC),,2007,RAR,,/00-偶像大师 ALL IN ONE/1-765AS/本家CD/[00B] 动画相关/[06] THE iDOLM@STER XENOGLOSSIA/[2007.09.05] iDOLM@STER XENOGLOSSIA Original Soundtrack Vol.2 - NUBILUM (FLAC).rar,,imas,永久,待分享,,740
resource-f1bec5ef39e1,765AS,CD,[06] THE iDOLM@STER XENOGLOSSIA,[2007.10.10] iDOLM@STER XENOGLOSSIA キャラクターアルバムvol.2『熱唱！サンライズ巨大ロボットアニメソング嵐』 (FLAC),,2007,RAR,,/00-偶像大师 ALL IN ONE/1-765AS/本家CD/[00B] 动画相关/[06] THE iDOLM@STER XENOGLOSSIA/[2007.10.10] iDOLM@STER XENOGLOSSIA キャラクターアルバムvol.2『熱唱！サンライズ巨大ロボットアニメソング嵐』 (FLAC).rar,,imas,永久,待分享,,750
resource-7d9987e1678e,765AS,CD,[06] THE iDOLM@STER XENOGLOSSIA,[2007.11.07] iDOLM@STER XENOGLOSSIA Drama CD Vol 3 『週間アイドルマスター』 (FLAC),,2007,RAR,,/00-偶像大师 ALL IN ONE/1-765AS/本家CD/[00B] 动画相关/[06] THE iDOLM@STER XENOGLOSSIA/[2007.11.07] iDOLM@STER XENOGLOSSIA Drama CD Vol 3 『週間アイドルマスター』 (FLAC).rar,,imas,永久,待分享,,760
resource-18032e6c5b8f,765AS,CD,[06] THE iDOLM@STER XENOGLOSSIA,[2008.02.06] iDOLM@STER XENOGLOSSIA Best Collection (FLAC),,2008,RAR,,/00-偶像大师 ALL IN ONE/1-765AS/本家CD/[00B] 动画相关/[06] THE iDOLM@STER XENOGLOSSIA/[2008.02.06] iDOLM@STER XENOGLOSSIA Best Collection (FLAC).rar,,imas,永久,待分享,,770
resource-0995ff601acd,765AS,CD,[07] Puchimasu! PETIT IDOLM@STER Drama CD,[2011.04.27] ドラマCD ぷちます！-PETIT iDOLM@STER- 1 (FLAC),,2011,RAR,,/00-偶像大师 ALL IN ONE/1-765AS/本家CD/[00B] 动画相关/[07] Puchimasu! PETIT IDOLM@STER Drama CD/[2011.04.27] ドラマCD ぷちます！-PETIT iDOLM@STER- 1 (FLAC).rar,,imas,永久,待分享,,780
resource-1f67f7cc209f,765AS,CD,[07] Puchimasu! PETIT IDOLM@STER Drama CD,[2011.07.27] ドラマCD ぷちます！-PETIT iDOLM@STER- 2 (FLAC),,2011,RAR,,/00-偶像大师 ALL IN ONE/1-765AS/本家CD/[00B] 动画相关/[07] Puchimasu! PETIT IDOLM@STER Drama CD/[2011.07.27] ドラマCD ぷちます！-PETIT iDOLM@STER- 2 (FLAC).rar,,imas,永久,待分享,,790
resource-3b43f6c53434,765AS,CD,[07] Puchimasu! PETIT IDOLM@STER Drama CD,2011.07.27 [N／A] ぷちます! PETIT iDOLM@STER ドラマCDおためしばん!,,2011,RAR,,/00-偶像大师 ALL IN ONE/1-765AS/本家CD/[00B] 动画相关/[07] Puchimasu! PETIT IDOLM@STER Drama CD/2011.07.27 [N／A] ぷちます! PETIT iDOLM@STER ドラマCDおためしばん!.rar,,imas,永久,待分享,,800
resource-5051918ccbf9,765AS,CD,[07] Puchimasu! PETIT IDOLM@STER Drama CD,2011.11.00 [PTMS-P01] Puchimasu! Drama CD Rendoukou New Campaign CD,,2011,RAR,,/00-偶像大师 ALL IN ONE/1-765AS/本家CD/[00B] 动画相关/[07] Puchimasu! PETIT IDOLM@STER Drama CD/2011.11.00 [PTMS-P01] Puchimasu! Drama CD Rendoukou New Campaign CD.rar,,imas,永久,待分享,,810
resource-a1929a3dc5ec,765AS,CD,[08] ぷちます！ Twelve Seasons!,PETIT IDOLM@STER Twelve Seasons! Vol.1 四条貴音&たかにゃ,,,RAR,,/00-偶像大师 ALL IN ONE/1-765AS/本家CD/[00B] 动画相关/[08] ぷちます！ Twelve Seasons!/PETIT IDOLM@STER Twelve Seasons! Vol.1 四条貴音&たかにゃ.rar,,imas,永久,待分享,,820
resource-c7cf33b27225,765AS,CD,[08] ぷちます！ Twelve Seasons!,PETIT IDOLM@STER Twelve Seasons! Vol.2 如月千早&ちひゃー,,,RAR,,/00-偶像大师 ALL IN ONE/1-765AS/本家CD/[00B] 动画相关/[08] ぷちます！ Twelve Seasons!/PETIT IDOLM@STER Twelve Seasons! Vol.2 如月千早&ちひゃー.rar,,imas,永久,待分享,,830
resource-42ee2cebad30,765AS,CD,[08] ぷちます！ Twelve Seasons!,PETIT IDOLM@STER Twelve Seasons! Vol.3 高槻やよい&やよ,,,RAR,,/00-偶像大师 ALL IN ONE/1-765AS/本家CD/[00B] 动画相关/[08] ぷちます！ Twelve Seasons!/PETIT IDOLM@STER Twelve Seasons! Vol.3 高槻やよい&やよ.rar,,imas,永久,待分享,,840
resource-ce2f08a2dc84,765AS,CD,[08] ぷちます！ Twelve Seasons!,PETIT IDOLM@STER Twelve Seasons! Vol.4 天海春香&はるかさん,,,RAR,,/00-偶像大师 ALL IN ONE/1-765AS/本家CD/[00B] 动画相关/[08] ぷちます！ Twelve Seasons!/PETIT IDOLM@STER Twelve Seasons! Vol.4 天海春香&はるかさん.rar,,imas,永久,待分享,,850
resource-319996a43b2e,765AS,CD,[08] ぷちます！ Twelve Seasons!,PETIT IDOLM@STER Twelve Seasons! Vol.5 双海亜美・真美 & こあみ・こまみ,,,RAR,,/00-偶像大师 ALL IN ONE/1-765AS/本家CD/[00B] 动画相关/[08] ぷちます！ Twelve Seasons!/PETIT IDOLM@STER Twelve Seasons! Vol.5 双海亜美・真美 & こあみ・こまみ.rar,,imas,永久,待分享,,860
resource-fef28fbda14e,765AS,CD,[08] ぷちます！ Twelve Seasons!,PETIT IDOLM@STER Twelve Seasons! Vol.6 秋月律子&ちっちゃん,,,RAR,,/00-偶像大师 ALL IN ONE/1-765AS/本家CD/[00B] 动画相关/[08] ぷちます！ Twelve Seasons!/PETIT IDOLM@STER Twelve Seasons! Vol.6 秋月律子&ちっちゃん.rar,,imas,永久,待分享,,870
resource-91926cc5e6ee,765AS,CD,[08] ぷちます！ Twelve Seasons!,PETIT IDOLM@STER Twelve Seasons! Vol.7 三浦あずさ & みうらさん,,,RAR,,/00-偶像大师 ALL IN ONE/1-765AS/本家CD/[00B] 动画相关/[08] ぷちます！ Twelve Seasons!/PETIT IDOLM@STER Twelve Seasons! Vol.7 三浦あずさ & みうらさん.rar,,imas,永久,待分享,,880
resource-b444c9943728,765AS,CD,[08] ぷちます！ Twelve Seasons!,PETIT IDOLM@STER Twelve Seasons! Vol.8 菊地真&まこちー,,,RAR,,/00-偶像大师 ALL IN ONE/1-765AS/本家CD/[00B] 动画相关/[08] ぷちます！ Twelve Seasons!/PETIT IDOLM@STER Twelve Seasons! Vol.8 菊地真&まこちー.rar,,imas,永久,待分享,,890
resource-d5f99eb4e769,765AS,CD,[08] ぷちます！ Twelve Seasons!,PETIT IDOLM@STER Twelve Seasons! Vol.9 水濑伊织&いお,,,RAR,,/00-偶像大师 ALL IN ONE/1-765AS/本家CD/[00B] 动画相关/[08] ぷちます！ Twelve Seasons!/PETIT IDOLM@STER Twelve Seasons! Vol.9 水濑伊织&いお.rar,,imas,永久,待分享,,900
resource-77b40901ac19,765AS,CD,[08] ぷちます！ Twelve Seasons!,PETIT IDOLM@STER Twelve Seasons! Vol.10 我那覇響&ちびき,,,RAR,,/00-偶像大师 ALL IN ONE/1-765AS/本家CD/[00B] 动画相关/[08] ぷちます！ Twelve Seasons!/PETIT IDOLM@STER Twelve Seasons! Vol.10 我那覇響&ちびき.rar,,imas,永久,待分享,,910
resource-a495b15ea157,765AS,CD,[08] ぷちます！ Twelve Seasons!,PETIT IDOLM@STER Twelve Seasons! Vol.11 星井美希&あふぅ,,,RAR,,/00-偶像大师 ALL IN ONE/1-765AS/本家CD/[00B] 动画相关/[08] ぷちます！ Twelve Seasons!/PETIT IDOLM@STER Twelve Seasons! Vol.11 星井美希&あふぅ.rar,,imas,永久,待分享,,920
resource-af542f629b85,765AS,CD,[08] ぷちます！ Twelve Seasons!,PETIT IDOLM@STER Twelve Seasons! Vol.12 萩原雪歩&ゆきぽ,,,RAR,,/00-偶像大师 ALL IN ONE/1-765AS/本家CD/[00B] 动画相关/[08] ぷちます！ Twelve Seasons!/PETIT IDOLM@STER Twelve Seasons! Vol.12 萩原雪歩&ゆきぽ.rar,,imas,永久,待分享,,930
resource-a8478c543c27,765AS,CD,[09] ぷちます！ Twelve Campaigns!,PETIT IDOLM@STER Twelve Campaigns! Vol.1 高槻やよい&やよ+水瀬伊织&いお,,,RAR,,/00-偶像大师 ALL IN ONE/1-765AS/本家CD/[00B] 动画相关/[09] ぷちます！ Twelve Campaigns!/PETIT IDOLM@STER Twelve Campaigns! Vol.1 高槻やよい&やよ+水瀬伊织&いお.rar,,imas,永久,待分享,,940
resource-448bf7edbc11,765AS,CD,[09] ぷちます！ Twelve Campaigns!,PETIT IDOLM@STER Twelve Campaigns! Vol.2 四条貴音&たかにゃ + 我那覇響&ちびき,,,RAR,,/00-偶像大师 ALL IN ONE/1-765AS/本家CD/[00B] 动画相关/[09] ぷちます！ Twelve Campaigns!/PETIT IDOLM@STER Twelve Campaigns! Vol.2 四条貴音&たかにゃ + 我那覇響&ちびき.rar,,imas,永久,待分享,,950
resource-a97cd793be1e,765AS,CD,[09] ぷちます！ Twelve Campaigns!,PETIT IDOLM@STER Twelve Campaigns! Vol.3 秋月律子&ちっちゃん + 天海春香&はるかさん,,,RAR,,/00-偶像大师 ALL IN ONE/1-765AS/本家CD/[00B] 动画相关/[09] ぷちます！ Twelve Campaigns!/PETIT IDOLM@STER Twelve Campaigns! Vol.3 秋月律子&ちっちゃん + 天海春香&はるかさん.rar,,imas,永久,待分享,,960
resource-0dc73a1fb463,765AS,CD,[09] ぷちます！ Twelve Campaigns!,PETIT IDOLM@STER Twelve Campaigns! Vol.4 如月千早&ちひゃー + 菊地真&まこちー,,,RAR,,/00-偶像大师 ALL IN ONE/1-765AS/本家CD/[00B] 动画相关/[09] ぷちます！ Twelve Campaigns!/PETIT IDOLM@STER Twelve Campaigns! Vol.4 如月千早&ちひゃー + 菊地真&まこちー.rar,,imas,永久,待分享,,970
resource-d3e353f30b7b,765AS,CD,[09] ぷちます！ Twelve Campaigns!,PETIT IDOLM@STER Twelve Campaigns! Vol.5 萩原雪歩&ゆきぽ + 星井美希&あふぅ,,,RAR,,/00-偶像大师 ALL IN ONE/1-765AS/本家CD/[00B] 动画相关/[09] ぷちます！ Twelve Campaigns!/PETIT IDOLM@STER Twelve Campaigns! Vol.5 萩原雪歩&ゆきぽ + 星井美希&あふぅ.rar,,imas,永久,待分享,,980
resource-072ad39fe309,765AS,CD,[09] ぷちます！ Twelve Campaigns!,PETIT IDOLM@STER Twelve Campaigns! Vol.6 双海亜美・真美 & こあみ・こまみ + 三浦あずさ & みうらさん,,,RAR,,/00-偶像大师 ALL IN ONE/1-765AS/本家CD/[00B] 动画相关/[09] ぷちます！ Twelve Campaigns!/PETIT IDOLM@STER Twelve Campaigns! Vol.6 双海亜美・真美 & こあみ・こまみ + 三浦あずさ & みうらさん.rar,,imas,永久,待分享,,990
resource-dcf2c513d5b3,765AS,CD,[09] ぷちます！ Twelve Campaigns!,オハヨ○サンシャイン&ハローxランチタイム&グッナイ☆スターズ,,,RAR,,/00-偶像大师 ALL IN ONE/1-765AS/本家CD/[00B] 动画相关/[09] ぷちます！ Twelve Campaigns!/オハヨ○サンシャイン&ハローxランチタイム&グッナイ☆スターズ.rar,,imas,永久,待分享,,1000
resource-725f561ffb82,765AS,CD,[10] 迷你偶像其他,[2012.11] 765PRO ALLSTARS featuring ぷちどる「ら♪ら♪ら♪わんだぁらんど」,,2012,RAR,,/00-偶像大师 ALL IN ONE/1-765AS/本家CD/[00B] 动画相关/[10] 迷你偶像其他/[2012.11] 765PRO ALLSTARS featuring ぷちどる「ら♪ら♪ら♪わんだぁらんど」.rar,,imas,永久,待分享,,1010
resource-81faca47c03d,765AS,CD,[10] 迷你偶像其他,[2014.04.18] PETIT IDOLM@STER KANSHASAI -SPECIAL CD-,,2014,RAR,,/00-偶像大师 ALL IN ONE/1-765AS/本家CD/[00B] 动画相关/[10] 迷你偶像其他/[2014.04.18] PETIT IDOLM@STER KANSHASAI -SPECIAL CD-.rar,,imas,永久,待分享,,1020
resource-2ec74ad370ee,765AS,CD,[10] 迷你偶像其他,[2014.05.28] ぷちます!! エンディングマキシシングル,,2014,RAR,,/00-偶像大师 ALL IN ONE/1-765AS/本家CD/[00B] 动画相关/[10] 迷你偶像其他/[2014.05.28] ぷちます!! エンディングマキシシングル.rar,,imas,永久,待分享,,1030
resource-a303e37db84e,765AS,CD,[10] 迷你偶像其他,2013.03.27 [MFXT-0010CD] PETIT iDOLM@STER COLLECTORS EDITION VOL.1 CD SPECIAL DISC,,2013,RAR,,/00-偶像大师 ALL IN ONE/1-765AS/本家CD/[00B] 动画相关/[10] 迷你偶像其他/2013.03.27 [MFXT-0010CD] PETIT iDOLM@STER COLLECTORS EDITION VOL.1 CD SPECIAL DISC.rar,,imas,永久,待分享,,1040
resource-8be46cf85ddc,765AS,CD,[10] 迷你偶像其他,2013.04.24 [MFXT-0011CD] PETIT iDOLM@STER COLLECTORS EDITION VOL.2 CD SPECIAL DISC,,2013,RAR,,/00-偶像大师 ALL IN ONE/1-765AS/本家CD/[00B] 动画相关/[10] 迷你偶像其他/2013.04.24 [MFXT-0011CD] PETIT iDOLM@STER COLLECTORS EDITION VOL.2 CD SPECIAL DISC.rar,,imas,永久,待分享,,1050
resource-ab78b5ea7cc9,765AS,CD,[10] 迷你偶像其他,2013.05.29 [MFXT-0012CD] PETIT iDOLM@STER COLLECTORS EDITION VOL.3 CD SPECIAL DISC,,2013,RAR,,/00-偶像大师 ALL IN ONE/1-765AS/本家CD/[00B] 动画相关/[10] 迷你偶像其他/2013.05.29 [MFXT-0012CD] PETIT iDOLM@STER COLLECTORS EDITION VOL.3 CD SPECIAL DISC.rar,,imas,永久,待分享,,1060
resource-245a1c45a462,765AS,CD,[10] 迷你偶像其他,2014.05.28 [PUCHI-201SC] PETIT PETIT iDOLM@STER VOL.1 SPECIAL CD,,2014,RAR,,/00-偶像大师 ALL IN ONE/1-765AS/本家CD/[00B] 动画相关/[10] 迷你偶像其他/2014.05.28 [PUCHI-201SC] PETIT PETIT iDOLM@STER VOL.1 SPECIAL CD.rar,,imas,永久,待分享,,1070
resource-0e7b21a34c54,765AS,CD,[10] 迷你偶像其他,2014.06.25 [PUCHI-202SC] PETIT PETIT IDOLM@STER VOL.2 SPECIAL CD,,2014,RAR,,/00-偶像大师 ALL IN ONE/1-765AS/本家CD/[00B] 动画相关/[10] 迷你偶像其他/2014.06.25 [PUCHI-202SC] PETIT PETIT IDOLM@STER VOL.2 SPECIAL CD.rar,,imas,永久,待分享,,1080
resource-344304162ff5,765AS,CD,[10] 迷你偶像其他,2014.07.30 [PUCHI-203SC] PETIT PETIT iDOLM@STER VOL.3 SPECIAL CD,,2014,RAR,,/00-偶像大师 ALL IN ONE/1-765AS/本家CD/[00B] 动画相关/[10] 迷你偶像其他/2014.07.30 [PUCHI-203SC] PETIT PETIT iDOLM@STER VOL.3 SPECIAL CD.rar,,imas,永久,待分享,,1090
resource-b84f0312f475,765AS,CD,[01] 偶像大师RADIO,[2006.09.27] THE IDOLM@STER RADIO 歌姫楽園,,2006,RAR,,/00-偶像大师 ALL IN ONE/1-765AS/本家CD/[00C] 电台相关/[01] 偶像大师RADIO/[2006.09.27] THE IDOLM@STER RADIO 歌姫楽園.rar,,imas,永久,待分享,,1100
resource-4605835dfb6a,765AS,CD,[01] 偶像大师RADIO,[2007.05.30] THE IDOLM@STER RADIO TOP×TOP!,,2007,RAR,,/00-偶像大师 ALL IN ONE/1-765AS/本家CD/[00C] 电台相关/[01] 偶像大师RADIO/[2007.05.30] THE IDOLM@STER RADIO TOP×TOP!.rar,,imas,永久,待分享,,1110
resource-4d92bc2d0888,765AS,CD,[01] 偶像大师RADIO,[2008.04.02] THE IDOLM@STER RADIO VOCAL MASTER,,2008,RAR,,/00-偶像大师 ALL IN ONE/1-765AS/本家CD/[00C] 电台相关/[01] 偶像大师RADIO/[2008.04.02] THE IDOLM@STER RADIO VOCAL MASTER.rar,,imas,永久,待分享,,1120
resource-5f40ad2b3e0d,765AS,CD,[01] 偶像大师RADIO,[2008.06.04] THE IDOLM@STER RADIO COLORFUL MEMORIES,,2008,RAR,,/00-偶像大师 ALL IN ONE/1-765AS/本家CD/[00C] 电台相关/[01] 偶像大师RADIO/[2008.06.04] THE IDOLM@STER RADIO COLORFUL MEMORIES.rar,,imas,永久,待分享,,1130
resource-6181d9787f91,765AS,CD,[01] 偶像大师RADIO,[2009.03.25] THE IDOLM@STER RADIO 歌道場,,2009,RAR,,/00-偶像大师 ALL IN ONE/1-765AS/本家CD/[00C] 电台相关/[01] 偶像大师RADIO/[2009.03.25] THE IDOLM@STER RADIO 歌道場.rar,,imas,永久,待分享,,1140
resource-048b4d32511b,765AS,CD,[01] 偶像大师RADIO,[2009.07.15] THE IDOLM@STER RADIO LONG TIME,,2009,RAR,,/00-偶像大师 ALL IN ONE/1-765AS/本家CD/[00C] 电台相关/[01] 偶像大师RADIO/[2009.07.15] THE IDOLM@STER RADIO LONG TIME.rar,,imas,永久,待分享,,1150
resource-b128ae7b135c,765AS,CD,[02] DJCD Radio de iM@SHOW!,[2006.08.11] THE iDOLM@STER DJCD ラジオdeアイマSHOW! SHINING STAR★彡 (FLAC),,2006,RAR,,/00-偶像大师 ALL IN ONE/1-765AS/本家CD/[00C] 电台相关/[02] DJCD Radio de iM@SHOW!/[2006.08.11] THE iDOLM@STER DJCD ラジオdeアイマSHOW! SHINING STAR★彡 (FLAC).rar,,imas,永久,待分享,,1160
resource-3e139101c97f,765AS,CD,[02] DJCD Radio de iM@SHOW!,[2006.09.22] THE iDOLM@STER DJCD ラジオdeアイマSHOW! Volume 1 (FLAC),,2006,RAR,,/00-偶像大师 ALL IN ONE/1-765AS/本家CD/[00C] 电台相关/[02] DJCD Radio de iM@SHOW!/[2006.09.22] THE iDOLM@STER DJCD ラジオdeアイマSHOW! Volume 1 (FLAC).rar,,imas,永久,待分享,,1170
resource-5817b8a13074,765AS,CD,[02] DJCD Radio de iM@SHOW!,[2006.10.25] THE iDOLM@STER DJCD ラジオdeアイマSHOW! Volume 2 (FLAC),,2006,RAR,,/00-偶像大师 ALL IN ONE/1-765AS/本家CD/[00C] 电台相关/[02] DJCD Radio de iM@SHOW!/[2006.10.25] THE iDOLM@STER DJCD ラジオdeアイマSHOW! Volume 2 (FLAC).rar,,imas,永久,待分享,,1180
resource-c2edce35d236,765AS,CD,[02] DJCD Radio de iM@SHOW!,[2006.11] THE iDOLM@STER DJCD ラジオdeアイマSHOW! Premium CD (FLAC),,2006,RAR,,/00-偶像大师 ALL IN ONE/1-765AS/本家CD/[00C] 电台相关/[02] DJCD Radio de iM@SHOW!/[2006.11] THE iDOLM@STER DJCD ラジオdeアイマSHOW! Premium CD (FLAC).rar,,imas,永久,待分享,,1190
resource-05554a75a2ee,765AS,CD,[02] DJCD Radio de iM@SHOW!,[2006.12.29] THE iDOLM@STER DJCD ラジオdeアイマSHOW! 出張版 ～コミックマーケット71であなたとEngage!～ (FLAC),,2006,RAR,,/00-偶像大师 ALL IN ONE/1-765AS/本家CD/[00C] 电台相关/[02] DJCD Radio de iM@SHOW!/[2006.12.29] THE iDOLM@STER DJCD ラジオdeアイマSHOW! 出張版 ～コミックマーケット71であなたとEngage!～ (FLAC).rar,,imas,永久,待分享,,1200
resource-d41d6523a7b6,765AS,CD,[02] DJCD Radio de iM@SHOW!,[2007.03.21] THE iDOLM@STER DJCD ラジオdeアイマSHOW! Volume 3 (FLAC),,2007,RAR,,/00-偶像大师 ALL IN ONE/1-765AS/本家CD/[00C] 电台相关/[02] DJCD Radio de iM@SHOW!/[2007.03.21] THE iDOLM@STER DJCD ラジオdeアイマSHOW! Volume 3 (FLAC).rar,,imas,永久,待分享,,1210
resource-180a190e536b,765AS,CD,[02] DJCD Radio de iM@SHOW!,[2007.04.25] THE iDOLM@STER DJCD ラジオdeアイマSHOW! Volume 4 (FLAC),,2007,RAR,,/00-偶像大师 ALL IN ONE/1-765AS/本家CD/[00C] 电台相关/[02] DJCD Radio de iM@SHOW!/[2007.04.25] THE iDOLM@STER DJCD ラジオdeアイマSHOW! Volume 4 (FLAC).rar,,imas,永久,待分享,,1220
resource-92d360f6a2be,765AS,CD,[02] DJCD Radio de iM@SHOW!,[2007.08.17] THE iDOLM@STER DJCD ラジオdeアイマSHOW! 2007年夏の感謝祭特別編！と言っておけばいいんじゃない？ (FLAC),,2007,RAR,,/00-偶像大师 ALL IN ONE/1-765AS/本家CD/[00C] 电台相关/[02] DJCD Radio de iM@SHOW!/[2007.08.17] THE iDOLM@STER DJCD ラジオdeアイマSHOW! 2007年夏の感謝祭特別編！と言っておけばいいんじゃない？ (FLAC).rar,,imas,永久,待分享,,1230
resource-94b6550cf66b,765AS,CD,[02] DJCD Radio de iM@SHOW!,[2007.10.24] THE iDOLM@STER DJCD ラジオdeアイマSHOW! Volume 4.5 (FLAC),,2007,RAR,,/00-偶像大师 ALL IN ONE/1-765AS/本家CD/[00C] 电台相关/[02] DJCD Radio de iM@SHOW!/[2007.10.24] THE iDOLM@STER DJCD ラジオdeアイマSHOW! Volume 4.5 (FLAC).rar,,imas,永久,待分享,,1240
resource-967570eaa35c,765AS,CD,[02] DJCD Radio de iM@SHOW!,[2007.12.21] THE iDOLM@STER DJCD ラジオdeアイマSHOW! Volume 5 (FLAC),,2007,RAR,,/00-偶像大师 ALL IN ONE/1-765AS/本家CD/[00C] 电台相关/[02] DJCD Radio de iM@SHOW!/[2007.12.21] THE iDOLM@STER DJCD ラジオdeアイマSHOW! Volume 5 (FLAC).rar,,imas,永久,待分享,,1250
resource-a49aed078928,765AS,CD,[03] DJCD THE IDOLM@STER Radio For You!,[2007.12.29] THE iDOLM@STER DJCD Radio For You! Volume 0 (FLAC),,2007,RAR,,/00-偶像大师 ALL IN ONE/1-765AS/本家CD/[00C] 电台相关/[03] DJCD THE IDOLM@STER Radio For You!/[2007.12.29] THE iDOLM@STER DJCD Radio For You! Volume 0 (FLAC).rar,,imas,永久,待分享,,1260
resource-93bfcc09c76c,765AS,CD,[03] DJCD THE IDOLM@STER Radio For You!,[2008.04.23] THE iDOLM@STER DJCD Radio For You! 結納～you-i know～ (FLAC),,2008,RAR,,/00-偶像大师 ALL IN ONE/1-765AS/本家CD/[00C] 电台相关/[03] DJCD THE IDOLM@STER Radio For You!/[2008.04.23] THE iDOLM@STER DJCD Radio For You! 結納～you-i know～ (FLAC).rar,,imas,永久,待分享,,1270
resource-5e1f317e70cb,765AS,CD,[03] DJCD THE IDOLM@STER Radio For You!,[2008.04.23] THE iDOLM@STER DJCD Radio For You! Volume 1 (FLAC),,2008,RAR,,/00-偶像大师 ALL IN ONE/1-765AS/本家CD/[00C] 电台相关/[03] DJCD THE IDOLM@STER Radio For You!/[2008.04.23] THE iDOLM@STER DJCD Radio For You! Volume 1 (FLAC).rar,,imas,永久,待分享,,1280
resource-944c0bcceb73,765AS,CD,[03] DJCD THE IDOLM@STER Radio For You!,[2008.08.15] THE iDOLM@STER DJCD Radio For You! EXTRA KOTORIMIX (FLAC),,2008,RAR,,/00-偶像大师 ALL IN ONE/1-765AS/本家CD/[00C] 电台相关/[03] DJCD THE IDOLM@STER Radio For You!/[2008.08.15] THE iDOLM@STER DJCD Radio For You! EXTRA KOTORIMIX (FLAC).rar,,imas,永久,待分享,,1290
resource-2461a6083d53,765AS,CD,[03] DJCD THE IDOLM@STER Radio For You!,[2008.09.25] THE iDOLM@STER DJCD Radio For You! Volume 2 (FLAC),,2008,RAR,,/00-偶像大师 ALL IN ONE/1-765AS/本家CD/[00C] 电台相关/[03] DJCD THE IDOLM@STER Radio For You!/[2008.09.25] THE iDOLM@STER DJCD Radio For You! Volume 2 (FLAC).rar,,imas,永久,待分享,,1300
resource-9d2825c22bf5,765AS,CD,[03] DJCD THE IDOLM@STER Radio For You!,[2008.10.24] THE iDOLM@STER DJCD Radio For You! Radio For 結～you-i～ (FLAC),,2008,RAR,,/00-偶像大师 ALL IN ONE/1-765AS/本家CD/[00C] 电台相关/[03] DJCD THE IDOLM@STER Radio For You!/[2008.10.24] THE iDOLM@STER DJCD Radio For You! Radio For 結～you-i～ (FLAC).rar,,imas,永久,待分享,,1310
resource-cb7b0a28bd7b,765AS,CD,[04] DJCD THE IDOLM@STER P.S.Producer,[2008.12.28] THE iDOLM@STER DJCD P.S.プロデューサー DJCD EXTRA PR For You! (FLAC),,2008,RAR,,/00-偶像大师 ALL IN ONE/1-765AS/本家CD/[00C] 电台相关/[04] DJCD THE IDOLM@STER P.S.Producer/[2008.12.28] THE iDOLM@STER DJCD P.S.プロデューサー DJCD EXTRA PR For You! (FLAC).rar,,imas,永久,待分享,,1320
resource-7c6fe198e3d6,765AS,CD,[04] DJCD THE IDOLM@STER P.S.Producer,[2009.04.24] THE iDOLM@STER DJCD P.S.プロデューサー Volume 1 (FLAC),,2009,RAR,,/00-偶像大师 ALL IN ONE/1-765AS/本家CD/[00C] 电台相关/[04] DJCD THE IDOLM@STER P.S.Producer/[2009.04.24] THE iDOLM@STER DJCD P.S.プロデューサー Volume 1 (FLAC).rar,,imas,永久,待分享,,1330
resource-be3d6441fee8,765AS,CD,[05] STATION!!!,[2010.03.24] THE iDOLM@STER STATION!!! FIRST TRAVEL (FLAC),,2010,RAR,,/00-偶像大师 ALL IN ONE/1-765AS/本家CD/[00C] 电台相关/[05] STATION!!!/[2010.03.24] THE iDOLM@STER STATION!!! FIRST TRAVEL (FLAC).rar,,imas,永久,待分享,,1340
resource-7225ed3a0104,765AS,CD,[05] STATION!!!,[2010.03.24] THE iDOLM@STER STATION!!! FIRST TRAVEL (FLAC)(1),,2010,RAR,,/00-偶像大师 ALL IN ONE/1-765AS/本家CD/[00C] 电台相关/[05] STATION!!!/[2010.03.24] THE iDOLM@STER STATION!!! FIRST TRAVEL (FLAC)(1).rar,,imas,永久,待分享,,1350
resource-eb93c15c6888,765AS,CD,[05] STATION!!!,[2010.06.30] THE iDOLM@STER STATION!!! SECOND TRAVEL ~Seaside Date~ (FLAC),,2010,RAR,,/00-偶像大师 ALL IN ONE/1-765AS/本家CD/[00C] 电台相关/[05] STATION!!!/[2010.06.30] THE iDOLM@STER STATION!!! SECOND TRAVEL ~Seaside Date~ (FLAC).rar,,imas,永久,待分享,,1360
resource-2977ff78f29a,765AS,CD,[05] STATION!!!,[2011.04.13] THE iDOLM@STER STATION!!! THIRD TRAVEL WANTED!! (FLAC),,2011,RAR,,/00-偶像大师 ALL IN ONE/1-765AS/本家CD/[00C] 电台相关/[05] STATION!!!/[2011.04.13] THE iDOLM@STER STATION!!! THIRD TRAVEL WANTED!! (FLAC).rar,,imas,永久,待分享,,1370
resource-4a5bd55d8ffc,765AS,CD,[05] STATION!!!,[2012.12.12] THE iDOLM@STER STATION!!! Amazing grace (FLAC),,2012,RAR,,/00-偶像大师 ALL IN ONE/1-765AS/本家CD/[00C] 电台相关/[05] STATION!!!/[2012.12.12] THE iDOLM@STER STATION!!! Amazing grace (FLAC).rar,,imas,永久,待分享,,1380
resource-dae9a894cb74,765AS,CD,[05] STATION!!!,[2013.07.17] THE iDOLM@STER STATION!!! FAVORITE TALKS (WAV CUE),,2013,RAR,,/00-偶像大师 ALL IN ONE/1-765AS/本家CD/[00C] 电台相关/[05] STATION!!!/[2013.07.17] THE iDOLM@STER STATION!!! FAVORITE TALKS (WAV CUE).rar,,imas,永久,待分享,,1390
resource-e8a3a7d409eb,765AS,CD,[05] STATION!!!,[2014.10.01] THE IDOLM@STER STATION!!+ Monday Night Fever☆,,2014,RAR,,/00-偶像大师 ALL IN ONE/1-765AS/本家CD/[00C] 电台相关/[05] STATION!!!/[2014.10.01] THE IDOLM@STER STATION!!+ Monday Night Fever☆.rar,,imas,永久,待分享,,1400
resource-1a73a904b6ac,765AS,CD,[05] STATION!!!,THE iDOLM@STER STATION!!! Long Travel -Complete Edition- (2019) [FLAC],,,RAR,,/00-偶像大师 ALL IN ONE/1-765AS/本家CD/[00C] 电台相关/[05] STATION!!!/THE iDOLM@STER STATION!!! Long Travel -Complete Edition- (2019) [FLAC].rar,,imas,永久,待分享,,1410
resource-4a3da76e7b96,765AS,CD,[06] DJCD Radio de iM@STAR☆,[2010.09.08] THE iDOLM@STER DJCD ラジオdeアイマSTAR☆ Summer Stage 2010 (FLAC),,2010,RAR,,/00-偶像大师 ALL IN ONE/1-765AS/本家CD/[00C] 电台相关/[06] DJCD Radio de iM@STAR☆/[2010.09.08] THE iDOLM@STER DJCD ラジオdeアイマSTAR☆ Summer Stage 2010 (FLAC).rar,,imas,永久,待分享,,1420
resource-e7c9a70d7853,765AS,CD,[07] Radio iM@STUDIO,[2012.11.14] THE iDOLM@STER アイマスタジオテーマソング「アエイウエオア！」 (WAV),,2012,RAR,,/00-偶像大师 ALL IN ONE/1-765AS/本家CD/[00C] 电台相关/[07] Radio iM@STUDIO/[2012.11.14] THE iDOLM@STER アイマスタジオテーマソング「アエイウエオア！」 (WAV).rar,,imas,永久,待分享,,1430
resource-6efbe899543e,765AS,CD,[07] Radio iM@STUDIO,[2012.12.29] アイマスタジオ DREAMセット 春香&千早 録りおろしラジオCD (WAV),,2012,RAR,,/00-偶像大师 ALL IN ONE/1-765AS/本家CD/[00C] 电台相关/[07] Radio iM@STUDIO/[2012.12.29] アイマスタジオ DREAMセット 春香&千早 録りおろしラジオCD (WAV).rar,,imas,永久,待分享,,1440
resource-d4a9e2b1e197,765AS,CD,[07] Radio iM@STUDIO,[2013.04.13] iM@STUDIO 春のPHAMPHLET祭り パンフレット 特典録りおろしラジオCD (WAV),,2013,RAR,,/00-偶像大师 ALL IN ONE/1-765AS/本家CD/[00C] 电台相关/[07] Radio iM@STUDIO/[2013.04.13] iM@STUDIO 春のPHAMPHLET祭り パンフレット 特典録りおろしラジオCD (WAV).rar,,imas,永久,待分享,,1450
resource-e658f751b1e0,765AS,CD,[00D] 漫画相关,2008.02.09 [REX-081] THE iDOLM@STER relations ① 初回限定版 特典ドラマCD 対決!アイドルファイトクラブ,,2008,RAR,,/00-偶像大师 ALL IN ONE/1-765AS/本家CD/[00D] 漫画相关/2008.02.09 [REX-081] THE iDOLM@STER relations ① 初回限定版 特典ドラマCD 対決!アイドルファイトクラブ.rar,,imas,永久,待分享,,1460
resource-616b975537bb,765AS,CD,[00D] 漫画相关,2009.10.02 [GES-14251] THE iDOLM@STER Break! 2nd KC PREMIUM ver. SPECIAL CD,,2009,RAR,,/00-偶像大师 ALL IN ONE/1-765AS/本家CD/[00D] 漫画相关/2009.10.02 [GES-14251] THE iDOLM@STER Break! 2nd KC PREMIUM ver. SPECIAL CD.rar,,imas,永久,待分享,,1470
resource-6d17320c1eaf,765AS,CD,[00D] 漫画相关,2010.06.04 [GES-14360] THE iDOLM@STER Break! 3rd KC PREMIUM ver. SPECIAL CD,,2010,RAR,,/00-偶像大师 ALL IN ONE/1-765AS/本家CD/[00D] 漫画相关/2010.06.04 [GES-14360] THE iDOLM@STER Break! 3rd KC PREMIUM ver. SPECIAL CD.rar,,imas,永久,待分享,,1480
resource-00f5521e87c6,765AS,CD,[00D] 漫画相关,2011.03.04 [N／A] THE iDOLM@STER Break! 4th KC PREMIUM ver. SPECIAL CD,,2011,RAR,,/00-偶像大师 ALL IN ONE/1-765AS/本家CD/[00D] 漫画相关/2011.03.04 [N／A] THE iDOLM@STER Break! 4th KC PREMIUM ver. SPECIAL CD.rar,,imas,永久,待分享,,1490
resource-046a048a14b6,765AS,CD,[00D] 漫画相关,2011.07.27 [N／A] THE iDOLM@STER Innocent Blue for Dearly Stars ③ Drama CD／Limited Edition,,2011,RAR,,/00-偶像大师 ALL IN ONE/1-765AS/本家CD/[00D] 漫画相关/2011.07.27 [N／A] THE iDOLM@STER Innocent Blue for Dearly Stars ③ Drama CD／Limited Edition.rar,,imas,永久,待分享,,1500
resource-10d3fd729621,765AS,CD,[00D] 漫画相关,2011.07.27 [N／A] THE iDOLM@STER Neue Green for Dearly Stars ③ Drama CD／Limited Edition,,2011,RAR,,/00-偶像大师 ALL IN ONE/1-765AS/本家CD/[00D] 漫画相关/2011.07.27 [N／A] THE iDOLM@STER Neue Green for Dearly Stars ③ Drama CD／Limited Edition.rar,,imas,永久,待分享,,1510
resource-25df2ca630e9,765AS,CD,[00D] 漫画相关,2011.07.27 [N／A] THE iDOLM@STER Splash Red for Dearly Stars ③ Drama CD／Limited Edition,,2011,RAR,,/00-偶像大师 ALL IN ONE/1-765AS/本家CD/[00D] 漫画相关/2011.07.27 [N／A] THE iDOLM@STER Splash Red for Dearly Stars ③ Drama CD／Limited Edition.rar,,imas,永久,待分享,,1520
resource-f961e39de10c,765AS,CD,[00D] 漫画相关,2011.12.17 [AMW-IM] THE iDOLM@STER 2 眠り姫 ドラマCD,,2011,RAR,,/00-偶像大师 ALL IN ONE/1-765AS/本家CD/[00D] 漫画相关/2011.12.17 [AMW-IM] THE iDOLM@STER 2 眠り姫 ドラマCD.rar,,imas,永久,待分享,,1530
resource-701211068d9f,765AS,CD,[00D] 漫画相关,2013.03.27 [N／A] THE iDOLM@STER 1 特装版 Limited edition SPECIAL CD,,2013,RAR,,/00-偶像大师 ALL IN ONE/1-765AS/本家CD/[00D] 漫画相关/2013.03.27 [N／A] THE iDOLM@STER 1 特装版 Limited edition SPECIAL CD.rar,,imas,永久,待分享,,1540
resource-09b4db2bfdd7,765AS,CD,[00D] 漫画相关,2022.03.26 [GES-15967] 朝焼けは黄金色 THE iDOLM@STER 5巻特装版 CD,,2022,RAR,,/00-偶像大师 ALL IN ONE/1-765AS/本家CD/[00D] 漫画相关/2022.03.26 [GES-15967] 朝焼けは黄金色 THE iDOLM@STER 5巻特装版 CD.rar,,imas,永久,待分享,,1550
resource-16bc7a6f34e6,765AS,CD,[01] Drama CD,[2005.12.22] THE iDOLM@STER Drama CD - Scene 01 (FLAC),,2005,RAR,,/00-偶像大师 ALL IN ONE/1-765AS/本家CD/[00E] 广播剧/[01] Drama CD/[2005.12.22] THE iDOLM@STER Drama CD - Scene 01 (FLAC).rar,,imas,永久,待分享,,1560
resource-b149554c422e,765AS,CD,[01] Drama CD,[2006.02.24] THE iDOLM@STER Drama CD - Scene 02 (FLAC),,2006,RAR,,/00-偶像大师 ALL IN ONE/1-765AS/本家CD/[00E] 广播剧/[01] Drama CD/[2006.02.24] THE iDOLM@STER Drama CD - Scene 02 (FLAC).rar,,imas,永久,待分享,,1570
resource-d32b12cb95cc,765AS,CD,[01] Drama CD,[2006.03.24] THE iDOLM@STER Drama CD - Scene 03 (FLAC),,2006,RAR,,/00-偶像大师 ALL IN ONE/1-765AS/本家CD/[00E] 广播剧/[01] Drama CD/[2006.03.24] THE iDOLM@STER Drama CD - Scene 03 (FLAC).rar,,imas,永久,待分享,,1580
resource-03990ccaf858,765AS,CD,[01] Drama CD,[2006.04.21] THE iDOLM@STER Drama CD - Scene 04 (FLAC),,2006,RAR,,/00-偶像大师 ALL IN ONE/1-765AS/本家CD/[00E] 广播剧/[01] Drama CD/[2006.04.21] THE iDOLM@STER Drama CD - Scene 04 (FLAC).rar,,imas,永久,待分享,,1590
resource-c41957fcd888,765AS,CD,[01] Drama CD,[2006.06.23] THE iDOLM@STER Drama CD - Scene 05 EXTRA STAGE 1 (FLAC),,2006,RAR,,/00-偶像大师 ALL IN ONE/1-765AS/本家CD/[00E] 广播剧/[01] Drama CD/[2006.06.23] THE iDOLM@STER Drama CD - Scene 05 EXTRA STAGE 1 (FLAC).rar,,imas,永久,待分享,,1600
resource-e4bf917171aa,765AS,CD,[01] Drama CD,[2006.07.21] THE iDOLM@STER Drama CD - Scene 06 EXTRA STAGE 2 (FLAC),,2006,RAR,,/00-偶像大师 ALL IN ONE/1-765AS/本家CD/[00E] 广播剧/[01] Drama CD/[2006.07.21] THE iDOLM@STER Drama CD - Scene 06 EXTRA STAGE 2 (FLAC).rar,,imas,永久,待分享,,1610
resource-1a1cbed8ae55,765AS,CD,[02] Drama CD NEW STAGE,[2006.12.22] THE iDOLM@STER Drama CD - NEW STAGE 01 (FLAC),,2006,RAR,,/00-偶像大师 ALL IN ONE/1-765AS/本家CD/[00E] 广播剧/[02] Drama CD NEW STAGE/[2006.12.22] THE iDOLM@STER Drama CD - NEW STAGE 01 (FLAC).rar,,imas,永久,待分享,,1620
resource-f6127124424f,765AS,CD,[02] Drama CD NEW STAGE,[2007.01.25] THE iDOLM@STER Drama CD - NEW STAGE 02 (FLAC),,2007,RAR,,/00-偶像大师 ALL IN ONE/1-765AS/本家CD/[00E] 广播剧/[02] Drama CD NEW STAGE/[2007.01.25] THE iDOLM@STER Drama CD - NEW STAGE 02 (FLAC).rar,,imas,永久,待分享,,1630
resource-691350d7e72b,765AS,CD,[02] Drama CD NEW STAGE,[2007.02.23] THE iDOLM@STER Drama CD - NEW STAGE 03 (FLAC),,2007,RAR,,/00-偶像大师 ALL IN ONE/1-765AS/本家CD/[00E] 广播剧/[02] Drama CD NEW STAGE/[2007.02.23] THE iDOLM@STER Drama CD - NEW STAGE 03 (FLAC).rar,,imas,永久,待分享,,1640
resource-b5465e0a746e,765AS,CD,[03] Eternal Prism,[2008.12.25] THE iDOLM@STER Drama CD - Eternal Prism 01 (FLAC),,2008,RAR,,/00-偶像大师 ALL IN ONE/1-765AS/本家CD/[00E] 广播剧/[03] Eternal Prism/[2008.12.25] THE iDOLM@STER Drama CD - Eternal Prism 01 (FLAC).rar,,imas,永久,待分享,,1650
resource-800969df25dd,765AS,CD,[03] Eternal Prism,[2009.01.23] THE iDOLM@STER Drama CD - Eternal Prism 02 (FLAC),,2009,RAR,,/00-偶像大师 ALL IN ONE/1-765AS/本家CD/[00E] 广播剧/[03] Eternal Prism/[2009.01.23] THE iDOLM@STER Drama CD - Eternal Prism 02 (FLAC).rar,,imas,永久,待分享,,1660
resource-7a9da5ceb27b,765AS,CD,[03] Eternal Prism,[2009.02.25] THE iDOLM@STER Drama CD - Eternal Prism 03 (FLAC),,2009,RAR,,/00-偶像大师 ALL IN ONE/1-765AS/本家CD/[00E] 广播剧/[03] Eternal Prism/[2009.02.25] THE iDOLM@STER Drama CD - Eternal Prism 03 (FLAC).rar,,imas,永久,待分享,,1670
resource-bfab11c0e1ad,765AS,CD,[03] Eternal Prism,[2009.05] THE iDOLM@STER Drama CD - Eternal Prism Premium CD (FLAC),,2009,RAR,,/00-偶像大师 ALL IN ONE/1-765AS/本家CD/[00E] 广播剧/[03] Eternal Prism/[2009.05] THE iDOLM@STER Drama CD - Eternal Prism Premium CD (FLAC).rar,,imas,永久,待分享,,1680
resource-2c73c4a3f736,765AS,CD,[00E] 广播剧,2014.05.15 [N／A] THE iDOLM@STER ONE FOR ALL スペシャルドラマCD「765プロが行く! トップアイドルのお仕事見学」,,2014,RAR,,/00-偶像大师 ALL IN ONE/1-765AS/本家CD/[00E] 广播剧/2014.05.15 [N／A] THE iDOLM@STER ONE FOR ALL スペシャルドラマCD「765プロが行く! トップアイドルのお仕事見学」.rar,,imas,永久,待分享,,1690
resource-f5bdf5ea193d,765AS,CD,[00E] 广播剧,2017.12.21 [IDOLMASTER_CD] THE iDOLM@STER STELLA STAGE ドラマCD「売り込め! アイドルアピール大作戦!!」,,2017,RAR,,/00-偶像大师 ALL IN ONE/1-765AS/本家CD/[00E] 广播剧/2017.12.21 [IDOLMASTER_CD] THE iDOLM@STER STELLA STAGE ドラマCD「売り込め! アイドルアピール大作戦!!」.rar,,imas,永久,待分享,,1700
resource-b07d4efecd40,765AS,CD,[1] Birthday Commemoration Project,2006.04.24 [765PRO-0001] THE iDOLM@STER Vol. 2 Chihaya Kisaragi Gratitude,,2006,RAR,,/00-偶像大师 ALL IN ONE/1-765AS/本家CD/[00Y] 其他/[1] Birthday Commemoration Project/2006.04.24 [765PRO-0001] THE iDOLM@STER Vol. 2 Chihaya Kisaragi Gratitude.rar,,imas,永久,待分享,,1710
resource-8ffd36ca1989,765AS,CD,[1] Birthday Commemoration Project,2006.04.24 [765PRO-0002] THE iDOLM@STER Vol. 4 Haruka Amami Unhappy Birthday,,2006,RAR,,/00-偶像大师 ALL IN ONE/1-765AS/本家CD/[00Y] 其他/[1] Birthday Commemoration Project/2006.04.24 [765PRO-0002] THE iDOLM@STER Vol. 4 Haruka Amami Unhappy Birthday.rar,,imas,永久,待分享,,1720
resource-733f725019f6,765AS,CD,[1] Birthday Commemoration Project,2007.02.00 [765PRO-0004~5] THE iDOLM@STER Vol. 6 AmiMami Futami Super Birthday!!,,2007,RAR,,/00-偶像大师 ALL IN ONE/1-765AS/本家CD/[00Y] 其他/[1] Birthday Commemoration Project/2007.02.00 [765PRO-0004~5] THE iDOLM@STER Vol. 6 AmiMami Futami Super Birthday!!.rar,,imas,永久,待分享,,1730
resource-b6c6f84eec22,765AS,CD,[1] Birthday Commemoration Project,2007.04.24 [765PRO-0007] THE iDOLM@STER Vol. 2 Chihaya Kisaragi Gratitude [animate独占販売],,2007,RAR,,/00-偶像大师 ALL IN ONE/1-765AS/本家CD/[00Y] 其他/[1] Birthday Commemoration Project/2007.04.24 [765PRO-0007] THE iDOLM@STER Vol. 2 Chihaya Kisaragi Gratitude [animate独占販売].rar,,imas,永久,待分享,,1740
resource-13bcd2302980,765AS,CD,[1] Birthday Commemoration Project,2007.06.23 [765PRO-0006] THE iDOLM@STER Vol. 7 Ritsuko Akizuki Sound of Raindrops,,2007,RAR,,/00-偶像大师 ALL IN ONE/1-765AS/本家CD/[00Y] 其他/[1] Birthday Commemoration Project/2007.06.23 [765PRO-0006] THE iDOLM@STER Vol. 7 Ritsuko Akizuki Sound of Raindrops.rar,,imas,永久,待分享,,1750
resource-81af0c104e9b,765AS,CD,[1] Birthday Commemoration Project,"2008.01.00 [765PRO-0008] THE iDOLM@STER Vol. 9 Makoto Kikuchi Hare Tokidoki Kumori Nochi Taifuu, Nochi Hare",,2008,RAR,,"/00-偶像大师 ALL IN ONE/1-765AS/本家CD/[00Y] 其他/[1] Birthday Commemoration Project/2008.01.00 [765PRO-0008] THE iDOLM@STER Vol. 9 Makoto Kikuchi Hare Tokidoki Kumori Nochi Taifuu, Nochi Hare.rar",,imas,永久,待分享,,1760
resource-58ab1b1c5839,765AS,CD,[2] VOCAL COLLECTION,[2010.02.24] THE iDOLM@STER Vocal Collection 01 (FLAC),,2010,RAR,,/00-偶像大师 ALL IN ONE/1-765AS/本家CD/[00Y] 其他/[2] VOCAL COLLECTION/[2010.02.24] THE iDOLM@STER Vocal Collection 01 (FLAC).rar,,imas,永久,待分享,,1770
resource-b01b212e7ca7,765AS,CD,[2] VOCAL COLLECTION,[2010.04.21] THE iDOLM@STER Vocal Collection 02 (FLAC),,2010,RAR,,/00-偶像大师 ALL IN ONE/1-765AS/本家CD/[00Y] 其他/[2] VOCAL COLLECTION/[2010.04.21] THE iDOLM@STER Vocal Collection 02 (FLAC).rar,,imas,永久,待分享,,1780
resource-23251d5e47a1,765AS,CD,[3] MUSIC DISC COLLECTION,[2013.07] MAKOTO & HIBIKI COVER -SUMMER SONGS-,,2013,RAR,,/00-偶像大师 ALL IN ONE/1-765AS/本家CD/[00Y] 其他/[3] MUSIC DISC COLLECTION/[2013.07] MAKOTO & HIBIKI COVER -SUMMER SONGS-.rar,,imas,永久,待分享,,1790
resource-50df0cbb1379,765AS,CD,[3] MUSIC DISC COLLECTION,[2013.07] YAYOI & YUKIHO COVER -SUMMER SONGS-,,2013,RAR,,/00-偶像大师 ALL IN ONE/1-765AS/本家CD/[00Y] 其他/[3] MUSIC DISC COLLECTION/[2013.07] YAYOI & YUKIHO COVER -SUMMER SONGS-.rar,,imas,永久,待分享,,1800
resource-bf8e2c6eaec1,765AS,CD,[3] MUSIC DISC COLLECTION,[2014.01] AMI／MAMI & AZUSA COVER -WINTER SONGS-,,2014,RAR,,/00-偶像大师 ALL IN ONE/1-765AS/本家CD/[00Y] 其他/[3] MUSIC DISC COLLECTION/[2014.01] AMI／MAMI & AZUSA COVER -WINTER SONGS-.rar,,imas,永久,待分享,,1810
resource-dc5b187406ee,765AS,CD,[3] MUSIC DISC COLLECTION,[2014.01] HARUKA & CHIHAYA COVER -WINTER SONGS-,,2014,RAR,,/00-偶像大师 ALL IN ONE/1-765AS/本家CD/[00Y] 其他/[3] MUSIC DISC COLLECTION/[2014.01] HARUKA & CHIHAYA COVER -WINTER SONGS-.rar,,imas,永久,待分享,,1820
resource-040cd250fa43,765AS,CD,[3] MUSIC DISC COLLECTION,[2014.06] IORI & RITSUKO COVER -SPRING SONGS-,,2014,RAR,,/00-偶像大师 ALL IN ONE/1-765AS/本家CD/[00Y] 其他/[3] MUSIC DISC COLLECTION/[2014.06] IORI & RITSUKO COVER -SPRING SONGS-.rar,,imas,永久,待分享,,1830
resource-d912a107fac7,765AS,CD,[3] MUSIC DISC COLLECTION,[2014.06] MIKI & TAKANE COVER -SPRING SONGS-,,2014,RAR,,/00-偶像大师 ALL IN ONE/1-765AS/本家CD/[00Y] 其他/[3] MUSIC DISC COLLECTION/[2014.06] MIKI & TAKANE COVER -SPRING SONGS-.rar,,imas,永久,待分享,,1840
resource-4c63b870d5a2,765AS,CD,[00Y] 其他,[2006.02.14] [Enterbrain] THE iDOLM@STER DVD Lovable Days,,2006,RAR,,/00-偶像大师 ALL IN ONE/1-765AS/本家CD/[00Y] 其他/[2006.02.14] [Enterbrain] THE iDOLM@STER DVD Lovable Days.rar,,imas,永久,待分享,,1850
resource-07eb1c544d5d,765AS,CD,[00Y] 其他,[2007.01.18] [765PRO-0003] THE iDOLM@STER YOUR SONG,,2007,RAR,,/00-偶像大师 ALL IN ONE/1-765AS/本家CD/[00Y] 其他/[2007.01.18] [765PRO-0003] THE iDOLM@STER YOUR SONG.rar,,imas,永久,待分享,,1860
resource-21cbcce79833,765AS,CD,[00Y] 其他,[2008.11.19] THE iDOLM@STER BEST ALBUM MASTER OF MASTER (FLAC),,2008,RAR,,/00-偶像大师 ALL IN ONE/1-765AS/本家CD/[00Y] 其他/[2008.11.19] THE iDOLM@STER BEST ALBUM MASTER OF MASTER (FLAC).rar,,imas,永久,待分享,,1870
resource-25faaa08bbdb,765AS,CD,[00Y] 其他,[2011.02.09] THE iDOLM@STER 2 「SMOKY THRILL」 (FLAC),,2011,RAR,,/00-偶像大师 ALL IN ONE/1-765AS/本家CD/[00Y] 其他/[2011.02.09] THE iDOLM@STER 2 「SMOKY THRILL」 (FLAC).rar,,imas,永久,待分享,,1880
resource-42e7cc29ef81,765AS,CD,[00Y] 其他,[2011.02.09] THE iDOLM@STER 2 「The world is all one!!」 (FLAC),,2011,RAR,,/00-偶像大师 ALL IN ONE/1-765AS/本家CD/[00Y] 其他/[2011.02.09] THE iDOLM@STER 2 「The world is all one!!」 (FLAC).rar,,imas,永久,待分享,,1890
resource-8c64d824e5b4,765AS,CD,[00Y] 其他,[2011.10.27] アイドルマスター2・ゲームサウンドトラックCD (FLAC),,2011,RAR,,/00-偶像大师 ALL IN ONE/1-765AS/本家CD/[00Y] 其他/[2011.10.27] アイドルマスター2・ゲームサウンドトラックCD (FLAC).rar,,imas,永久,待分享,,1900
resource-97460b1761d9,765AS,CD,[00Y] 其他,[2011.11.23] THE iDOLM@STER Jupiter (FLAC),,2011,RAR,,/00-偶像大师 ALL IN ONE/1-765AS/本家CD/[00Y] 其他/[2011.11.23] THE iDOLM@STER Jupiter (FLAC).rar,,imas,永久,待分享,,1910
resource-42730e535874,765AS,CD,[00Y] 其他,[2012.10.27] [BP-001] THE iDOLM@STER Catch me☆Get you! ～バンプレストのうた～,,2012,RAR,,/00-偶像大师 ALL IN ONE/1-765AS/本家CD/[00Y] 其他/[2012.10.27] [BP-001] THE iDOLM@STER Catch me☆Get you! ～バンプレストのうた～.rar,,imas,永久,待分享,,1920
resource-53ebe8765d0c,765AS,CD,[00Y] 其他,[2013.00.00] [PRJL-13007] THE iDOLM＠STER Wミリオン記念 アナログ盤,,2013,RAR,,/00-偶像大师 ALL IN ONE/1-765AS/本家CD/[00Y] 其他/[2013.00.00] [PRJL-13007] THE iDOLM＠STER Wミリオン記念 アナログ盤.rar,,imas,永久,待分享,,1930
resource-840a14ff5901,765AS,CD,[00Y] 其他,[2014.12.28] [TGCS-8444~5] THE iDOLM@STER ORIGINAL CD SET - 1111 BRIGHTS and MAGICS -,,2014,RAR,,/00-偶像大师 ALL IN ONE/1-765AS/本家CD/[00Y] 其他/[2014.12.28] [TGCS-8444~5] THE iDOLM@STER ORIGINAL CD SET - 1111 BRIGHTS and MAGICS -.rar,,imas,永久,待分享,,1940
resource-ee5d98eebe41,765AS,CD,[00Y] 其他,[2017.05.00] [N／A] THE iDOLM@STER THREE STARS!!!,,2017,RAR,,/00-偶像大师 ALL IN ONE/1-765AS/本家CD/[00Y] 其他/[2017.05.00] [N／A] THE iDOLM@STER THREE STARS!!!.rar,,imas,永久,待分享,,1950
resource-2b8faeca49ee,765AS,CD,[00Y] 其他,[2021.07.28] ゲーム『THE IDOLM@STER POPLINKS』テーマ曲「POP LINKS TUNE!!!!!」[320K],,2021,RAR,,/00-偶像大师 ALL IN ONE/1-765AS/本家CD/[00Y] 其他/[2021.07.28] ゲーム『THE IDOLM@STER POPLINKS』テーマ曲「POP LINKS TUNE!!!!!」[320K].rar,,imas,永久,待分享,,1960
resource-7f0e448b3045,765AS,CD,[00Y] 其他,[2023.02.08] ANCF-0076~8 THE IDOLM@STER ORCHESTRA CONCERT ～SYMPHONY OF FIVE STARS!!!!!～ コンサートアルバム,,2023,RAR,,/00-偶像大师 ALL IN ONE/1-765AS/本家CD/[00Y] 其他/[2023.02.08] ANCF-0076~8 THE IDOLM@STER ORCHESTRA CONCERT ～SYMPHONY OF FIVE STARS!!!!!～ コンサートアルバム.rar,,imas,永久,待分享,,1970
resource-a474bf653898,765AS,CD,1 Solo Remix Original CD,[2023.11.01] THE IDOLM@STER M@STER EXPO【765PRO ALLSTARS盘】,,2023,RAR,,/00-偶像大师 ALL IN ONE/1-765AS/本家CD/[00Z] Live同捆CD&场限CD/1 Solo Remix Original CD/[2023.11.01] THE IDOLM@STER M@STER EXPO【765PRO ALLSTARS盘】.rar,,imas,永久,待分享,,1980
resource-f37c1534f246,765AS,CD,1 Solo Remix Original CD,2011 THE IDOLM@STER 2 765pro H@PPINESS NEW YE@R P@RTY !! 2011,,2011,RAR,,/00-偶像大师 ALL IN ONE/1-765AS/本家CD/[00Z] Live同捆CD&场限CD/1 Solo Remix Original CD/2011 THE IDOLM@STER 2 765pro H@PPINESS NEW YE@R P@RTY !! 2011.rar,,imas,永久,待分享,,1990
resource-79983d303cb2,765AS,CD,1 Solo Remix Original CD,2014 THE IDOLM@STER 9th Anniversary WE ARE M@STERPIECE!! Jibun REST@RT & SMOKY THRILL,,,RAR,,/00-偶像大师 ALL IN ONE/1-765AS/本家CD/[00Z] Live同捆CD&场限CD/1 Solo Remix Original CD/2014 THE IDOLM@STER 9th Anniversary WE ARE M@STERPIECE!! Jibun REST@RT & SMOKY THRILL.rar,,imas,永久,待分享,,2000
resource-daab09f56bb8,765AS,CD,1 Solo Remix Original CD,2014 THE IDOLM@STER 9th Anniversary WE ARE M@STERPIECE!! We Have A Dream & Curtain Call,,,RAR,,/00-偶像大师 ALL IN ONE/1-765AS/本家CD/[00Z] Live同捆CD&场限CD/1 Solo Remix Original CD/2014 THE IDOLM@STER 9th Anniversary WE ARE M@STERPIECE!! We Have A Dream & Curtain Call.rar,,imas,永久,待分享,,2010
resource-af40bd899d2d,765AS,CD,1 Solo Remix Original CD,2014 THE IDOLM@STER M@STERS OF IDOL WORLD!!2014,,,RAR,,/00-偶像大师 ALL IN ONE/1-765AS/本家CD/[00Z] Live同捆CD&场限CD/1 Solo Remix Original CD/2014 THE IDOLM@STER M@STERS OF IDOL WORLD!!2014.rar,,imas,永久,待分享,,2020
resource-31a27fa9bd58,765AS,CD,1 Solo Remix Original CD,2015 THE IDOLM@STER M@STERS OF IDOL WORLD!! 2015 M@STERPIECE & 10th Anniversary MIX,,,RAR,,/00-偶像大师 ALL IN ONE/1-765AS/本家CD/[00Z] Live同捆CD&场限CD/1 Solo Remix Original CD/2015 THE IDOLM@STER M@STERS OF IDOL WORLD!! 2015 M@STERPIECE & 10th Anniversary MIX.rar,,imas,永久,待分享,,2030
resource-39957294d5fb,765AS,CD,1 Solo Remix Original CD,2015 THE IDOLM@STER M@STERS OF IDOL WORLD!! 2015 PERFECT BOX 付属CD「アイ MUST GO!」,,,RAR,,/00-偶像大师 ALL IN ONE/1-765AS/本家CD/[00Z] Live同捆CD&场限CD/1 Solo Remix Original CD/2015 THE IDOLM@STER M@STERS OF IDOL WORLD!! 2015 PERFECT BOX 付属CD「アイ MUST GO!」.rar,,imas,永久,待分享,,2040
resource-7f46127ca522,765AS,CD,1 Solo Remix Original CD,2018 THE IDOLM@STER ニューイヤーライブ!! 初星宴舞,,,RAR,,/00-偶像大师 ALL IN ONE/1-765AS/本家CD/[00Z] Live同捆CD&场限CD/1 Solo Remix Original CD/2018 THE IDOLM@STER ニューイヤーライブ!! 初星宴舞.rar,,imas,永久,待分享,,2050
resource-768ae923e0b5,765AS,CD,1 Solo Remix Original CD,2019.07.31 [LAPP-1111] THE iDOLM@STER PRODUCER MEETING 2018 What is TOP!!!!!!!!!!!!!？「みんなで選ぶ!ユニットソング!!」LIVE音源CD,,2019,RAR,,/00-偶像大师 ALL IN ONE/1-765AS/本家CD/[00Z] Live同捆CD&场限CD/1 Solo Remix Original CD/2019.07.31 [LAPP-1111] THE iDOLM@STER PRODUCER MEETING 2018 What is TOP!!!!!!!!!!!!!？「みんなで選ぶ!ユニットソング!!」LIVE音源CD.rar,,imas,永久,待分享,,2060
resource-0adc67c90f6d,765AS,CD,1 Solo Remix Original CD,2022.07.09 [SACX-1083]THE IDOLM@STER 765PRO ALLSTARS LIVE SUNRICH COLORFUL Venue Original CD,,2022,RAR,,/00-偶像大师 ALL IN ONE/1-765AS/本家CD/[00Z] Live同捆CD&场限CD/1 Solo Remix Original CD/2022.07.09 [SACX-1083]THE IDOLM@STER 765PRO ALLSTARS LIVE SUNRICH COLORFUL Venue Original CD.rar,,imas,永久,待分享,,2070
resource-217d6b474d83,765AS,CD,1 Solo Remix Original CD,2023 THE IDOLM@STER M@STERS OF IDOL WORLD!!!!! 2023 なんどでも笑おう,,,RAR,,/00-偶像大师 ALL IN ONE/1-765AS/本家CD/[00Z] Live同捆CD&场限CD/1 Solo Remix Original CD/2023 THE IDOLM@STER M@STERS OF IDOL WORLD!!!!! 2023 なんどでも笑おう.rar,,imas,永久,待分享,,2080
resource-cb79cc1bcecc,765AS,CD,1 Solo Remix Original CD,2023.02.11 [SACX-1088] THE iDOLM@STER M@STERS OF IDOL WORLD!!!!! 2023 明日きみにJewel,,2023,RAR,,/00-偶像大师 ALL IN ONE/1-765AS/本家CD/[00Z] Live同捆CD&场限CD/1 Solo Remix Original CD/2023.02.11 [SACX-1088] THE iDOLM@STER M@STERS OF IDOL WORLD!!!!! 2023 明日きみにJewel.rar,,imas,永久,待分享,,2090
resource-0d7cc4135b5b,765AS,CD,1 Solo Remix Original CD,2025 THE IDOLM@STER 765 MILLIONSTARS HOTCHPOTCH FESTIV@L!! 2 会場オリジナルCD FLAC,,,RAR,,/00-偶像大师 ALL IN ONE/1-765AS/本家CD/[00Z] Live同捆CD&场限CD/1 Solo Remix Original CD/2025 THE IDOLM@STER 765 MILLIONSTARS HOTCHPOTCH FESTIV@L!! 2 会場オリジナルCD FLAC.rar,,imas,永久,待分享,,2100
resource-9828221d9667,765AS,CD,1 Solo Remix Original CD,"2025 THE IDOLM@STER 765PRO ALLSTARS LIVE NEVER END IDOL!!!!!!!!!!!!! 会場オリジナルCD『New Me, Continued  マジで…！？』",,,RAR,,"/00-偶像大师 ALL IN ONE/1-765AS/本家CD/[00Z] Live同捆CD&场限CD/1 Solo Remix Original CD/2025 THE IDOLM@STER 765PRO ALLSTARS LIVE NEVER END IDOL!!!!!!!!!!!!! 会場オリジナルCD『New Me, Continued  マジで…！？』.rar",,imas,永久,待分享,,2110
resource-5a196d1f213f,765AS,CD,1 Solo Remix Original CD,2025 アイ NEED YOU (FOR WONDERFUL STORY),,,RAR,,/00-偶像大师 ALL IN ONE/1-765AS/本家CD/[00Z] Live同捆CD&场限CD/1 Solo Remix Original CD/2025 アイ NEED YOU (FOR WONDERFUL STORY).rar,,imas,永久,待分享,,2120
resource-0882f7907cb5,765AS,CD,2 Live Original CD,2016.07.28 [GES-15269] THE iDOLM@STER ボーカルCD リスアニ! LIVE 2016,,2016,RAR,,/00-偶像大师 ALL IN ONE/1-765AS/本家CD/[00Z] Live同捆CD&场限CD/2 Live Original CD/2016.07.28 [GES-15269] THE iDOLM@STER ボーカルCD リスアニ! LIVE 2016.rar,,imas,永久,待分享,,2130
resource-8dbbe6c5444f,765AS,CD,2 Live Original CD,2018.11.21 [LAPP-1107] THE iDOLM@STER 765 MILLIONSTARS HOTCHPOTCH FESTIV@L!! LIVE CD,,2018,RAR,,/00-偶像大师 ALL IN ONE/1-765AS/本家CD/[00Z] Live同捆CD&场限CD/2 Live Original CD/2018.11.21 [LAPP-1107] THE iDOLM@STER 765 MILLIONSTARS HOTCHPOTCH FESTIV@L!! LIVE CD.rar,,imas,永久,待分享,,2140
resource-34a3511832d7,765AS,CD,2 Live Original CD,2019.07.31 [LAPP-1111] THE iDOLM@STER PRODUCER MEETING 2018 What is TOP!!!!!!!!!!!!!？「みんなで選ぶ!ユニットソング!!」LIVE音源CD,,2019,RAR,,/00-偶像大师 ALL IN ONE/1-765AS/本家CD/[00Z] Live同捆CD&场限CD/2 Live Original CD/2019.07.31 [LAPP-1111] THE iDOLM@STER PRODUCER MEETING 2018 What is TOP!!!!!!!!!!!!!？「みんなで選ぶ!ユニットソング!!」LIVE音源CD.rar,,imas,永久,待分享,,2150
resource-703cf950a747,765AS,CD,2 Live Original CD,2022.07.09 [SACX-1083] THE iDOLM@STER 765PRO ALLSTARS LIVE SUNRICH COLORFUL,,2022,RAR,,/00-偶像大师 ALL IN ONE/1-765AS/本家CD/[00Z] Live同捆CD&场限CD/2 Live Original CD/2022.07.09 [SACX-1083] THE iDOLM@STER 765PRO ALLSTARS LIVE SUNRICH COLORFUL.rar,,imas,永久,待分享,,2160
resource-40b65ff644bb,765AS,CD,[01] MASTERPIECE,THE IDOLM@STER MASTERPIECE 01,,,RAR,,/00-偶像大师 ALL IN ONE/1-765AS/本家CD/[01] MASTERPIECE/THE IDOLM@STER MASTERPIECE 01.rar,,imas,永久,待分享,,2170
resource-49932b93fe5a,765AS,CD,[01] MASTERPIECE,THE IDOLM@STER MASTERPIECE 02,,,RAR,,/00-偶像大师 ALL IN ONE/1-765AS/本家CD/[01] MASTERPIECE/THE IDOLM@STER MASTERPIECE 02.rar,,imas,永久,待分享,,2180
resource-64fac23e17f1,765AS,CD,[01] MASTERPIECE,THE IDOLM@STER MASTERPIECE 03,,,RAR,,/00-偶像大师 ALL IN ONE/1-765AS/本家CD/[01] MASTERPIECE/THE IDOLM@STER MASTERPIECE 03.rar,,imas,永久,待分享,,2190
resource-c30a29a5d925,765AS,CD,[01] MASTERPIECE,THE IDOLM@STER MASTERPIECE 04,,,RAR,,/00-偶像大师 ALL IN ONE/1-765AS/本家CD/[01] MASTERPIECE/THE IDOLM@STER MASTERPIECE 04.rar,,imas,永久,待分享,,2200
resource-063e3d3c7567,765AS,CD,[01] MASTERPIECE,THE IDOLM@STER MASTERPIECE 05,,,RAR,,/00-偶像大师 ALL IN ONE/1-765AS/本家CD/[01] MASTERPIECE/THE IDOLM@STER MASTERPIECE 05.rar,,imas,永久,待分享,,2210
resource-f2f0b75b7a4f,765AS,CD,[02] MASTER BOX,[2006.07.19] THE iDOLM@STER MASTER BOX I (FLAC),,2006,RAR,,/00-偶像大师 ALL IN ONE/1-765AS/本家CD/[02] MASTER BOX/[2006.07.19] THE iDOLM@STER MASTER BOX I (FLAC).rar,,imas,永久,待分享,,2220
resource-307cf0e0e622,765AS,CD,[02] MASTER BOX,[2007.04.04] THE iDOLM@STER MASTER BOX II (FLAC),,2007,RAR,,/00-偶像大师 ALL IN ONE/1-765AS/本家CD/[02] MASTER BOX/[2007.04.04] THE iDOLM@STER MASTER BOX II (FLAC).rar,,imas,永久,待分享,,2230
resource-cfc7041b74d9,765AS,CD,[02] MASTER BOX,[2008.02.06] THE iDOLM@STER MASTER BOX I & II ENCORE (FLAC),,2008,RAR,,/00-偶像大师 ALL IN ONE/1-765AS/本家CD/[02] MASTER BOX/[2008.02.06] THE iDOLM@STER MASTER BOX I & II ENCORE (FLAC).rar,,imas,永久,待分享,,2240
resource-645483f82bbe,765AS,CD,[02] MASTER BOX,[2008] THE IDOLM@STER MASTER BOX III Live For You!,,2008,RAR,,/00-偶像大师 ALL IN ONE/1-765AS/本家CD/[02] MASTER BOX/[2008] THE IDOLM@STER MASTER BOX III Live For You!.rar,,imas,永久,待分享,,2250
resource-66a26ef6ee0a,765AS,CD,[02] MASTER BOX,[2008] THE IDOLM@STER MASTER BOX IV Live For You!,,2008,RAR,,/00-偶像大师 ALL IN ONE/1-765AS/本家CD/[02] MASTER BOX/[2008] THE IDOLM@STER MASTER BOX IV Live For You!.rar,,imas,永久,待分享,,2260
resource-22d29d1470df,765AS,CD,[02] MASTER BOX,"[2009] THE IDOLM@STER MASTER BOX catalog 08,09,11 COMPLETE",,2009,RAR,,"/00-偶像大师 ALL IN ONE/1-765AS/本家CD/[02] MASTER BOX/[2009] THE IDOLM@STER MASTER BOX catalog 08,09,11 COMPLETE.rar",,imas,永久,待分享,,2270
resource-e1690022c027,765AS,CD,[02] MASTER BOX,[2009] THE IDOLM@STER MASTER BOX V,,2009,RAR,,/00-偶像大师 ALL IN ONE/1-765AS/本家CD/[02] MASTER BOX/[2009] THE IDOLM@STER MASTER BOX V.rar,,imas,永久,待分享,,2280
resource-04cd6a043288,765AS,CD,[02] MASTER BOX,[2010.03.31] THE iDOLM@STER MASTER BOX VI (FLAC),,2010,RAR,,/00-偶像大师 ALL IN ONE/1-765AS/本家CD/[02] MASTER BOX/[2010.03.31] THE iDOLM@STER MASTER BOX VI (FLAC).rar,,imas,永久,待分享,,2290
resource-0b99e53d6c94,765AS,CD,[02] MASTER BOX,[2011] THE IDOLM@STER MASTER BOX VII,,2011,RAR,,/00-偶像大师 ALL IN ONE/1-765AS/本家CD/[02] MASTER BOX/[2011] THE IDOLM@STER MASTER BOX VII.rar,,imas,永久,待分享,,2300
resource-f88f51d8e3ec,765AS,CD,[02] MASTER BOX,[2013.02.09] THE iDOLM@STER MASTER BOX VIII (WAV CUE),,2013,RAR,,/00-偶像大师 ALL IN ONE/1-765AS/本家CD/[02] MASTER BOX/[2013.02.09] THE iDOLM@STER MASTER BOX VIII (WAV CUE).rar,,imas,永久,待分享,,2310
resource-3fea3823d225,765AS,CD,[03] MASTERWORK,[2006.12.20] THE iDOLM@STER MASTERWORK 00 (FLAC),,2006,RAR,,/00-偶像大师 ALL IN ONE/1-765AS/本家CD/[03] MASTERWORK/[2006.12.20] THE iDOLM@STER MASTERWORK 00 (FLAC).rar,,imas,永久,待分享,,2320
resource-4a4dfafd2955,765AS,CD,[03] MASTERWORK,[2007.01.31] THE iDOLM@STER MASTERWORK 01 (FLAC),,2007,RAR,,/00-偶像大师 ALL IN ONE/1-765AS/本家CD/[03] MASTERWORK/[2007.01.31] THE iDOLM@STER MASTERWORK 01 (FLAC).rar,,imas,永久,待分享,,2330
resource-f765091442d0,765AS,CD,[03] MASTERWORK,[2007.02.28] THE iDOLM@STER MASTERWORK 02 (FLAC),,2007,RAR,,/00-偶像大师 ALL IN ONE/1-765AS/本家CD/[03] MASTERWORK/[2007.02.28] THE iDOLM@STER MASTERWORK 02 (FLAC).rar,,imas,永久,待分享,,2340
resource-8f6749454aa5,765AS,CD,[03] MASTERWORK,[2007.03.28] THE iDOLM@STER MASTERWORK 03 (FLAC),,2007,RAR,,/00-偶像大师 ALL IN ONE/1-765AS/本家CD/[03] MASTERWORK/[2007.03.28] THE iDOLM@STER MASTERWORK 03 (FLAC).rar,,imas,永久,待分享,,2350
resource-f55628a730a7,765AS,CD,[04] MASTER ARTIST,[2007.07.18] THE iDOLM@STER MASTER ARTIST 01 天海春香 (FLAC),,2007,RAR,,/00-偶像大师 ALL IN ONE/1-765AS/本家CD/[04] MASTER ARTIST/[2007.07.18] THE iDOLM@STER MASTER ARTIST 01 天海春香 (FLAC).rar,,imas,永久,待分享,,2360
resource-a391c3aca9cc,765AS,CD,[04] MASTER ARTIST,[2007.07.18] THE iDOLM@STER MASTER ARTIST 02 (FLAC),,2007,RAR,,/00-偶像大师 ALL IN ONE/1-765AS/本家CD/[04] MASTER ARTIST/[2007.07.18] THE iDOLM@STER MASTER ARTIST 02 (FLAC).rar,,imas,永久,待分享,,2370
resource-6d9e3b2f2446,765AS,CD,[04] MASTER ARTIST,[2007.08.01] THE iDOLM@STER MASTER ARTIST 04 菊地真 (FLAC),,2007,RAR,,/00-偶像大师 ALL IN ONE/1-765AS/本家CD/[04] MASTER ARTIST/[2007.08.01] THE iDOLM@STER MASTER ARTIST 04 菊地真 (FLAC).rar,,imas,永久,待分享,,2380
resource-99eec6d07749,765AS,CD,[04] MASTER ARTIST,[2007.08.22] THE iDOLM@STER MASTER ARTIST 05 (FLAC),,2007,RAR,,/00-偶像大师 ALL IN ONE/1-765AS/本家CD/[04] MASTER ARTIST/[2007.08.22] THE iDOLM@STER MASTER ARTIST 05 (FLAC).rar,,imas,永久,待分享,,2390
resource-db055be3bb68,765AS,CD,[04] MASTER ARTIST,[2007.09.05] THE iDOLM@STER MASTER ARTIST 07 三浦あずさ (FLAC),,2007,RAR,,/00-偶像大师 ALL IN ONE/1-765AS/本家CD/[04] MASTER ARTIST/[2007.09.05] THE iDOLM@STER MASTER ARTIST 07 三浦あずさ (FLAC).rar,,imas,永久,待分享,,2400
resource-56e494b5488e,765AS,CD,[04] MASTER ARTIST,[2007.09.05] THE iDOLM@STER MASTER ARTIST 08 (FLAC),,2007,RAR,,/00-偶像大师 ALL IN ONE/1-765AS/本家CD/[04] MASTER ARTIST/[2007.09.05] THE iDOLM@STER MASTER ARTIST 08 (FLAC).rar,,imas,永久,待分享,,2410
resource-e517b1b463d1,765AS,CD,[04] MASTER ARTIST,[2007.09.19] THE iDOLM@STER MASTER ARTIST 09 (FLAC),,2007,RAR,,/00-偶像大师 ALL IN ONE/1-765AS/本家CD/[04] MASTER ARTIST/[2007.09.19] THE iDOLM@STER MASTER ARTIST 09 (FLAC).rar,,imas,永久,待分享,,2420
resource-5be4a22bb1e1,765AS,CD,[04] MASTER ARTIST,[2007.10.03] THE iDOLM@STER MASTER ARTIST 10 (FLAC),,2007,RAR,,/00-偶像大师 ALL IN ONE/1-765AS/本家CD/[04] MASTER ARTIST/[2007.10.03] THE iDOLM@STER MASTER ARTIST 10 (FLAC).rar,,imas,永久,待分享,,2430
resource-38e861dad562,765AS,CD,[04] MASTER ARTIST,THE IDOLM@STER MASTER ARTIST 03 星井美希,,,RAR,,/00-偶像大师 ALL IN ONE/1-765AS/本家CD/[04] MASTER ARTIST/THE IDOLM@STER MASTER ARTIST 03 星井美希.rar,,imas,永久,待分享,,2440
resource-bd6e62631bf4,765AS,CD,[04] MASTER ARTIST,THE IDOLM@STER MASTER ARTIST 06 双海亜美真美,,,RAR,,/00-偶像大师 ALL IN ONE/1-765AS/本家CD/[04] MASTER ARTIST/THE IDOLM@STER MASTER ARTIST 06 双海亜美真美.rar,,imas,永久,待分享,,2450
resource-dd27212a06ca,765AS,CD,[04] MASTER ARTIST,THE IDOLM@STER MASTER ARTIST FINALE 765プロ ALLSTARS,,,RAR,,/00-偶像大师 ALL IN ONE/1-765AS/本家CD/[04] MASTER ARTIST/THE IDOLM@STER MASTER ARTIST FINALE 765プロ ALLSTARS.rar,,imas,永久,待分享,,2460
resource-04f86dd1d367,765AS,CD,[05] MASTER LIVE,[2007.12.19] THE iDOLM@STER Christmas for you! (FLAC),,2007,RAR,,/00-偶像大师 ALL IN ONE/1-765AS/本家CD/[05] MASTER LIVE/[2007.12.19] THE iDOLM@STER Christmas for you! (FLAC).rar,,imas,永久,待分享,,2470
resource-20b5aa489958,765AS,CD,[05] MASTER LIVE,[2008.02.13] THE iDOLM@STER MASTER LIVE 00 (FLAC),,2008,RAR,,/00-偶像大师 ALL IN ONE/1-765AS/本家CD/[05] MASTER LIVE/[2008.02.13] THE iDOLM@STER MASTER LIVE 00 (FLAC).rar,,imas,永久,待分享,,2480
resource-dc0d82cf2fd3,765AS,CD,[05] MASTER LIVE,[2008.03.05] THE iDOLM@STER MASTER LIVE 01 (FLAC),,2008,RAR,,/00-偶像大师 ALL IN ONE/1-765AS/本家CD/[05] MASTER LIVE/[2008.03.05] THE iDOLM@STER MASTER LIVE 01 (FLAC).rar,,imas,永久,待分享,,2490
resource-0093ff337650,765AS,CD,[05] MASTER LIVE,[2008.04.16] THE iDOLM@STER MASTER LIVE 02 (FLAC),,2008,RAR,,/00-偶像大师 ALL IN ONE/1-765AS/本家CD/[05] MASTER LIVE/[2008.04.16] THE iDOLM@STER MASTER LIVE 02 (FLAC).rar,,imas,永久,待分享,,2500
resource-8605766e7fc7,765AS,CD,[05] MASTER LIVE,[2008.05.14] THE iDOLM@STER MASTER LIVE 03 (FLAC),,2008,RAR,,/00-偶像大师 ALL IN ONE/1-765AS/本家CD/[05] MASTER LIVE/[2008.05.14] THE iDOLM@STER MASTER LIVE 03 (FLAC).rar,,imas,永久,待分享,,2510
resource-55da0319d257,765AS,CD,[05] MASTER LIVE,[2008.06.18] THE iDOLM@STER MASTER LIVE 04 (FLAC),,2008,RAR,,/00-偶像大师 ALL IN ONE/1-765AS/本家CD/[05] MASTER LIVE/[2008.06.18] THE iDOLM@STER MASTER LIVE 04 (FLAC).rar,,imas,永久,待分享,,2520
resource-8034d6e76f2f,765AS,CD,[05] MASTER LIVE,[2008.07.23] THE iDOLM@STER Vacation for you! (FLAC),,2008,RAR,,/00-偶像大师 ALL IN ONE/1-765AS/本家CD/[05] MASTER LIVE/[2008.07.23] THE iDOLM@STER Vacation for you! (FLAC).rar,,imas,永久,待分享,,2530
resource-967f17341789,765AS,CD,[05] MASTER LIVE,[2008.10.29] THE iDOLM@STER MASTER LIVE ENCORE (FLAC),,2008,RAR,,/00-偶像大师 ALL IN ONE/1-765AS/本家CD/[05] MASTER LIVE/[2008.10.29] THE iDOLM@STER MASTER LIVE ENCORE (FLAC).rar,,imas,永久,待分享,,2540
resource-fe47a2c812be,765AS,CD,[06] FAMISON 8BIT☆IDOLM@STER series,[2008.03.25] THE iDOLM@STER - ファミソン8BIT☆アイドルマスター 01 (FLAC),,2008,RAR,,/00-偶像大师 ALL IN ONE/1-765AS/本家CD/[06] FAMISON 8BIT☆IDOLM@STER series/[2008.03.25] THE iDOLM@STER - ファミソン8BIT☆アイドルマスター 01 (FLAC).rar,,imas,永久,待分享,,2550
resource-6b3ba07cfb1d,765AS,CD,[06] FAMISON 8BIT☆IDOLM@STER series,[2008.04.02] THE iDOLM@STER - ファミソン8BIT☆アイドルマスター 02 (FLAC),,2008,RAR,,/00-偶像大师 ALL IN ONE/1-765AS/本家CD/[06] FAMISON 8BIT☆IDOLM@STER series/[2008.04.02] THE iDOLM@STER - ファミソン8BIT☆アイドルマスター 02 (FLAC).rar,,imas,永久,待分享,,2560
resource-afec821a0807,765AS,CD,[06] FAMISON 8BIT☆IDOLM@STER series,[2008.04.23] THE iDOLM@STER - ファミソン8BIT☆アイドルマスター 03 (FLAC),,2008,RAR,,/00-偶像大师 ALL IN ONE/1-765AS/本家CD/[06] FAMISON 8BIT☆IDOLM@STER series/[2008.04.23] THE iDOLM@STER - ファミソン8BIT☆アイドルマスター 03 (FLAC).rar,,imas,永久,待分享,,2570
resource-d5951e27aa7b,765AS,CD,[06] FAMISON 8BIT☆IDOLM@STER series,[2008.05.28] THE iDOLM@STER - ファミソン8BIT☆アイドルマスター 04 (FLAC),,2008,RAR,,/00-偶像大师 ALL IN ONE/1-765AS/本家CD/[06] FAMISON 8BIT☆IDOLM@STER series/[2008.05.28] THE iDOLM@STER - ファミソン8BIT☆アイドルマスター 04 (FLAC).rar,,imas,永久,待分享,,2580
resource-150dcf7e38a0,765AS,CD,[06] FAMISON 8BIT☆IDOLM@STER series,[2008.06.25] THE iDOLM@STER - ファミソン8BIT☆アイドルマスター 05 (FLAC),,2008,RAR,,/00-偶像大师 ALL IN ONE/1-765AS/本家CD/[06] FAMISON 8BIT☆IDOLM@STER series/[2008.06.25] THE iDOLM@STER - ファミソン8BIT☆アイドルマスター 05 (FLAC).rar,,imas,永久,待分享,,2590
resource-35199eaade42,765AS,CD,[06] FAMISON 8BIT☆IDOLM@STER series,[2011.10.19] THE iDOLM@STER - ファミソン8BIT☆アイドルマスター ファミソン８BIT☆アイドルマスター BEST ALBUM (FLAC),,2011,RAR,,/00-偶像大师 ALL IN ONE/1-765AS/本家CD/[06] FAMISON 8BIT☆IDOLM@STER series/[2011.10.19] THE iDOLM@STER - ファミソン8BIT☆アイドルマスター ファミソン８BIT☆アイドルマスター BEST ALBUM (FLAC).rar,,imas,永久,待分享,,2600
resource-bba7aa59eb09,765AS,CD,[07] MASTER SPECIAL,[2008.12.10] THE iDOLM@STER MASTER SPECIAL 765 (FLAC),,2008,RAR,,/00-偶像大师 ALL IN ONE/1-765AS/本家CD/[07] MASTER SPECIAL/[2008.12.10] THE iDOLM@STER MASTER SPECIAL 765 (FLAC).rar,,imas,永久,待分享,,2610
resource-0654cfb1a2e7,765AS,CD,[07] MASTER SPECIAL,[2008.12.10] THE iDOLM@STER MASTER SPECIAL 961 (FLAC),,2008,RAR,,/00-偶像大师 ALL IN ONE/1-765AS/本家CD/[07] MASTER SPECIAL/[2008.12.10] THE iDOLM@STER MASTER SPECIAL 961 (FLAC).rar,,imas,永久,待分享,,2620
resource-35a9ce9c97be,765AS,CD,[07] MASTER SPECIAL,[2009.02.04] THE iDOLM@STER MASTER SPECIAL 01 (FLAC),,2009,RAR,,/00-偶像大师 ALL IN ONE/1-765AS/本家CD/[07] MASTER SPECIAL/[2009.02.04] THE iDOLM@STER MASTER SPECIAL 01 (FLAC).rar,,imas,永久,待分享,,2630
resource-459d78252455,765AS,CD,[07] MASTER SPECIAL,[2009.03.04] THE iDOLM@STER MASTER SPECIAL 02 (FLAC),,2009,RAR,,/00-偶像大师 ALL IN ONE/1-765AS/本家CD/[07] MASTER SPECIAL/[2009.03.04] THE iDOLM@STER MASTER SPECIAL 02 (FLAC).rar,,imas,永久,待分享,,2640
resource-fffc88cc9540,765AS,CD,[07] MASTER SPECIAL,[2009.04.01] THE iDOLM@STER MASTER SPECIAL 03 (FLAC),,2009,RAR,,/00-偶像大师 ALL IN ONE/1-765AS/本家CD/[07] MASTER SPECIAL/[2009.04.01] THE iDOLM@STER MASTER SPECIAL 03 (FLAC).rar,,imas,永久,待分享,,2650
resource-02523862cdb6,765AS,CD,[07] MASTER SPECIAL,[2009.05.13] THE iDOLM@STER MASTER SPECIAL 04 (FLAC),,2009,RAR,,/00-偶像大师 ALL IN ONE/1-765AS/本家CD/[07] MASTER SPECIAL/[2009.05.13] THE iDOLM@STER MASTER SPECIAL 04 (FLAC).rar,,imas,永久,待分享,,2660
resource-5633259f8c6b,765AS,CD,[07] MASTER SPECIAL,[2009.07.01] THE iDOLM@STER MASTER SPECIAL 05 (FLAC),,2009,RAR,,/00-偶像大师 ALL IN ONE/1-765AS/本家CD/[07] MASTER SPECIAL/[2009.07.01] THE iDOLM@STER MASTER SPECIAL 05 (FLAC).rar,,imas,永久,待分享,,2670
resource-5a9d57293e08,765AS,CD,[07] MASTER SPECIAL,[2009.08.05] THE iDOLM@STER MASTER SPECIAL 06 (FLAC),,2009,RAR,,/00-偶像大师 ALL IN ONE/1-765AS/本家CD/[07] MASTER SPECIAL/[2009.08.05] THE iDOLM@STER MASTER SPECIAL 06 (FLAC).rar,,imas,永久,待分享,,2680
resource-517a6fd115e8,765AS,CD,[07] MASTER SPECIAL,[2009.12.16] THE iDOLM@STER MASTER SPECIAL WINTER (FLAC),,2009,RAR,,/00-偶像大师 ALL IN ONE/1-765AS/本家CD/[07] MASTER SPECIAL/[2009.12.16] THE iDOLM@STER MASTER SPECIAL WINTER (FLAC).rar,,imas,永久,待分享,,2690
resource-6e2c234a1208,765AS,CD,[07] MASTER SPECIAL,[2010.03.17] THE iDOLM@STER MASTER SPECIAL SPRING (FLAC),,2010,RAR,,/00-偶像大师 ALL IN ONE/1-765AS/本家CD/[07] MASTER SPECIAL/[2010.03.17] THE iDOLM@STER MASTER SPECIAL SPRING (FLAC).rar,,imas,永久,待分享,,2700
resource-dbb7d8ee948e,765AS,CD,[08] DREAM SYMPHONY,[2009.09.09] THE iDOLM@STER DREAM SYMPHONY 00 (FLAC),,2009,RAR,,/00-偶像大师 ALL IN ONE/1-765AS/本家CD/[08] DREAM SYMPHONY/[2009.09.09] THE iDOLM@STER DREAM SYMPHONY 00 (FLAC).rar,,imas,永久,待分享,,2710
resource-4e3e737a2d60,765AS,CD,[08] DREAM SYMPHONY,[2009.10.14] THE iDOLM@STER DREAM SYMPHONY 01 (FLAC),,2009,RAR,,/00-偶像大师 ALL IN ONE/1-765AS/本家CD/[08] DREAM SYMPHONY/[2009.10.14] THE iDOLM@STER DREAM SYMPHONY 01 (FLAC).rar,,imas,永久,待分享,,2720
resource-ec9905f9620f,765AS,CD,[08] DREAM SYMPHONY,[2009.11.04] THE iDOLM@STER DREAM SYMPHONY 02 (FLAC),,2009,RAR,,/00-偶像大师 ALL IN ONE/1-765AS/本家CD/[08] DREAM SYMPHONY/[2009.11.04] THE iDOLM@STER DREAM SYMPHONY 02 (FLAC).rar,,imas,永久,待分享,,2730
resource-0657ae840d1f,765AS,CD,[08] DREAM SYMPHONY,[2009.12.02] THE iDOLM@STER DREAM SYMPHONY 03 (FLAC),,2009,RAR,,/00-偶像大师 ALL IN ONE/1-765AS/本家CD/[08] DREAM SYMPHONY/[2009.12.02] THE iDOLM@STER DREAM SYMPHONY 03 (FLAC).rar,,imas,永久,待分享,,2740
resource-5bb106520871,765AS,CD,[09] BEST OF 765+876=!!,[2010.05.12] THE iDOLM@STER BEST OF 765 876=!! VOL.1 (FLAC),,2010,RAR,,/00-偶像大师 ALL IN ONE/1-765AS/本家CD/[09] BEST OF 765+876=!!/[2010.05.12] THE iDOLM@STER BEST OF 765 876=!! VOL.1 (FLAC).rar,,imas,永久,待分享,,2750
resource-e5999dc7b169,765AS,CD,[09] BEST OF 765+876=!!,[2010.06.02] THE iDOLM@STER BEST OF 765 876=!! VOL.2 (FLAC),,2010,RAR,,/00-偶像大师 ALL IN ONE/1-765AS/本家CD/[09] BEST OF 765+876=!!/[2010.06.02] THE iDOLM@STER BEST OF 765 876=!! VOL.2 (FLAC).rar,,imas,永久,待分享,,2760
resource-2690f83b4954,765AS,CD,[09] BEST OF 765+876=!!,[2010.06.23] THE iDOLM@STER BEST OF 765 876=!! BGM Collection (FLAC),,2010,RAR,,/00-偶像大师 ALL IN ONE/1-765AS/本家CD/[09] BEST OF 765+876=!!/[2010.06.23] THE iDOLM@STER BEST OF 765 876=!! BGM Collection (FLAC).rar,,imas,永久,待分享,,2770
resource-4ac48f367b66,765AS,CD,[09] BEST OF 765+876=!!,[2010.06.23] THE iDOLM@STER BEST OF 765 876=!! VOL.3 (FLAC),,2010,RAR,,/00-偶像大师 ALL IN ONE/1-765AS/本家CD/[09] BEST OF 765+876=!!/[2010.06.23] THE iDOLM@STER BEST OF 765 876=!! VOL.3 (FLAC).rar,,imas,永久,待分享,,2780
resource-972dfeba03ae,765AS,CD,[10] MASTER ARTIST 2,[2010.09.22] THE iDOLM@STER MASTER ARTIST 2 -1st SEASON- 00 Prologue (FLAC),,2010,RAR,,/00-偶像大师 ALL IN ONE/1-765AS/本家CD/[10] MASTER ARTIST 2/[2010.09.22] THE iDOLM@STER MASTER ARTIST 2 -1st SEASON- 00 Prologue (FLAC).rar,,imas,永久,待分享,,2790
resource-8628150ceab9,765AS,CD,[10] MASTER ARTIST 2,[2010.11.03] THE iDOLM@STER MASTER ARTIST 2 -1st SEASON- 01 (FLAC),,2010,RAR,,/00-偶像大师 ALL IN ONE/1-765AS/本家CD/[10] MASTER ARTIST 2/[2010.11.03] THE iDOLM@STER MASTER ARTIST 2 -1st SEASON- 01 (FLAC).rar,,imas,永久,待分享,,2800
resource-78caea96bfb3,765AS,CD,[10] MASTER ARTIST 2,[2010.11.03] THE iDOLM@STER MASTER ARTIST 2 -1st SEASON- 02 (FLAC),,2010,RAR,,/00-偶像大师 ALL IN ONE/1-765AS/本家CD/[10] MASTER ARTIST 2/[2010.11.03] THE iDOLM@STER MASTER ARTIST 2 -1st SEASON- 02 (FLAC).rar,,imas,永久,待分享,,2810
resource-3c917a2795cd,765AS,CD,[10] MASTER ARTIST 2,[2010.12.01] THE iDOLM@STER MASTER ARTIST 2 -1st SEASON- 04 (FLAC),,2010,RAR,,/00-偶像大师 ALL IN ONE/1-765AS/本家CD/[10] MASTER ARTIST 2/[2010.12.01] THE iDOLM@STER MASTER ARTIST 2 -1st SEASON- 04 (FLAC).rar,,imas,永久,待分享,,2820
resource-475cd6115d84,765AS,CD,[10] MASTER ARTIST 2,[2010.12.01] THE iDOLM@STER MASTER ARTIST 2 -1st SEASON- 05 (FLAC),,2010,RAR,,/00-偶像大师 ALL IN ONE/1-765AS/本家CD/[10] MASTER ARTIST 2/[2010.12.01] THE iDOLM@STER MASTER ARTIST 2 -1st SEASON- 05 (FLAC).rar,,imas,永久,待分享,,2830
resource-0ba82794396c,765AS,CD,[10] MASTER ARTIST 2,[2010.12.01] THE iDOLM@STER MASTER ARTIST 2 -1st SEASON- 06 (FLAC),,2010,RAR,,/00-偶像大师 ALL IN ONE/1-765AS/本家CD/[10] MASTER ARTIST 2/[2010.12.01] THE iDOLM@STER MASTER ARTIST 2 -1st SEASON- 06 (FLAC).rar,,imas,永久,待分享,,2840
resource-f18c35b258c7,765AS,CD,[10] MASTER ARTIST 2,[2010.12.29] THE iDOLM@STER MASTER ARTIST 2 -1st SEASON- 09 (FLAC),,2010,RAR,,/00-偶像大师 ALL IN ONE/1-765AS/本家CD/[10] MASTER ARTIST 2/[2010.12.29] THE iDOLM@STER MASTER ARTIST 2 -1st SEASON- 09 (FLAC).rar,,imas,永久,待分享,,2850
resource-d982cb8f5f13,765AS,CD,[10] MASTER ARTIST 2,[2011.05.25] THE iDOLM@STER MASTER ARTIST 2 -2nd SEASON- 01 (FLAC),,2011,RAR,,/00-偶像大师 ALL IN ONE/1-765AS/本家CD/[10] MASTER ARTIST 2/[2011.05.25] THE iDOLM@STER MASTER ARTIST 2 -2nd SEASON- 01 (FLAC).rar,,imas,永久,待分享,,2860
resource-805af302c763,765AS,CD,[10] MASTER ARTIST 2,[2011.06.22] THE iDOLM@STER MASTER ARTIST 2 -2nd SEASON- 03 (FLAC),,2011,RAR,,/00-偶像大师 ALL IN ONE/1-765AS/本家CD/[10] MASTER ARTIST 2/[2011.06.22] THE iDOLM@STER MASTER ARTIST 2 -2nd SEASON- 03 (FLAC).rar,,imas,永久,待分享,,2870
resource-2cefed775737,765AS,CD,[10] MASTER ARTIST 2,[2011.06.22] THE iDOLM@STER MASTER ARTIST 2 -2nd SEASON- 04 (FLAC),,2011,RAR,,/00-偶像大师 ALL IN ONE/1-765AS/本家CD/[10] MASTER ARTIST 2/[2011.06.22] THE iDOLM@STER MASTER ARTIST 2 -2nd SEASON- 04 (FLAC).rar,,imas,永久,待分享,,2880
resource-c070d217a1b6,765AS,CD,[10] MASTER ARTIST 2,THE IDOLM@STER MASTER ARTIST 2 -FIRST SEASON- 03 星井美希,,,RAR,,/00-偶像大师 ALL IN ONE/1-765AS/本家CD/[10] MASTER ARTIST 2/THE IDOLM@STER MASTER ARTIST 2 -FIRST SEASON- 03 星井美希.rar,,imas,永久,待分享,,2890
resource-fe2567834bc0,765AS,CD,[10] MASTER ARTIST 2,THE IDOLM@STER MASTER ARTIST 2 -FIRST SEASON- 07 萩原雪歩,,,RAR,,/00-偶像大师 ALL IN ONE/1-765AS/本家CD/[10] MASTER ARTIST 2/THE IDOLM@STER MASTER ARTIST 2 -FIRST SEASON- 07 萩原雪歩.rar,,imas,永久,待分享,,2900
resource-23b061c2482f,765AS,CD,[10] MASTER ARTIST 2,THE IDOLM@STER MASTER ARTIST 2 -FIRST SEASON- 08 双海真美,,,RAR,,/00-偶像大师 ALL IN ONE/1-765AS/本家CD/[10] MASTER ARTIST 2/THE IDOLM@STER MASTER ARTIST 2 -FIRST SEASON- 08 双海真美.rar,,imas,永久,待分享,,2910
resource-10efbe87fd6f,765AS,CD,[10] MASTER ARTIST 2,THE iDOLM@STER MASTER ARTIST 2 -SECOND SEASON- 02 双海亜美,,,RAR,,/00-偶像大师 ALL IN ONE/1-765AS/本家CD/[10] MASTER ARTIST 2/THE iDOLM@STER MASTER ARTIST 2 -SECOND SEASON- 02 双海亜美.rar,,imas,永久,待分享,,2920
resource-707a4b5a3b76,765AS,CD,[11] 765PRO ALLSTARS+ GRE@TEST BEST!,[2013.09.18] THE iDOLM@STER 765PRO ALLSTARS+ GRE@TEST BEST! -THE IDOLM@STER HISTORY- (FLAC),,2013,RAR,,/00-偶像大师 ALL IN ONE/1-765AS/本家CD/[11] 765PRO ALLSTARS+ GRE@TEST BEST!/[2013.09.18] THE iDOLM@STER 765PRO ALLSTARS+ GRE@TEST BEST! -THE IDOLM@STER HISTORY- (FLAC).rar,,imas,永久,待分享,,2930
resource-befb6d904063,765AS,CD,[11] 765PRO ALLSTARS+ GRE@TEST BEST!,[2013.10.23] THE iDOLM@STER 765PRO ALLSTARS  GRE@TEST BEST! -SWEET&SMILE!- (WAV CUE),,2013,RAR,,/00-偶像大师 ALL IN ONE/1-765AS/本家CD/[11] 765PRO ALLSTARS+ GRE@TEST BEST!/[2013.10.23] THE iDOLM@STER 765PRO ALLSTARS  GRE@TEST BEST! -SWEET&SMILE!- (WAV CUE).rar,,imas,永久,待分享,,2940
resource-cf1e4e4452d0,765AS,CD,[11] 765PRO ALLSTARS+ GRE@TEST BEST!,[2013.11.20] THE iDOLM@STER 765PRO ALLSTARS  GRE@TEST BEST! -COOL&BITTER!- (FLAC),,2013,RAR,,/00-偶像大师 ALL IN ONE/1-765AS/本家CD/[11] 765PRO ALLSTARS+ GRE@TEST BEST!/[2013.11.20] THE iDOLM@STER 765PRO ALLSTARS  GRE@TEST BEST! -COOL&BITTER!- (FLAC).rar,,imas,永久,待分享,,2950
resource-f44f71e94c35,765AS,CD,[11] 765PRO ALLSTARS+ GRE@TEST BEST!,[2013.12.18] THE iDOLM@STER 765PRO ALLSTARS  GRE@TEST BEST! －LOVE＆PEACE!－(WAV CUE),,2013,RAR,,/00-偶像大师 ALL IN ONE/1-765AS/本家CD/[11] 765PRO ALLSTARS+ GRE@TEST BEST!/[2013.12.18] THE iDOLM@STER 765PRO ALLSTARS  GRE@TEST BEST! －LOVE＆PEACE!－(WAV CUE).rar,,imas,永久,待分享,,2960
resource-b6bc8e4e2119,765AS,CD,[12] TO D@NCE TO（Remix）,2014.07.23 [COCX-38668] The Remixes Collection THE iDOLM@STER TO D@NCE TO,,2014,RAR,,/00-偶像大师 ALL IN ONE/1-765AS/本家CD/[12] TO D@NCE TO（Remix）/2014.07.23 [COCX-38668] The Remixes Collection THE iDOLM@STER TO D@NCE TO.rar,,imas,永久,待分享,,2970
resource-9305ab3e2366,765AS,CD,[12] TO D@NCE TO（Remix）,2020.08.05 [SACX-1063] The Remixes Collection THE iDOLM@STER TO D@NCE TO !! Vol.1,,2020,RAR,,/00-偶像大师 ALL IN ONE/1-765AS/本家CD/[12] TO D@NCE TO（Remix）/2020.08.05 [SACX-1063] The Remixes Collection THE iDOLM@STER TO D@NCE TO !! Vol.1.rar,,imas,永久,待分享,,2980
resource-b1a9642c89dd,765AS,CD,[12] TO D@NCE TO（Remix）,2020.11.11 [SACX-1067] The Remixes Collection THE iDOLM@STER TO D@NCE TO !! Vol.2,,2020,RAR,,/00-偶像大师 ALL IN ONE/1-765AS/本家CD/[12] TO D@NCE TO（Remix）/2020.11.11 [SACX-1067] The Remixes Collection THE iDOLM@STER TO D@NCE TO !! Vol.2.rar,,imas,永久,待分享,,2990
resource-25797993c4ff,765AS,CD,[12] TO D@NCE TO（Remix）,2021.02.11 [SACX-1070] The Remixes Collection THE IDOLM@STER TO D@NCE TO !! Vol.3,,2021,RAR,,/00-偶像大师 ALL IN ONE/1-765AS/本家CD/[12] TO D@NCE TO（Remix）/2021.02.11 [SACX-1070] The Remixes Collection THE IDOLM@STER TO D@NCE TO !! Vol.3.rar,,imas,永久,待分享,,3000
resource-274831f7ffe0,765AS,CD,[12] TO D@NCE TO（Remix）,2021.06.16 [SACX-1073] The Remixes Collection THE iDOLM@STER TO D@NCE TO !! Vol.4,,2021,RAR,,/00-偶像大师 ALL IN ONE/1-765AS/本家CD/[12] TO D@NCE TO（Remix）/2021.06.16 [SACX-1073] The Remixes Collection THE iDOLM@STER TO D@NCE TO !! Vol.4.rar,,imas,永久,待分享,,3010
resource-d29120eb9f23,765AS,CD,[13] MASTER ARTIST 3,[2015.04.22] THE iDOLM@STER MASTER ARTIST 3 03 (FLAC),,2015,RAR,,/00-偶像大师 ALL IN ONE/1-765AS/本家CD/[13] MASTER ARTIST 3/[2015.04.22] THE iDOLM@STER MASTER ARTIST 3 03 (FLAC).rar,,imas,永久,待分享,,3020
resource-845c6256606f,765AS,CD,[13] MASTER ARTIST 3,[2015.06.03] THE iDOLM@STER MASTER ARTIST 3 05 (FLAC),,2015,RAR,,/00-偶像大师 ALL IN ONE/1-765AS/本家CD/[13] MASTER ARTIST 3/[2015.06.03] THE iDOLM@STER MASTER ARTIST 3 05 (FLAC).rar,,imas,永久,待分享,,3030
resource-05c16245cb2f,765AS,CD,[13] MASTER ARTIST 3,[2015.06.03] THE iDOLM@STER MASTER ARTIST 3 06 (FLAC),,2015,RAR,,/00-偶像大师 ALL IN ONE/1-765AS/本家CD/[13] MASTER ARTIST 3/[2015.06.03] THE iDOLM@STER MASTER ARTIST 3 06 (FLAC).rar,,imas,永久,待分享,,3040
resource-c9d068022a7d,765AS,CD,[13] MASTER ARTIST 3,[2015.07.08] THE iDOLM@STER MASTER ARTIST 3 07 (FLAC),,2015,RAR,,/00-偶像大师 ALL IN ONE/1-765AS/本家CD/[13] MASTER ARTIST 3/[2015.07.08] THE iDOLM@STER MASTER ARTIST 3 07 (FLAC).rar,,imas,永久,待分享,,3050
resource-23847d78bc2b,765AS,CD,[13] MASTER ARTIST 3,[2015.11.11] THE iDOLM@STER MASTER ARTIST 3 13 (FLAC),,2015,RAR,,/00-偶像大师 ALL IN ONE/1-765AS/本家CD/[13] MASTER ARTIST 3/[2015.11.11] THE iDOLM@STER MASTER ARTIST 3 13 (FLAC).rar,,imas,永久,待分享,,3060
resource-d38faff44642,765AS,CD,[13] MASTER ARTIST 3,[2016.02.17] THE iDOLM@STER MASTER ARTIST 3 FINALE Destiny Blu-ray Disc Audio (FLAC),,2016,RAR,,/00-偶像大师 ALL IN ONE/1-765AS/本家CD/[13] MASTER ARTIST 3/[2016.02.17] THE iDOLM@STER MASTER ARTIST 3 FINALE Destiny Blu-ray Disc Audio (FLAC).rar,,imas,永久,待分享,,3070
resource-e1f650c2c5db,765AS,CD,[13] MASTER ARTIST 3,THE IDOLM@STER MASTER ARTIST 3 01 天海春香,,,RAR,,/00-偶像大师 ALL IN ONE/1-765AS/本家CD/[13] MASTER ARTIST 3/THE IDOLM@STER MASTER ARTIST 3 01 天海春香.rar,,imas,永久,待分享,,3080
resource-e2054fd453a3,765AS,CD,[13] MASTER ARTIST 3,THE IDOLM@STER MASTER ARTIST 3 02 我那覇響,,,RAR,,/00-偶像大师 ALL IN ONE/1-765AS/本家CD/[13] MASTER ARTIST 3/THE IDOLM@STER MASTER ARTIST 3 02 我那覇響.rar,,imas,永久,待分享,,3090
resource-cbb8737a7b58,765AS,CD,[13] MASTER ARTIST 3,THE IDOLM@STER MASTER ARTIST 3 04 星井美希,,,RAR,,/00-偶像大师 ALL IN ONE/1-765AS/本家CD/[13] MASTER ARTIST 3/THE IDOLM@STER MASTER ARTIST 3 04 星井美希.rar,,imas,永久,待分享,,3100
resource-7b0222870ded,765AS,CD,[13] MASTER ARTIST 3,THE IDOLM@STER MASTER ARTIST 3 08 双海真美,,,RAR,,/00-偶像大师 ALL IN ONE/1-765AS/本家CD/[13] MASTER ARTIST 3/THE IDOLM@STER MASTER ARTIST 3 08 双海真美.rar,,imas,永久,待分享,,3110
resource-3d3c32f7951e,765AS,CD,[13] MASTER ARTIST 3,THE IDOLM@STER MASTER ARTIST 3 09 萩原雪歩,,,RAR,,/00-偶像大师 ALL IN ONE/1-765AS/本家CD/[13] MASTER ARTIST 3/THE IDOLM@STER MASTER ARTIST 3 09 萩原雪歩.rar,,imas,永久,待分享,,3120
resource-2b0be548a079,765AS,CD,[13] MASTER ARTIST 3,THE IDOLM@STER MASTER ARTIST 3 10 高槻やよい,,,RAR,,/00-偶像大师 ALL IN ONE/1-765AS/本家CD/[13] MASTER ARTIST 3/THE IDOLM@STER MASTER ARTIST 3 10 高槻やよい.rar,,imas,永久,待分享,,3130
resource-988a0ce932ca,765AS,CD,[13] MASTER ARTIST 3,THE IDOLM@STER MASTER ARTIST 3 12 双海亜美,,,RAR,,/00-偶像大师 ALL IN ONE/1-765AS/本家CD/[13] MASTER ARTIST 3/THE IDOLM@STER MASTER ARTIST 3 12 双海亜美.rar,,imas,永久,待分享,,3140
resource-69c055167de9,765AS,CD,[13] MASTER ARTIST 3,THE IDOLM@STER MASTER ARTIST 3 FINALE Destiny CD,,,RAR,,/00-偶像大师 ALL IN ONE/1-765AS/本家CD/[13] MASTER ARTIST 3/THE IDOLM@STER MASTER ARTIST 3 FINALE Destiny CD.rar,,imas,永久,待分享,,3150
resource-9d56bfa8562e,765AS,CD,[13] MASTER ARTIST 3,THE iDOLM@STER MASTER ARTIST 3 PROLOGUE ONLY MY NOTE,,,RAR,,/00-偶像大师 ALL IN ONE/1-765AS/本家CD/[13] MASTER ARTIST 3/THE iDOLM@STER MASTER ARTIST 3 PROLOGUE ONLY MY NOTE.rar,,imas,永久,待分享,,3160
resource-f78293c925e5,765AS,CD,[14] PLATINUM MASTER,[2016.08.17] THE iDOLM@STER PLATINUM MASTER 01 Miracle Night,,2016,RAR,,/00-偶像大师 ALL IN ONE/1-765AS/本家CD/[14] PLATINUM MASTER/[2016.08.17] THE iDOLM@STER PLATINUM MASTER 01 Miracle Night.rar,,imas,永久,待分享,,3170
resource-989a87f89ec9,765AS,CD,[14] PLATINUM MASTER,[2017.03.29] THE IDOLM@STER PLATINUM MASTER ENCORE 紅白応援V (FLAC CUE),,2017,RAR,,/00-偶像大师 ALL IN ONE/1-765AS/本家CD/[14] PLATINUM MASTER/[2017.03.29] THE IDOLM@STER PLATINUM MASTER ENCORE 紅白応援V (FLAC CUE).rar,,imas,永久,待分享,,3180
resource-a7abb49e97d4,765AS,CD,[14] PLATINUM MASTER,THE IDOLM@STER PLATINUM MASTER 00 Happy!,,,RAR,,/00-偶像大师 ALL IN ONE/1-765AS/本家CD/[14] PLATINUM MASTER/THE IDOLM@STER PLATINUM MASTER 00 Happy!.rar,,imas,永久,待分享,,3190
resource-0cf77d9303c2,765AS,CD,[14] PLATINUM MASTER,THE IDOLM@STER PLATINUM MASTER 02 僕たちのResistance,,,RAR,,/00-偶像大师 ALL IN ONE/1-765AS/本家CD/[14] PLATINUM MASTER/THE IDOLM@STER PLATINUM MASTER 02 僕たちのResistance.rar,,imas,永久,待分享,,3200
resource-d94a3189ff53,765AS,CD,[14] PLATINUM MASTER,THE IDOLM@STER PLATINUM MASTER 03 アマテラス,,,RAR,,/00-偶像大师 ALL IN ONE/1-765AS/本家CD/[14] PLATINUM MASTER/THE IDOLM@STER PLATINUM MASTER 03 アマテラス.rar,,imas,永久,待分享,,3210
resource-de36ee5653c2,765AS,CD,[15] MASTER PRIMAL,[2017.08.22] THE iDOLM@STER MASTER PRIMAL ROCKIN' RED (FLAC),,2017,RAR,,/00-偶像大师 ALL IN ONE/1-765AS/本家CD/[15] MASTER PRIMAL/[2017.08.22] THE iDOLM@STER MASTER PRIMAL ROCKIN' RED (FLAC).rar,,imas,永久,待分享,,3220
resource-101c382bbdac,765AS,CD,[15] MASTER PRIMAL,[2017.10.18] THE iDOLM@STER MASTER PRIMAL DANCIN' BLUE (FLAC),,2017,RAR,,/00-偶像大师 ALL IN ONE/1-765AS/本家CD/[15] MASTER PRIMAL/[2017.10.18] THE iDOLM@STER MASTER PRIMAL DANCIN' BLUE (FLAC).rar,,imas,永久,待分享,,3230
resource-2d4dd0398f2b,765AS,CD,[15] MASTER PRIMAL,[2017.12.22] THE iDOLM@STER MASTER PRIMAL POPPIN' YELLOW (FLAC),,2017,RAR,,/00-偶像大师 ALL IN ONE/1-765AS/本家CD/[15] MASTER PRIMAL/[2017.12.22] THE iDOLM@STER MASTER PRIMAL POPPIN' YELLOW (FLAC).rar,,imas,永久,待分享,,3240
resource-d9956f53de79,765AS,CD,[16] STELLA MASTER,[2017.12.22] THE iDOLM@STER STELLA MASTER 00 ToP!!!!!!!!!!!!!,,2017,RAR,,/00-偶像大师 ALL IN ONE/1-765AS/本家CD/[16] STELLA MASTER/[2017.12.22] THE iDOLM@STER STELLA MASTER 00 ToP!!!!!!!!!!!!!.rar,,imas,永久,待分享,,3250
resource-6b4fb2bcac37,765AS,CD,[16] STELLA MASTER,[2018.03.14] THE IDOLM@STER STELLA MASTER 02 星彩ステッパー,,2018,RAR,,/00-偶像大师 ALL IN ONE/1-765AS/本家CD/[16] STELLA MASTER/[2018.03.14] THE IDOLM@STER STELLA MASTER 02 星彩ステッパー.rar,,imas,永久,待分享,,3260
resource-2355992ef6d2,765AS,CD,[16] STELLA MASTER,THE IDOLM@STER STELLA MASTER 01 Vertex Meister,,,RAR,,/00-偶像大师 ALL IN ONE/1-765AS/本家CD/[16] STELLA MASTER/THE IDOLM@STER STELLA MASTER 01 Vertex Meister.rar,,imas,永久,待分享,,3270
resource-669d05008f28,765AS,CD,[16] STELLA MASTER,THE IDOLM@STER STELLA MASTER 03 そしてぼくらは旅にでる,,,RAR,,/00-偶像大师 ALL IN ONE/1-765AS/本家CD/[16] STELLA MASTER/THE IDOLM@STER STELLA MASTER 03 そしてぼくらは旅にでる.rar,,imas,永久,待分享,,3280
resource-5b9e5ac53ebb,765AS,CD,[16] STELLA MASTER,THE IDOLM@STER STELLA MASTER ENCORE shy→shining,,,RAR,,/00-偶像大师 ALL IN ONE/1-765AS/本家CD/[16] STELLA MASTER/THE IDOLM@STER STELLA MASTER ENCORE shy→shining.rar,,imas,永久,待分享,,3290
resource-64f4d964891d,765AS,CD,[17] MASTER ARTIST 4,THE IDOLM@STER MASTER ARTIST 4 01 天海春香,,,RAR,,/00-偶像大师 ALL IN ONE/1-765AS/本家CD/[17] MASTER ARTIST 4/THE IDOLM@STER MASTER ARTIST 4 01 天海春香.rar,,imas,永久,待分享,,3300
resource-2e012f5f3d08,765AS,CD,[17] MASTER ARTIST 4,THE IDOLM@STER MASTER ARTIST 4 02 四条貴音,,,RAR,,/00-偶像大师 ALL IN ONE/1-765AS/本家CD/[17] MASTER ARTIST 4/THE IDOLM@STER MASTER ARTIST 4 02 四条貴音.rar,,imas,永久,待分享,,3310
resource-4994fe566820,765AS,CD,[17] MASTER ARTIST 4,THE IDOLM@STER MASTER ARTIST 4 03 高槻やよい,,,RAR,,/00-偶像大师 ALL IN ONE/1-765AS/本家CD/[17] MASTER ARTIST 4/THE IDOLM@STER MASTER ARTIST 4 03 高槻やよい.rar,,imas,永久,待分享,,3320
resource-7a96328d4e0a,765AS,CD,[17] MASTER ARTIST 4,THE IDOLM@STER MASTER ARTIST 4 04 菊地真,,,RAR,,/00-偶像大师 ALL IN ONE/1-765AS/本家CD/[17] MASTER ARTIST 4/THE IDOLM@STER MASTER ARTIST 4 04 菊地真.rar,,imas,永久,待分享,,3330
resource-88a4e2609da2,765AS,CD,[17] MASTER ARTIST 4,THE IDOLM@STER MASTER ARTIST 4 05 我那覇響,,,RAR,,/00-偶像大师 ALL IN ONE/1-765AS/本家CD/[17] MASTER ARTIST 4/THE IDOLM@STER MASTER ARTIST 4 05 我那覇響.rar,,imas,永久,待分享,,3340
resource-e8620d87abc5,765AS,CD,[17] MASTER ARTIST 4,THE IDOLM@STER MASTER ARTIST 4 06 双海亜美,,,RAR,,/00-偶像大师 ALL IN ONE/1-765AS/本家CD/[17] MASTER ARTIST 4/THE IDOLM@STER MASTER ARTIST 4 06 双海亜美.rar,,imas,永久,待分享,,3350
resource-eb4bc5e62fed,765AS,CD,[17] MASTER ARTIST 4,THE IDOLM@STER MASTER ARTIST 4 07 星井美希,,,RAR,,/00-偶像大师 ALL IN ONE/1-765AS/本家CD/[17] MASTER ARTIST 4/THE IDOLM@STER MASTER ARTIST 4 07 星井美希.rar,,imas,永久,待分享,,3360
resource-41ebbe7b4476,765AS,CD,[17] MASTER ARTIST 4,THE IDOLM@STER MASTER ARTIST 4 08 三浦あずさ,,,RAR,,/00-偶像大师 ALL IN ONE/1-765AS/本家CD/[17] MASTER ARTIST 4/THE IDOLM@STER MASTER ARTIST 4 08 三浦あずさ.rar,,imas,永久,待分享,,3370
resource-810105d33e1b,765AS,CD,[17] MASTER ARTIST 4,THE IDOLM@STER MASTER ARTIST 4 09 秋月律子,,,ZIP,,/00-偶像大师 ALL IN ONE/1-765AS/本家CD/[17] MASTER ARTIST 4/THE IDOLM@STER MASTER ARTIST 4 09 秋月律子.zip,,imas,永久,待分享,,3380
resource-cce4e171d2dc,765AS,CD,[17] MASTER ARTIST 4,THE IDOLM@STER MASTER ARTIST 4 10 如月千早 [FLAC],,,RAR,,/00-偶像大师 ALL IN ONE/1-765AS/本家CD/[17] MASTER ARTIST 4/THE IDOLM@STER MASTER ARTIST 4 10 如月千早 [FLAC].rar,,imas,永久,待分享,,3390
resource-8f9ca0aa2d14,765AS,CD,[17] MASTER ARTIST 4,THE IDOLM@STER MASTER ARTIST 4 11 萩原雪歩,,,RAR,,/00-偶像大师 ALL IN ONE/1-765AS/本家CD/[17] MASTER ARTIST 4/THE IDOLM@STER MASTER ARTIST 4 11 萩原雪歩.rar,,imas,永久,待分享,,3400
resource-a381a380d297,765AS,CD,[17] MASTER ARTIST 4,THE IDOLM@STER MASTER ARTIST 4 12 水濑伊织,,,RAR,,/00-偶像大师 ALL IN ONE/1-765AS/本家CD/[17] MASTER ARTIST 4/THE IDOLM@STER MASTER ARTIST 4 12 水濑伊织.rar,,imas,永久,待分享,,3410
resource-207606610d1b,765AS,CD,[17] MASTER ARTIST 4,THE IDOLM@STER MASTER ARTIST 4 13 双海真美,,,RAR,,/00-偶像大师 ALL IN ONE/1-765AS/本家CD/[17] MASTER ARTIST 4/THE IDOLM@STER MASTER ARTIST 4 13 双海真美.rar,,imas,永久,待分享,,3420
resource-09cf986742d5,765AS,CD,[18] STARLIT SEASON,2021.10.14 [TK-01] THE IDOLM@STER STARLIT SEASON Original Soundtrack,,2021,RAR,,/00-偶像大师 ALL IN ONE/1-765AS/本家CD/[18] STARLIT SEASON/2021.10.14 [TK-01] THE IDOLM@STER STARLIT SEASON Original Soundtrack.rar,,imas,永久,待分享,,3430
resource-780bb75e59a3,765AS,CD,[18] STARLIT SEASON,THE IDOLM@STER STARLIT SEASON 00 GR@TITUDE,,,RAR,,/00-偶像大师 ALL IN ONE/1-765AS/本家CD/[18] STARLIT SEASON/THE IDOLM@STER STARLIT SEASON 00 GR@TITUDE.rar,,imas,永久,待分享,,3440
resource-92d7693bf2cb,765AS,Hi-Res,[18] STARLIT SEASON,THE IDOLM@STER STARLIT SEASON 01[96kHz／24bit][FLAC],,,RAR Hi-Res,,/00-偶像大师 ALL IN ONE/1-765AS/本家CD/[18] STARLIT SEASON/THE IDOLM@STER STARLIT SEASON 01[96kHz／24bit][FLAC].rar,,imas,永久,待分享,,3450
resource-3d3f4e2512b1,765AS,Hi-Res,[18] STARLIT SEASON,THE IDOLM@STER STARLIT SEASON 02[96kHz／24bit][FLAC],,,RAR Hi-Res,,/00-偶像大师 ALL IN ONE/1-765AS/本家CD/[18] STARLIT SEASON/THE IDOLM@STER STARLIT SEASON 02[96kHz／24bit][FLAC].rar,,imas,永久,待分享,,3460
resource-ab7ac96f22d0,765AS,Hi-Res,[18] STARLIT SEASON,THE IDOLM@STER STARLIT SEASON 03[96kHz／24bit][FLAC],,,RAR Hi-Res,,/00-偶像大师 ALL IN ONE/1-765AS/本家CD/[18] STARLIT SEASON/THE IDOLM@STER STARLIT SEASON 03[96kHz／24bit][FLAC].rar,,imas,永久,待分享,,3470
resource-f08880a96d59,765AS,Hi-Res,[18] STARLIT SEASON,THE IDOLM@STER STARLIT SEASON 04[96kHz／24bit][FLAC],,,RAR Hi-Res,,/00-偶像大师 ALL IN ONE/1-765AS/本家CD/[18] STARLIT SEASON/THE IDOLM@STER STARLIT SEASON 04[96kHz／24bit][FLAC].rar,,imas,永久,待分享,,3480
resource-c58463b7a693,765AS,游戏音源,虽然不是偶像大师但是你能用同一个模拟器玩的【太鼓达人 7】街机,taiko7 arcadedefs,,,ZIP,,/00-偶像大师 ALL IN ONE/1-765AS/游戏/[2005] The IDOLM@STER「街机硬盘+加密狗」/虽然不是偶像大师但是你能用同一个模拟器玩的【太鼓达人 7】街机/taiko7 arcadedefs.zip,,imas,永久,待分享,,3490
resource-d2d6b707bc94,765AS,游戏音源,虽然不是偶像大师但是你能用同一个模拟器玩的【太鼓达人 7】街机,taiko7 dongle,,,ZIP,,/00-偶像大师 ALL IN ONE/1-765AS/游戏/[2005] The IDOLM@STER「街机硬盘+加密狗」/虽然不是偶像大师但是你能用同一个模拟器玩的【太鼓达人 7】街机/taiko7 dongle.zip,,imas,永久,待分享,,3500
resource-4439361484e6,765AS,游戏音源,虽然不是偶像大师但是你能用同一个模拟器玩的【太鼓达人 7】街机,taiko7,,,ZIP,,/00-偶像大师 ALL IN ONE/1-765AS/游戏/[2005] The IDOLM@STER「街机硬盘+加密狗」/虽然不是偶像大师但是你能用同一个模拟器玩的【太鼓达人 7】街机/taiko7.zip,,imas,永久,待分享,,3510
resource-66f14e0e24a0,765AS,游戏音源,idolm,NM00022 IDM1-HA (HDD).part1,,,RAR,,/00-偶像大师 ALL IN ONE/1-765AS/游戏/[2005] The IDOLM@STER「街机硬盘+加密狗」/idolm/NM00022 IDM1-HA (HDD).part1.rar,,imas,永久,待分享,,3520
resource-e4b90296b13d,765AS,游戏音源,idolm,NM00022 IDM1-HA (HDD).part2,,,RAR,,/00-偶像大师 ALL IN ONE/1-765AS/游戏/[2005] The IDOLM@STER「街机硬盘+加密狗」/idolm/NM00022 IDM1-HA (HDD).part2.rar,,imas,永久,待分享,,3530
resource-dc6ecdb2f6fe,765AS,游戏音源,[2005] The IDOLM@STER「街机硬盘+加密狗」,ti dongle,,,ZIP,,/00-偶像大师 ALL IN ONE/1-765AS/游戏/[2005] The IDOLM@STER「街机硬盘+加密狗」/ti dongle.zip,,imas,永久,待分享,,3540
resource-dd0ddf43666a,765AS,游戏音源,IM@S XBOX360,IM@S XBOX360 本体.part1,,,RAR,,/00-偶像大师 ALL IN ONE/1-765AS/游戏/[2007] 偶像大师 箱版无印「日版」/IM@S XBOX360/IM@S XBOX360 本体.part1.rar,,imas,永久,待分享,,3550
resource-10e7be26f463,765AS,游戏音源,IM@S XBOX360,IM@S XBOX360 本体.part2,,,RAR,,/00-偶像大师 ALL IN ONE/1-765AS/游戏/[2007] 偶像大师 箱版无印「日版」/IM@S XBOX360/IM@S XBOX360 本体.part2.rar,,imas,永久,待分享,,3560
resource-bccfd6080acb,765AS,游戏音源,IM@S XBOX360,IM@S XBOX360 DLC,,,RAR,,/00-偶像大师 ALL IN ONE/1-765AS/游戏/[2007] 偶像大师 箱版无印「日版」/IM@S XBOX360/IM@S XBOX360 DLC.rar,,imas,永久,待分享,,3570
resource-5f09b7fe6eda,765AS,游戏音源,IM@S XBOX360,IM@S XBOX360 TU,,,RAR,,/00-偶像大师 ALL IN ONE/1-765AS/游戏/[2007] 偶像大师 箱版无印「日版」/IM@S XBOX360/IM@S XBOX360 TU.rar,,imas,永久,待分享,,3580
resource-e1c0f636b967,765AS,游戏音源,[2007] 偶像大师 箱版无印「日版」,X360偶像大师日版.part01,,,RAR,,/00-偶像大师 ALL IN ONE/1-765AS/游戏/[2007] 偶像大师 箱版无印「日版」/X360偶像大师日版.part01.rar,,imas,永久,待分享,,3590
resource-c3b68f5cbfae,765AS,游戏音源,[2007] 偶像大师 箱版无印「日版」,X360偶像大师日版.part02,,,RAR,,/00-偶像大师 ALL IN ONE/1-765AS/游戏/[2007] 偶像大师 箱版无印「日版」/X360偶像大师日版.part02.rar,,imas,永久,待分享,,3600
resource-9109b460b326,765AS,游戏音源,[2007] 偶像大师 箱版无印「日版」,X360偶像大师日版.part03,,,RAR,,/00-偶像大师 ALL IN ONE/1-765AS/游戏/[2007] 偶像大师 箱版无印「日版」/X360偶像大师日版.part03.rar,,imas,永久,待分享,,3610
resource-382ab78ec4d0,765AS,游戏音源,[2007] 偶像大师 箱版无印「日版」,X360偶像大师日版.part04,,,RAR,,/00-偶像大师 ALL IN ONE/1-765AS/游戏/[2007] 偶像大师 箱版无印「日版」/X360偶像大师日版.part04.rar,,imas,永久,待分享,,3620
resource-5806d7d70a9e,765AS,游戏音源,[2007] 偶像大师 箱版无印「日版」,X360偶像大师日版.part05,,,RAR,,/00-偶像大师 ALL IN ONE/1-765AS/游戏/[2007] 偶像大师 箱版无印「日版」/X360偶像大师日版.part05.rar,,imas,永久,待分享,,3630
resource-e0e187a17a7a,765AS,游戏音源,[2007] 偶像大师 箱版无印「日版」,X360偶像大师日版.part06,,,RAR,,/00-偶像大师 ALL IN ONE/1-765AS/游戏/[2007] 偶像大师 箱版无印「日版」/X360偶像大师日版.part06.rar,,imas,永久,待分享,,3640
resource-71fde52c2738,765AS,游戏音源,[2007] 偶像大师 箱版无印「日版」,X360偶像大师日版.part07,,,RAR,,/00-偶像大师 ALL IN ONE/1-765AS/游戏/[2007] 偶像大师 箱版无印「日版」/X360偶像大师日版.part07.rar,,imas,永久,待分享,,3650
resource-86f084798ad4,765AS,游戏音源,Idolm@ster Live For You DLC,Misc DLC,,,RAR,,/00-偶像大师 ALL IN ONE/1-765AS/游戏/[2008] 偶像大师 Live For You!「X360日版」/Idolm@ster Live For You DLC/Misc DLC.rar,,imas,永久,待分享,,3660
resource-b2c02c88ca10,765AS,游戏音源,[2008] 偶像大师 Live For You!「X360日版」,xenia_canary,,,ZIP,,/00-偶像大师 ALL IN ONE/1-765AS/游戏/[2008] 偶像大师 Live For You!「X360日版」/xenia_canary.zip,,imas,永久,待分享,,3670
resource-ac822138acb2,765AS,游戏音源,[2009] 偶像大师SP「PSP汉化」,[完整]THE iDOLM@STER SP DLC [NPXP00100]-With EBOOT,,,ZIP,,/00-偶像大师 ALL IN ONE/1-765AS/游戏/[2009] 偶像大师SP「PSP汉化」/[完整]THE iDOLM@STER SP DLC [NPXP00100]-With EBOOT.zip,,imas,永久,待分享,,3680
resource-c916ea636578,765AS,游戏音源,[2009] 偶像大师SP「PSP汉化」,[DLC汉化补丁][25-3-27]NPXP00100,,,7Z,,/00-偶像大师 ALL IN ONE/1-765AS/游戏/[2009] 偶像大师SP「PSP汉化」/[DLC汉化补丁][25-3-27]NPXP00100.7z,,imas,永久,待分享,,3690
resource-1dcdb5c6ab3c,765AS,游戏音源,[2009] 偶像大师SP「PSP汉化」,1-PerfectSun(25-2-28),,,ISO,,/00-偶像大师 ALL IN ONE/1-765AS/游戏/[2009] 偶像大师SP「PSP汉化」/1-PerfectSun(25-2-28).iso,,imas,永久,待分享,,3700
resource-87204a8e1147,765AS,游戏音源,[2009] 偶像大师SP「PSP汉化」,2-WonderingStar(24-12-28),,,ISO,,/00-偶像大师 ALL IN ONE/1-765AS/游戏/[2009] 偶像大师SP「PSP汉化」/2-WonderingStar(24-12-28).iso,,imas,永久,待分享,,3710
resource-41baf4930cc4,765AS,游戏音源,[2009] 偶像大师SP「PSP汉化」,3-MissingMoon(25-2-28),,,ISO,,/00-偶像大师 ALL IN ONE/1-765AS/游戏/[2009] 偶像大师SP「PSP汉化」/3-MissingMoon(25-2-28).iso,,imas,永久,待分享,,3720
resource-1607a7424c1f,765AS,游戏音源,[2009] 偶像大师SP「PSP汉化」,偶像大师 SP DLC,,,RAR,,/00-偶像大师 ALL IN ONE/1-765AS/游戏/[2009] 偶像大师SP「PSP汉化」/偶像大师 SP DLC.rar,,imas,永久,待分享,,3730
resource-ca3426431e7a,765AS,游戏音源,[2009] 偶像大师SP「PSP汉化」,字体高清纹理包,,,7Z,,/00-偶像大师 ALL IN ONE/1-765AS/游戏/[2009] 偶像大师SP「PSP汉化」/字体高清纹理包.7z,,imas,永久,待分享,,3740
resource-aa9dfa01c086,765AS,游戏音源,[2011] 偶像大师 Gravure For You「拍照小游戏」,偶像大师 灰姑娘女孩 G4U Vol.1,,,ZIP,,/00-偶像大师 ALL IN ONE/1-765AS/游戏/[2011] 偶像大师 Gravure For You「拍照小游戏」/偶像大师 灰姑娘女孩 G4U Vol.1.zip,,imas,永久,待分享,,3750
resource-ceac81e5a3e8,765AS,游戏音源,[2011] 偶像大师 Gravure For You「拍照小游戏」,偶像大师 灰姑娘女孩 G4U Vol.2,,,ZIP,,/00-偶像大师 ALL IN ONE/1-765AS/游戏/[2011] 偶像大师 Gravure For You「拍照小游戏」/偶像大师 灰姑娘女孩 G4U Vol.2.zip,,imas,永久,待分享,,3760
resource-c0b55de29379,765AS,游戏音源,[2011] 偶像大师 Gravure For You「拍照小游戏」,偶像大师 灰姑娘女孩 G4U Vol.3,,,ZIP,,/00-偶像大师 ALL IN ONE/1-765AS/游戏/[2011] 偶像大师 Gravure For You「拍照小游戏」/偶像大师 灰姑娘女孩 G4U Vol.3.zip,,imas,永久,待分享,,3770
resource-705200a12776,765AS,游戏音源,[2011] 偶像大师 Gravure For You「拍照小游戏」,偶像大师 灰姑娘女孩 G4U Vol.4,,,ZIP,,/00-偶像大师 ALL IN ONE/1-765AS/游戏/[2011] 偶像大师 Gravure For You「拍照小游戏」/偶像大师 灰姑娘女孩 G4U Vol.4.zip,,imas,永久,待分享,,3780
resource-b26fa27edf71,765AS,游戏音源,[2011] 偶像大师 Gravure For You「拍照小游戏」,偶像大师 灰姑娘女孩 G4U Vol.5,,,ZIP,,/00-偶像大师 ALL IN ONE/1-765AS/游戏/[2011] 偶像大师 Gravure For You「拍照小游戏」/偶像大师 灰姑娘女孩 G4U Vol.5.zip,,imas,永久,待分享,,3790
resource-6d05a61807f1,765AS,游戏音源,[2011] 偶像大师 Gravure For You「拍照小游戏」,偶像大师 灰姑娘女孩 G4U Vol.6,,,ZIP,,/00-偶像大师 ALL IN ONE/1-765AS/游戏/[2011] 偶像大师 Gravure For You「拍照小游戏」/偶像大师 灰姑娘女孩 G4U Vol.6.zip,,imas,永久,待分享,,3800
resource-56207af011b6,765AS,游戏音源,[2011] 偶像大师 Gravure For You「拍照小游戏」,偶像大师 灰姑娘女孩 G4U Vol.7,,,ZIP,,/00-偶像大师 ALL IN ONE/1-765AS/游戏/[2011] 偶像大师 Gravure For You「拍照小游戏」/偶像大师 灰姑娘女孩 G4U Vol.7.zip,,imas,永久,待分享,,3810
resource-f1040e03361f,765AS,游戏音源,[2011] 偶像大师 Gravure For You「拍照小游戏」,偶像大师 灰姑娘女孩 G4U Vol.8,,,ZIP,,/00-偶像大师 ALL IN ONE/1-765AS/游戏/[2011] 偶像大师 Gravure For You「拍照小游戏」/偶像大师 灰姑娘女孩 G4U Vol.8.zip,,imas,永久,待分享,,3820
resource-57f8ca72ec8a,765AS,游戏音源,[2011] 偶像大师 Gravure For You「拍照小游戏」,偶像大师 灰姑娘女孩 G4U Vol.9,,,ZIP,,/00-偶像大师 ALL IN ONE/1-765AS/游戏/[2011] 偶像大师 Gravure For You「拍照小游戏」/偶像大师 灰姑娘女孩 G4U Vol.9.zip,,imas,永久,待分享,,3830
resource-1106281fe9f9,765AS,游戏音源,[2011] 偶像大师 Gravure For You「拍照小游戏」,偶像大师2 G4U Vol.1,,,ZIP,,/00-偶像大师 ALL IN ONE/1-765AS/游戏/[2011] 偶像大师 Gravure For You「拍照小游戏」/偶像大师2 G4U Vol.1.zip,,imas,永久,待分享,,3840
resource-f839ff632ce8,765AS,游戏音源,[2011] 偶像大师 Gravure For You「拍照小游戏」,偶像大师2 G4U Vol.2,,,ZIP,,/00-偶像大师 ALL IN ONE/1-765AS/游戏/[2011] 偶像大师 Gravure For You「拍照小游戏」/偶像大师2 G4U Vol.2.zip,,imas,永久,待分享,,3850
resource-a10e587909fc,765AS,游戏音源,[2011] 偶像大师 Gravure For You「拍照小游戏」,偶像大师2 G4U Vol.3,,,ZIP,,/00-偶像大师 ALL IN ONE/1-765AS/游戏/[2011] 偶像大师 Gravure For You「拍照小游戏」/偶像大师2 G4U Vol.3.zip,,imas,永久,待分享,,3860
resource-a89178448296,765AS,游戏音源,[2011] 偶像大师 Gravure For You「拍照小游戏」,偶像大师2 G4U Vol.4,,,ZIP,,/00-偶像大师 ALL IN ONE/1-765AS/游戏/[2011] 偶像大师 Gravure For You「拍照小游戏」/偶像大师2 G4U Vol.4.zip,,imas,永久,待分享,,3870
resource-08237705d56a,765AS,游戏音源,[2011] 偶像大师 Gravure For You「拍照小游戏」,偶像大师2 G4U Vol.5,,,ZIP,,/00-偶像大师 ALL IN ONE/1-765AS/游戏/[2011] 偶像大师 Gravure For You「拍照小游戏」/偶像大师2 G4U Vol.5.zip,,imas,永久,待分享,,3880
resource-05871e524253,765AS,游戏音源,[2011] 偶像大师 Gravure For You「拍照小游戏」,偶像大师2 G4U Vol.6,,,ZIP,,/00-偶像大师 ALL IN ONE/1-765AS/游戏/[2011] 偶像大师 Gravure For You「拍照小游戏」/偶像大师2 G4U Vol.6.zip,,imas,永久,待分享,,3890
resource-4bd272f8c21c,765AS,游戏音源,[2011] 偶像大师 Gravure For You「拍照小游戏」,偶像大师2 G4U Vol.7,,,ZIP,,/00-偶像大师 ALL IN ONE/1-765AS/游戏/[2011] 偶像大师 Gravure For You「拍照小游戏」/偶像大师2 G4U Vol.7.zip,,imas,永久,待分享,,3900
resource-e202be6165ff,765AS,游戏音源,[2011] 偶像大师 Gravure For You「拍照小游戏」,偶像大师2 G4U Vol.8,,,ZIP,,/00-偶像大师 ALL IN ONE/1-765AS/游戏/[2011] 偶像大师 Gravure For You「拍照小游戏」/偶像大师2 G4U Vol.8.zip,,imas,永久,待分享,,3910
resource-767fc02a022c,765AS,游戏音源,[2011] 偶像大师 Gravure For You「拍照小游戏」,偶像大师2 G4U Vol.9,,,ZIP,,/00-偶像大师 ALL IN ONE/1-765AS/游戏/[2011] 偶像大师 Gravure For You「拍照小游戏」/偶像大师2 G4U Vol.9.zip,,imas,永久,待分享,,3920
resource-4867494231dd,765AS,游戏音源,[2011] 偶像大师 SHINY FESTA「TFO汉化组」,插帧软件 Lossless Scaling,,,7Z,,/00-偶像大师 ALL IN ONE/1-765AS/游戏/[2011] 偶像大师 SHINY FESTA「TFO汉化组」/插帧软件 Lossless Scaling.7z,,imas,永久,待分享,,3930
resource-a586f4f85741,765AS,游戏音源,[2011] 偶像大师 SHINY FESTA「TFO汉化组」,偶像大师闪耀祭典魅惑旋律,,,ISO,,/00-偶像大师 ALL IN ONE/1-765AS/游戏/[2011] 偶像大师 SHINY FESTA「TFO汉化组」/偶像大师闪耀祭典魅惑旋律.iso,,imas,永久,待分享,,3940
resource-81eca0ada2d1,765AS,游戏音源,[2011] 偶像大师 SHINY FESTA「TFO汉化组」,偶像大师闪耀祭典特殊音符,,,ISO,,/00-偶像大师 ALL IN ONE/1-765AS/游戏/[2011] 偶像大师 SHINY FESTA「TFO汉化组」/偶像大师闪耀祭典特殊音符.iso,,imas,永久,待分享,,3950
resource-a72ecc86d117,765AS,游戏音源,[2011] 偶像大师 SHINY FESTA「TFO汉化组」,偶像大师闪耀祭典甜蜜歌声,,,ISO,,/00-偶像大师 ALL IN ONE/1-765AS/游戏/[2011] 偶像大师 SHINY FESTA「TFO汉化组」/偶像大师闪耀祭典甜蜜歌声.iso,,imas,永久,待分享,,3960
resource-298f3e9592c7,765AS,游戏音源,[2011] 偶像大师2「PS3日版」,《偶像大师2》PS3[日版].part1,,,RAR,,/00-偶像大师 ALL IN ONE/1-765AS/游戏/[2011] 偶像大师2「PS3日版」/《偶像大师2》PS3[日版].part1.rar,,imas,永久,待分享,,3970
resource-9961bb49962c,765AS,游戏音源,[2011] 偶像大师2「PS3日版」,《偶像大师2》PS3[日版].part2,,,RAR,,/00-偶像大师 ALL IN ONE/1-765AS/游戏/[2011] 偶像大师2「PS3日版」/《偶像大师2》PS3[日版].part2.rar,,imas,永久,待分享,,3980
resource-551cb2f045d7,765AS,游戏音源,[2011] 偶像大师2「PS3日版」,《偶像大师2》PS3[日版].part3,,,RAR,,/00-偶像大师 ALL IN ONE/1-765AS/游戏/[2011] 偶像大师2「PS3日版」/《偶像大师2》PS3[日版].part3.rar,,imas,永久,待分享,,3990
resource-a090219c7ccf,765AS,游戏音源,[2011] 偶像大师2「PS3日版」,《偶像大师2》PS3[日版].part4,,,RAR,,/00-偶像大师 ALL IN ONE/1-765AS/游戏/[2011] 偶像大师2「PS3日版」/《偶像大师2》PS3[日版].part4.rar,,imas,永久,待分享,,4000
resource-144ae2c4574b,765AS,游戏音源,[2011] 偶像大师2「PS3日版」,《偶像大师2》PS3[日版].part5,,,RAR,,/00-偶像大师 ALL IN ONE/1-765AS/游戏/[2011] 偶像大师2「PS3日版」/《偶像大师2》PS3[日版].part5.rar,,imas,永久,待分享,,4010
resource-b39968b9bb40,765AS,游戏音源,[2011] 偶像大师2「PS3日版」,iDOLMASTER2CompleteDLC,,,ZIP,,/00-偶像大师 ALL IN ONE/1-765AS/游戏/[2011] 偶像大师2「PS3日版」/iDOLMASTER2CompleteDLC.zip,,imas,永久,待分享,,4020
resource-7568ba4d41dd,765AS,游戏音源,[2013] iM@S CHANNEL「PS3日版」,game,,,ZIP,,/00-偶像大师 ALL IN ONE/1-765AS/游戏/[2013] iM@S CHANNEL「PS3日版」/game.zip,,imas,永久,待分享,,4030
resource-4783378c65e5,765AS,游戏音源,202507 初版 懒人包 BY破鱼【旧的】,THE iDOLM@STER One For All.part1,,,RAR,,/00-偶像大师 ALL IN ONE/1-765AS/游戏/[2014] 偶像大师 ONE FOR ALL「PS3汉化」/202507 初版 懒人包 BY破鱼【旧的】/THE iDOLM@STER One For All.part1.rar,,imas,永久,待分享,,4040
resource-31ccab6a4e20,765AS,游戏音源,202507 初版 懒人包 BY破鱼【旧的】,THE iDOLM@STER One For All.part2,,,RAR,,/00-偶像大师 ALL IN ONE/1-765AS/游戏/[2014] 偶像大师 ONE FOR ALL「PS3汉化」/202507 初版 懒人包 BY破鱼【旧的】/THE iDOLM@STER One For All.part2.rar,,imas,永久,待分享,,4050
resource-bc107afd1620,765AS,游戏音源,202507 初版 懒人包 BY破鱼【旧的】,THE iDOLM@STER One For All.part3,,,RAR,,/00-偶像大师 ALL IN ONE/1-765AS/游戏/[2014] 偶像大师 ONE FOR ALL「PS3汉化」/202507 初版 懒人包 BY破鱼【旧的】/THE iDOLM@STER One For All.part3.rar,,imas,永久,待分享,,4060
resource-a01a8128d696,765AS,游戏音源,202507 初版 懒人包 BY破鱼【旧的】,THE iDOLM@STER One For All.part4,,,RAR,,/00-偶像大师 ALL IN ONE/1-765AS/游戏/[2014] 偶像大师 ONE FOR ALL「PS3汉化」/202507 初版 懒人包 BY破鱼【旧的】/THE iDOLM@STER One For All.part4.rar,,imas,永久,待分享,,4070
resource-779fc0a47c5d,765AS,游戏音源,202507 初版 懒人包 BY破鱼【旧的】,THE iDOLM@STER One For All.part5,,,RAR,,/00-偶像大师 ALL IN ONE/1-765AS/游戏/[2014] 偶像大师 ONE FOR ALL「PS3汉化」/202507 初版 懒人包 BY破鱼【旧的】/THE iDOLM@STER One For All.part5.rar,,imas,永久,待分享,,4080
resource-0dabc960f7bf,765AS,游戏音源,202507 初版 懒人包 BY破鱼【旧的】,THE iDOLM@STER One For All.part6,,,RAR,,/00-偶像大师 ALL IN ONE/1-765AS/游戏/[2014] 偶像大师 ONE FOR ALL「PS3汉化」/202507 初版 懒人包 BY破鱼【旧的】/THE iDOLM@STER One For All.part6.rar,,imas,永久,待分享,,4090
resource-8fc8f6d27fbb,765AS,游戏音源,20260118 懒人包 BY芹菜P 【不会打补丁的下这个】,偶像大师OFA懒人包2026.01.18,,,ZIP,,/00-偶像大师 ALL IN ONE/1-765AS/游戏/[2014] 偶像大师 ONE FOR ALL「PS3汉化」/20260118 懒人包 BY芹菜P 【不会打补丁的下这个】/偶像大师OFA懒人包2026.01.18.zip,,imas,永久,待分享,,4100
resource-7edc98c98fab,765AS,游戏音源,围炉整理版,【围炉整理】,,,MP4 / RAR,,/00-偶像大师 ALL IN ONE/1-765AS/游戏/[2014] 偶像大师 ONE FOR ALL「PS3汉化」/围炉整理版/【围炉整理】,,imas,永久,待分享,,4110
resource-60e36565520e,765AS,游戏音源,【汉化文件】,【备用】模拟器用固件,,,RAR,,/00-偶像大师 ALL IN ONE/1-765AS/游戏/[2014] 偶像大师 ONE FOR ALL「PS3汉化」/围炉整理版/【围炉整理】/【汉化文件】/【备用】模拟器用固件.rar,,imas,永久,待分享,,4120
resource-c0bdf01cfbd9,765AS,游戏音源,【汉化文件】,汉化补丁,,,RAR,,/00-偶像大师 ALL IN ONE/1-765AS/游戏/[2014] 偶像大师 ONE FOR ALL「PS3汉化」/围炉整理版/【围炉整理】/【汉化文件】/汉化补丁.rar,,imas,永久,待分享,,4130
resource-439c436aa506,765AS,游戏音源,【汉化文件】,全解锁存档savedata,,,RAR,,/00-偶像大师 ALL IN ONE/1-765AS/游戏/[2014] 偶像大师 ONE FOR ALL「PS3汉化」/围炉整理版/【围炉整理】/【汉化文件】/全解锁存档savedata.rar,,imas,永久,待分享,,4140
resource-1aa00f3ef112,765AS,游戏音源,【汉化文件】,日版镜像,,,RAR,,/00-偶像大师 ALL IN ONE/1-765AS/游戏/[2014] 偶像大师 ONE FOR ALL「PS3汉化」/围炉整理版/【围炉整理】/【汉化文件】/日版镜像.rar,,imas,永久,待分享,,4150
resource-f44c055cb534,765AS,游戏音源,【金手指】,金手指,,,RAR,,/00-偶像大师 ALL IN ONE/1-765AS/游戏/[2014] 偶像大师 ONE FOR ALL「PS3汉化」/围炉整理版/【围炉整理】/【金手指】/金手指.rar,,imas,永久,待分享,,4160
resource-00fb78a42f8f,765AS,游戏音源,【全DLC免授权补丁】,1.07升级补丁,,,RAR,,/00-偶像大师 ALL IN ONE/1-765AS/游戏/[2014] 偶像大师 ONE FOR ALL「PS3汉化」/围炉整理版/【围炉整理】/【全DLC免授权补丁】/1.07升级补丁.rar,,imas,永久,待分享,,4170
resource-2fe46a322145,765AS,游戏音源,【全DLC免授权补丁】,DLC免授权补丁,,,RAR,,/00-偶像大师 ALL IN ONE/1-765AS/游戏/[2014] 偶像大师 ONE FOR ALL「PS3汉化」/围炉整理版/【围炉整理】/【全DLC免授权补丁】/DLC免授权补丁.rar,,imas,永久,待分享,,4180
resource-e5b235317394,765AS,游戏音源,【全DLC免授权补丁】,DLC数据包,,,RAR,,/00-偶像大师 ALL IN ONE/1-765AS/游戏/[2014] 偶像大师 ONE FOR ALL「PS3汉化」/围炉整理版/【围炉整理】/【全DLC免授权补丁】/DLC数据包.rar,,imas,永久,待分享,,4190
resource-19d9237eb1e4,765AS,游戏音源,【全DLC免授权补丁】,DLC整合[备用],,,RAR,,/00-偶像大师 ALL IN ONE/1-765AS/游戏/[2014] 偶像大师 ONE FOR ALL「PS3汉化」/围炉整理版/【围炉整理】/【全DLC免授权补丁】/DLC整合[备用].rar,,imas,永久,待分享,,4200
resource-4fb286c7d64a,765AS,游戏音源,【游戏存档】,存档,,,RAR,,/00-偶像大师 ALL IN ONE/1-765AS/游戏/[2014] 偶像大师 ONE FOR ALL「PS3汉化」/围炉整理版/【围炉整理】/【游戏存档】/存档.rar,,imas,永久,待分享,,4210
resource-7aedb69e4548,765AS,游戏音源,【围炉整理】,偶像大师 ONE FOR ALL,,,RAR,,/00-偶像大师 ALL IN ONE/1-765AS/游戏/[2014] 偶像大师 ONE FOR ALL「PS3汉化」/围炉整理版/【围炉整理】/偶像大师 ONE FOR ALL.rar,,imas,永久,待分享,,4220
resource-49cf33aba2e2,765AS,游戏音源,DLCs,Catalog #01,,,ZIP,,/00-偶像大师 ALL IN ONE/1-765AS/游戏/[2016] 偶像大师 白金星光「PS4-官方亚洲版-简中&繁中&韩语」/DLCs/Catalog #01.zip,,imas,永久,待分享,,4230
resource-c20c6649a902,765AS,游戏音源,DLCs,Catalog #02,,,ZIP,,/00-偶像大师 ALL IN ONE/1-765AS/游戏/[2016] 偶像大师 白金星光「PS4-官方亚洲版-简中&繁中&韩语」/DLCs/Catalog #02.zip,,imas,永久,待分享,,4240
resource-9e2ea5249d20,765AS,游戏音源,DLCs,Catalog #03,,,ZIP,,/00-偶像大师 ALL IN ONE/1-765AS/游戏/[2016] 偶像大师 白金星光「PS4-官方亚洲版-简中&繁中&韩语」/DLCs/Catalog #03.zip,,imas,永久,待分享,,4250
resource-23f58cae3a19,765AS,游戏音源,DLCs,Catalog #04,,,ZIP,,/00-偶像大师 ALL IN ONE/1-765AS/游戏/[2016] 偶像大师 白金星光「PS4-官方亚洲版-简中&繁中&韩语」/DLCs/Catalog #04.zip,,imas,永久,待分享,,4260
resource-e3f7995724cd,765AS,游戏音源,DLCs,Catalog #05,,,ZIP,,/00-偶像大师 ALL IN ONE/1-765AS/游戏/[2016] 偶像大师 白金星光「PS4-官方亚洲版-简中&繁中&韩语」/DLCs/Catalog #05.zip,,imas,永久,待分享,,4270
resource-9aaba2846d1b,765AS,游戏音源,DLCs,Catalog #06,,,ZIP,,/00-偶像大师 ALL IN ONE/1-765AS/游戏/[2016] 偶像大师 白金星光「PS4-官方亚洲版-简中&繁中&韩语」/DLCs/Catalog #06.zip,,imas,永久,待分享,,4280
resource-77c9f4185ea3,765AS,游戏音源,[2016] 偶像大师 白金星光「PS4-官方亚洲版-简中&繁中&韩语」,Main Game PKG,,,ZIP,,/00-偶像大师 ALL IN ONE/1-765AS/游戏/[2016] 偶像大师 白金星光「PS4-官方亚洲版-简中&繁中&韩语」/Main Game PKG.zip,,imas,永久,待分享,,4290
resource-c75f5e03da09,765AS,游戏音源,[2017] 偶像大师 星光舞台「PS4-官方亚洲版-简中&繁中&韩语」,你可能用得上但是也用不上的PS411.00提取固件,,,ZIP,,/00-偶像大师 ALL IN ONE/1-765AS/游戏/[2017] 偶像大师 星光舞台「PS4-官方亚洲版-简中&繁中&韩语」/你可能用得上但是也用不上的PS411.00提取固件.zip,,imas,永久,待分享,,4300
resource-bcc711cc292f,765AS,游戏音源,[2017] 偶像大师 星光舞台「PS4-官方亚洲版-简中&繁中&韩语」,CUSA09153,,,ZIP,,/00-偶像大师 ALL IN ONE/1-765AS/游戏/[2017] 偶像大师 星光舞台「PS4-官方亚洲版-简中&繁中&韩语」/CUSA09153.zip,,imas,永久,待分享,,4310
resource-6cb7e28cea5a,765AS,Hi-Res,其他,[SerinaP] 765PRO ALLSTARS COLLECTION [qAAC_TVBR q109],,,ZIP Hi-Res,,/00-偶像大师 ALL IN ONE/1-765AS/HiRes高解析度音频/[SerinaP] 765PRO ALLSTARS COLLECTION [qAAC_TVBR q109].zip,,imas,永久,待分享,,4320
resource-a82376a963bf,765AS,Hi-Res,其他,01 偶像大师街机,,,FLAC Hi-Res,,/00-偶像大师 ALL IN ONE/1-765AS/HiRes高解析度音频/01 偶像大师街机,,imas,永久,待分享,,4330
resource-2e31177061c3,765AS,Hi-Res,其他,02 偶像大师x360 L4U,,,FLAC Hi-Res,,/00-偶像大师 ALL IN ONE/1-765AS/HiRes高解析度音频/02 偶像大师x360 L4U,,imas,永久,待分享,,4340
resource-5525da8d9e5b,765AS,Hi-Res,其他,03 MA,,,FLAC Hi-Res,,/00-偶像大师 ALL IN ONE/1-765AS/HiRes高解析度音频/03 MA,,imas,永久,待分享,,4350
resource-75aac2cff210,765AS,Hi-Res,其他,04 偶像大师SP,,,FLAC Hi-Res,,/00-偶像大师 ALL IN ONE/1-765AS/HiRes高解析度音频/04 偶像大师SP,,imas,永久,待分享,,4360
resource-7800af0e6798,765AS,Hi-Res,其他,05 偶像大师 2 MEGARE,,,FLAC Hi-Res,,/00-偶像大师 ALL IN ONE/1-765AS/HiRes高解析度音频/05 偶像大师 2 MEGARE,,imas,永久,待分享,,4370
resource-0e01552485ed,765AS,Hi-Res,其他,05 偶像大师2,,,FLAC Hi-Res,,/00-偶像大师 ALL IN ONE/1-765AS/HiRes高解析度音频/05 偶像大师2,,imas,永久,待分享,,4380
resource-acbacb2eb30d,765AS,Hi-Res,其他,06 偶像大师DS,,,FLAC Hi-Res,,/00-偶像大师 ALL IN ONE/1-765AS/HiRes高解析度音频/06 偶像大师DS,,imas,永久,待分享,,4390
resource-fb55431fab0b,765AS,Hi-Res,其他,07 偶像大师动画 剧场版,,,FLAC Hi-Res,,/00-偶像大师 ALL IN ONE/1-765AS/HiRes高解析度音频/07 偶像大师动画 剧场版,,imas,永久,待分享,,4400
resource-5db4b78e1591,765AS,Hi-Res,其他,08 初恋组曲,,,FLAC Hi-Res,,/00-偶像大师 ALL IN ONE/1-765AS/HiRes高解析度音频/08 初恋组曲,,imas,永久,待分享,,4410
resource-b41db09607b5,765AS,Hi-Res,其他,09 偶像大师OFA,,,FLAC Hi-Res,,/00-偶像大师 ALL IN ONE/1-765AS/HiRes高解析度音频/09 偶像大师OFA,,imas,永久,待分享,,4420
resource-ddec5e069850,765AS,Hi-Res,其他,10 白金星光舞台,,,FLAC Hi-Res,,/00-偶像大师 ALL IN ONE/1-765AS/HiRes高解析度音频/10 白金星光舞台,,imas,永久,待分享,,4430
resource-5012daab9b23,765AS,Hi-Res,其他,11 星耀季节,,,FLAC Hi-Res,,/00-偶像大师 ALL IN ONE/1-765AS/HiRes高解析度音频/11 星耀季节,,imas,永久,待分享,,4440
resource-82e8ae82d905,765AS,Hi-Res,其他,专辑曲,,,FLAC Hi-Res,,/00-偶像大师 ALL IN ONE/1-765AS/HiRes高解析度音频/专辑曲,,imas,永久,待分享,,4450
resource-22d6c0efc2dd,765AS,SACD,其他,[250110]SSMS-074(SACD-ISO),,2025,DSD,,/00-偶像大师 ALL IN ONE/1-765AS/SACD（DSD）/[250110]SSMS-074(SACD-ISO).zip,,imas,永久,待分享,,4460
resource-2cd65dba538d,765AS,SACD,其他,[250110]SSMS-075~6(SACD-ISO),,2025,DSD,,/00-偶像大师 ALL IN ONE/1-765AS/SACD（DSD）/[250110]SSMS-075~6(SACD-ISO).zip,,imas,永久,待分享,,4470
resource-abda9f92b6ac,765AS,SACD,其他,[250312]SSMS-077~8-1X HD(SACD-ISO),,2025,DSD,,/00-偶像大师 ALL IN ONE/1-765AS/SACD（DSD）/[250312]SSMS-077~8-1X HD(SACD-ISO).zip,,imas,永久,待分享,,4480
resource-1b0786f1471f,765AS,SACD,其他,[250312]SSMS-079~80-1X HD(SACD-ISO),,2025,DSD,,/00-偶像大师 ALL IN ONE/1-765AS/SACD（DSD）/[250312]SSMS-079~80-1X HD(SACD-ISO).zip,,imas,永久,待分享,,4490
resource-1b47637c4da9,灰姑娘女孩,动画,其他版本,[VCB-Studio] THE IDOLM@STER CINDERELLA GIRLS [Ma10p_1080p],,,MKV / ZIP,,/00-偶像大师 ALL IN ONE/2-灰姑娘女孩/灰姑娘女孩动画/其他版本/[VCB-Studio] THE IDOLM@STER CINDERELLA GIRLS [Ma10p_1080p],,imas,永久,待分享,,4500
resource-9504c57820f0,灰姑娘女孩,动画,[VCB-Studio] THE IDOLM@STER CINDERELLA GIRLS [Ma10p_1080p],Scans,,,ZIP,,/00-偶像大师 ALL IN ONE/2-灰姑娘女孩/灰姑娘女孩动画/其他版本/[VCB-Studio] THE IDOLM@STER CINDERELLA GIRLS [Ma10p_1080p]/Scans.zip,,imas,永久,待分享,,4510
resource-308c1cee462d,灰姑娘女孩,动画,[VCB-Studio] THE IDOLM@STER CINDERELLA GIRLS [Ma10p_1080p],SPs,,,MKV,,/00-偶像大师 ALL IN ONE/2-灰姑娘女孩/灰姑娘女孩动画/其他版本/[VCB-Studio] THE IDOLM@STER CINDERELLA GIRLS [Ma10p_1080p]/SPs,,imas,永久,待分享,,4520
resource-4b747528aea6,灰姑娘女孩,动画,其他,正片动画,,,MP4,,/00-偶像大师 ALL IN ONE/2-灰姑娘女孩/灰姑娘女孩动画/正片动画,,imas,永久,待分享,,4530
resource-b43b151589f8,灰姑娘女孩,动画,其他,U149,,,MP4,,/00-偶像大师 ALL IN ONE/2-灰姑娘女孩/灰姑娘女孩动画/U149,,imas,永久,待分享,,4540
resource-abdc5a11056c,灰姑娘女孩,CD,0 跨企划 场贩 特殊CD,[2014.10.22] CG M@STERS OF IDOL WORLD!! 2014 ☆ IDOL POWER RAINBOW,,2014,RAR,,/00-偶像大师 ALL IN ONE/2-灰姑娘女孩/灰姑娘女孩CD/0 跨企划 场贩 特殊CD/[2014.10.22] CG M@STERS OF IDOL WORLD!! 2014 ☆ IDOL POWER RAINBOW.rar,https://pan.baidu.com/netdisk/share?surl=8a-h3WSeWmItfGkhW_P82A&pwd=imas,imas,永久,可用,2026-07-16,4550
resource-42e8a0093568,灰姑娘女孩,CD,0 跨企划 场贩 特殊CD,[2014.12.28] CG ORIGINAL CD SET -1111 BRIGHTS and MAGICS-,,2014,RAR,,/00-偶像大师 ALL IN ONE/2-灰姑娘女孩/灰姑娘女孩CD/0 跨企划 场贩 特殊CD/[2014.12.28] CG ORIGINAL CD SET -1111 BRIGHTS and MAGICS-.rar,https://pan.baidu.com/netdisk/share?surl=SR0UyLkTlHg-xH-WXQW74Q&pwd=imas,imas,永久,可用,2026-07-16,4560
resource-9f6e210a4f82,灰姑娘女孩,CD,0 跨企划 场贩 特殊CD,[2015.09.12] CG サガン鳥栖 サポートソング ☆ 青空エール,,2015,RAR,,/00-偶像大师 ALL IN ONE/2-灰姑娘女孩/灰姑娘女孩CD/0 跨企划 场贩 特殊CD/[2015.09.12] CG サガン鳥栖 サポートソング ☆ 青空エール.rar,https://pan.baidu.com/netdisk/share?surl=jtUzU_7TGNI5kDn27ICfwQ&pwd=imas,imas,永久,可用,2026-07-16,4570
resource-0d1aa90806d8,灰姑娘女孩,CD,0 跨企划 场贩 特殊CD,[2015.12.24] CG Hotel Moonside -Extended Live Version-,,2015,RAR,,/00-偶像大师 ALL IN ONE/2-灰姑娘女孩/灰姑娘女孩CD/0 跨企划 场贩 特殊CD/[2015.12.24] CG Hotel Moonside -Extended Live Version-.rar,https://pan.baidu.com/netdisk/share?surl=XKu3eTTb62_UdsBFf5-iQQ&pwd=imas,imas,永久,可用,2026-07-16,4580
resource-fb8ca9b46c37,灰姑娘女孩,CD,0 跨企划 场贩 特殊CD,[2016.06.15] CG M@STERS OF IDOL WORLD!! 2015 ☆ アイ MUST GO!,,2016,RAR,,/00-偶像大师 ALL IN ONE/2-灰姑娘女孩/灰姑娘女孩CD/0 跨企划 场贩 特殊CD/[2016.06.15] CG M@STERS OF IDOL WORLD!! 2015 ☆ アイ MUST GO!.rar,https://pan.baidu.com/netdisk/share?surl=8BgKnnczAUbH2LSq4P5q9g&pwd=imas,imas,永久,可用,2026-07-16,4590
resource-2e0a9273d42c,灰姑娘女孩,CD,0 跨企划 场贩 特殊CD,[2017.01.25] CG VIEWING REVOLUTION -Yes! Party Time!!-,,2017,RAR,,/00-偶像大师 ALL IN ONE/2-灰姑娘女孩/灰姑娘女孩CD/0 跨企划 场贩 特殊CD/[2017.01.25] CG VIEWING REVOLUTION -Yes! Party Time!!-.rar,https://pan.baidu.com/netdisk/share?surl=x59WRSB6mE2-tCAx1sewiA&pwd=imas,imas,永久,可用,2026-07-16,4600
resource-9dd51ea8fe93,灰姑娘女孩,CD,0 跨企划 场贩 特殊CD,[2017.08.12] CG TO D@NCE TO -Serendipity Parade!!!-,,2017,RAR,,/00-偶像大师 ALL IN ONE/2-灰姑娘女孩/灰姑娘女孩CD/0 跨企划 场贩 特殊CD/[2017.08.12] CG TO D@NCE TO -Serendipity Parade!!!-.rar,https://pan.baidu.com/netdisk/share?surl=HoE3xkE5esYn9ZJltahBQg&pwd=imas,imas,永久,可用,2026-07-16,4610
resource-9b185d986e0a,灰姑娘女孩,CD,0 跨企划 场贩 特殊CD,[2018.07.18] CG STAR LIVE -Stage Bye Stage-,,2018,RAR,,/00-偶像大师 ALL IN ONE/2-灰姑娘女孩/灰姑娘女孩CD/0 跨企划 场贩 特殊CD/[2018.07.18] CG STAR LIVE -Stage Bye Stage-.rar,https://pan.baidu.com/netdisk/share?surl=TT-EaA32knRguvhk4rEO8Q&pwd=imas,imas,永久,可用,2026-07-16,4620
resource-227550a891c9,灰姑娘女孩,CD,0 跨企划 场贩 特殊CD,[2018.09.14] CG スパイスパラダイス ～カレーメシ Version～,,2018,RAR,,/00-偶像大师 ALL IN ONE/2-灰姑娘女孩/灰姑娘女孩CD/0 跨企划 场贩 特殊CD/[2018.09.14] CG スパイスパラダイス ～カレーメシ Version～.rar,https://pan.baidu.com/netdisk/share?surl=4AggqYUTPI1kE3XwJgI4Cw&pwd=imas,imas,永久,可用,2026-07-16,4630
resource-a559c48e4438,灰姑娘女孩,CD,0 跨企划 场贩 特殊CD,[2018.12.28] CG After20 オリジナル CD,,2018,RAR,,/00-偶像大师 ALL IN ONE/2-灰姑娘女孩/灰姑娘女孩CD/0 跨企划 场贩 特殊CD/[2018.12.28] CG After20 オリジナル CD.rar,https://pan.baidu.com/netdisk/share?surl=xJu2ZmEACdyL8LTdylyBgA&pwd=imas,imas,永久,可用,2026-07-16,4640
resource-c7db7c01af80,灰姑娘女孩,CD,0 跨企划 场贩 特殊CD,[2019.11.20] CG Spin-off! オウムアムアに幸運を,,2019,RAR,,/00-偶像大师 ALL IN ONE/2-灰姑娘女孩/灰姑娘女孩CD/0 跨企划 场贩 特殊CD/[2019.11.20] CG Spin-off! オウムアムアに幸運を.rar,https://pan.baidu.com/netdisk/share?surl=C-JfkbCZ0dCN2JpNx9i7wQ&pwd=imas,imas,永久,可用,2026-07-16,4650
resource-9eeb803e4949,灰姑娘女孩,CD,0 跨企划 场贩 特殊CD,[2020.09.30] CG なんどでも笑おう ☆ シンデレラガールズ盤,,2020,RAR,,/00-偶像大师 ALL IN ONE/2-灰姑娘女孩/灰姑娘女孩CD/0 跨企划 场贩 特殊CD/[2020.09.30] CG なんどでも笑おう ☆ シンデレラガールズ盤.rar,https://pan.baidu.com/netdisk/share?surl=Qhp5X2-Pk2Re3hLHlrZEuA&pwd=imas,imas,永久,可用,2026-07-16,4660
resource-954577de1530,灰姑娘女孩,CD,0 跨企划 场贩 特殊CD,[2021.03.17] CG MILLION LIVE! ☆ STAR EQUINOX,,2021,RAR,,/00-偶像大师 ALL IN ONE/2-灰姑娘女孩/灰姑娘女孩CD/0 跨企划 场贩 特殊CD/[2021.03.17] CG MILLION LIVE! ☆ STAR EQUINOX.rar,https://pan.baidu.com/netdisk/share?surl=dqEsyXDjVvRSfA0AcQq_3A&pwd=imas,imas,永久,可用,2026-07-16,4670
resource-58d4ac0a615b,灰姑娘女孩,CD,0 跨企划 场贩 特殊CD,[2021.07.28] CG POP LINKS TUNE!!!!!,,2021,RAR,,/00-偶像大师 ALL IN ONE/2-灰姑娘女孩/灰姑娘女孩CD/0 跨企划 场贩 特殊CD/[2021.07.28] CG POP LINKS TUNE!!!!!.rar,https://pan.baidu.com/netdisk/share?surl=4gpync-6YNNO7WRnmv33Lg&pwd=imas,imas,永久,可用,2026-07-16,4680
resource-d0175aadeb2b,灰姑娘女孩,CD,0 跨企划 场贩 特殊CD,[2021.08.04] CG VOY＠GER ☆ シンデレラガールズ盤,,2021,RAR,,/00-偶像大师 ALL IN ONE/2-灰姑娘女孩/灰姑娘女孩CD/0 跨企划 场贩 特殊CD/[2021.08.04] CG VOY＠GER ☆ シンデレラガールズ盤.rar,https://pan.baidu.com/netdisk/share?surl=yI5sXsMEZe7tG5iunz_6CA&pwd=imas,imas,永久,可用,2026-07-16,4690
resource-e4d9502f5a9e,灰姑娘女孩,CD,0 跨企划 场贩 特殊CD,[2022.04.02] CG TO DANCE TO TOO! -M@GICAL WONDERLAND!!!-,,2022,RAR,,/00-偶像大师 ALL IN ONE/2-灰姑娘女孩/灰姑娘女孩CD/0 跨企划 场贩 特殊CD/[2022.04.02] CG TO DANCE TO TOO! -M@GICAL WONDERLAND!!!-.rar,https://pan.baidu.com/netdisk/share?surl=pETGIKMWIG5KAmfCxhQNRA&pwd=imas,imas,永久,可用,2026-07-16,4700
resource-59ddc07878f5,灰姑娘女孩,CD,0 跨企划 场贩 特殊CD,[2023.12.06] CG 歌合戦テーマソング ☆ 異次元★♥BIGBANG,,2023,RAR,,/00-偶像大师 ALL IN ONE/2-灰姑娘女孩/灰姑娘女孩CD/0 跨企划 场贩 特殊CD/[2023.12.06] CG 歌合戦テーマソング ☆ 異次元★♥BIGBANG.rar,https://pan.baidu.com/netdisk/share?surl=CvPpvgS-5NqzuklLy7DIsw&pwd=imas,imas,永久,可用,2026-07-16,4710
resource-d252dddce14b,灰姑娘女孩,CD,0 跨企划 场贩 特殊CD,[2024.12.11] CG アイ NEED YOU (FWS) ☆ シンデレラガールズ盤,,2024,RAR,,/00-偶像大师 ALL IN ONE/2-灰姑娘女孩/灰姑娘女孩CD/0 跨企划 场贩 特殊CD/[2024.12.11] CG アイ NEED YOU (FWS) ☆ シンデレラガールズ盤.rar,https://pan.baidu.com/netdisk/share?surl=FxVCCDiA5XM4_M6uMxFlMQ&pwd=imas,imas,永久,可用,2026-07-16,4720
resource-5aa5acb99a9f,灰姑娘女孩,CD,[2012-2016] CINDERELLA MASTER Solo Songs -1st Wave-,[2012.04.18] CINDERELLA MASTER 001 渋谷凛,,2012,RAR,,/00-偶像大师 ALL IN ONE/2-灰姑娘女孩/灰姑娘女孩CD/1 CINDERELLA MASTER 系列/[2012-2016] CINDERELLA MASTER Solo Songs -1st Wave-/[2012.04.18] CINDERELLA MASTER 001 渋谷凛.rar,https://pan.baidu.com/netdisk/share?surl=Ql1Av0wcxeYVzR04Uxs9ng&pwd=imas,imas,永久,可用,2026-07-16,4730
resource-80f3efb7e99f,灰姑娘女孩,CD,[2012-2016] CINDERELLA MASTER Solo Songs -1st Wave-,[2012.04.18] CINDERELLA MASTER 002 双葉杏,,2012,RAR,,/00-偶像大师 ALL IN ONE/2-灰姑娘女孩/灰姑娘女孩CD/1 CINDERELLA MASTER 系列/[2012-2016] CINDERELLA MASTER Solo Songs -1st Wave-/[2012.04.18] CINDERELLA MASTER 002 双葉杏.rar,https://pan.baidu.com/netdisk/share?surl=k9ukfWe-fXy4lKnCilIR0A&pwd=imas,imas,永久,可用,2026-07-16,4740
resource-05e7ac3fa207,灰姑娘女孩,CD,[2012-2016] CINDERELLA MASTER Solo Songs -1st Wave-,[2012.04.18] CINDERELLA MASTER 003 三村かな子,,2012,RAR,,/00-偶像大师 ALL IN ONE/2-灰姑娘女孩/灰姑娘女孩CD/1 CINDERELLA MASTER 系列/[2012-2016] CINDERELLA MASTER Solo Songs -1st Wave-/[2012.04.18] CINDERELLA MASTER 003 三村かな子.rar,https://pan.baidu.com/netdisk/share?surl=hoUiT7WK5X1s_fcfG36QmA&pwd=imas,imas,永久,可用,2026-07-16,4750
resource-92962b1e0ce8,灰姑娘女孩,CD,[2012-2016] CINDERELLA MASTER Solo Songs -1st Wave-,[2012.04.18] CINDERELLA MASTER 004 高垣楓,,2012,RAR,,/00-偶像大师 ALL IN ONE/2-灰姑娘女孩/灰姑娘女孩CD/1 CINDERELLA MASTER 系列/[2012-2016] CINDERELLA MASTER Solo Songs -1st Wave-/[2012.04.18] CINDERELLA MASTER 004 高垣楓.rar,https://pan.baidu.com/netdisk/share?surl=CEwk8dAIu5W-GcDFLXwalg&pwd=imas,imas,永久,可用,2026-07-16,4760
resource-de1b798dd0ac,灰姑娘女孩,CD,[2012-2016] CINDERELLA MASTER Solo Songs -1st Wave-,[2012.04.18] CINDERELLA MASTER 005 城ヶ崎莉嘉,,2012,RAR,,/00-偶像大师 ALL IN ONE/2-灰姑娘女孩/灰姑娘女孩CD/1 CINDERELLA MASTER 系列/[2012-2016] CINDERELLA MASTER Solo Songs -1st Wave-/[2012.04.18] CINDERELLA MASTER 005 城ヶ崎莉嘉.rar,https://pan.baidu.com/netdisk/share?surl=0b6bmVusO7E4iDnIDusHfQ&pwd=imas,imas,永久,可用,2026-07-16,4770
resource-901bc19c08ab,灰姑娘女孩,CD,[2012-2016] CINDERELLA MASTER Solo Songs -1st Wave-,[2012.08.08] CINDERELLA MASTER 006 神崎蘭子,,2012,RAR,,/00-偶像大师 ALL IN ONE/2-灰姑娘女孩/灰姑娘女孩CD/1 CINDERELLA MASTER 系列/[2012-2016] CINDERELLA MASTER Solo Songs -1st Wave-/[2012.08.08] CINDERELLA MASTER 006 神崎蘭子.rar,https://pan.baidu.com/netdisk/share?surl=vLoRMm7S3p92O9FlV2iMtQ&pwd=imas,imas,永久,可用,2026-07-16,4780
resource-e38b06ed563d,灰姑娘女孩,CD,[2012-2016] CINDERELLA MASTER Solo Songs -1st Wave-,[2012.08.08] CINDERELLA MASTER 007 前川みく,,2012,RAR,,/00-偶像大师 ALL IN ONE/2-灰姑娘女孩/灰姑娘女孩CD/1 CINDERELLA MASTER 系列/[2012-2016] CINDERELLA MASTER Solo Songs -1st Wave-/[2012.08.08] CINDERELLA MASTER 007 前川みく.rar,https://pan.baidu.com/netdisk/share?surl=ytJ9W7r3VyVLbqiwoScYog&pwd=imas,imas,永久,可用,2026-07-16,4790
resource-b0d46cdd3d3b,灰姑娘女孩,CD,[2012-2016] CINDERELLA MASTER Solo Songs -1st Wave-,[2012.08.08] CINDERELLA MASTER 008 諸星きらり,,2012,RAR,,/00-偶像大师 ALL IN ONE/2-灰姑娘女孩/灰姑娘女孩CD/1 CINDERELLA MASTER 系列/[2012-2016] CINDERELLA MASTER Solo Songs -1st Wave-/[2012.08.08] CINDERELLA MASTER 008 諸星きらり.rar,https://pan.baidu.com/netdisk/share?surl=Fh-Bl6SLQgo84OA9IIcNCA&pwd=imas,imas,永久,可用,2026-07-16,4800
resource-697982d0cd0f,灰姑娘女孩,CD,[2012-2016] CINDERELLA MASTER Solo Songs -1st Wave-,[2012.08.08] CINDERELLA MASTER 009 城ヶ崎美嘉,,2012,RAR,,/00-偶像大师 ALL IN ONE/2-灰姑娘女孩/灰姑娘女孩CD/1 CINDERELLA MASTER 系列/[2012-2016] CINDERELLA MASTER Solo Songs -1st Wave-/[2012.08.08] CINDERELLA MASTER 009 城ヶ崎美嘉.rar,https://pan.baidu.com/netdisk/share?surl=7ttpgCQkB7k89ybFtl8ENA&pwd=imas,imas,永久,可用,2026-07-16,4810
resource-4d84e380bcda,灰姑娘女孩,CD,[2012-2016] CINDERELLA MASTER Solo Songs -1st Wave-,[2012.08.08] CINDERELLA MASTER 010 島村卯月,,2012,RAR,,/00-偶像大师 ALL IN ONE/2-灰姑娘女孩/灰姑娘女孩CD/1 CINDERELLA MASTER 系列/[2012-2016] CINDERELLA MASTER Solo Songs -1st Wave-/[2012.08.08] CINDERELLA MASTER 010 島村卯月.rar,https://pan.baidu.com/netdisk/share?surl=3p64QbjXv_EF81XSk3iS0Q&pwd=imas,imas,永久,可用,2026-07-16,4820
resource-744e59c99af1,灰姑娘女孩,CD,[2012-2016] CINDERELLA MASTER Solo Songs -1st Wave-,[2013.01.23] CINDERELLA MASTER 011 小日向美穂,,2013,RAR,,/00-偶像大师 ALL IN ONE/2-灰姑娘女孩/灰姑娘女孩CD/1 CINDERELLA MASTER 系列/[2012-2016] CINDERELLA MASTER Solo Songs -1st Wave-/[2013.01.23] CINDERELLA MASTER 011 小日向美穂.rar,https://pan.baidu.com/netdisk/share?surl=hhz8slz02nkHeMaULnCaqw&pwd=imas,imas,永久,可用,2026-07-16,4830
resource-8e26404567fa,灰姑娘女孩,CD,[2012-2016] CINDERELLA MASTER Solo Songs -1st Wave-,[2013.01.23] CINDERELLA MASTER 012 多田李衣菜,,2013,RAR,,/00-偶像大师 ALL IN ONE/2-灰姑娘女孩/灰姑娘女孩CD/1 CINDERELLA MASTER 系列/[2012-2016] CINDERELLA MASTER Solo Songs -1st Wave-/[2013.01.23] CINDERELLA MASTER 012 多田李衣菜.rar,https://pan.baidu.com/netdisk/share?surl=e4V4rVYSZUGQwQGdt2QV_A&pwd=imas,imas,永久,可用,2026-07-16,4840
resource-607156ee0461,灰姑娘女孩,CD,[2012-2016] CINDERELLA MASTER Solo Songs -1st Wave-,[2013.01.23] CINDERELLA MASTER 013 十時愛梨,,2013,RAR,,/00-偶像大师 ALL IN ONE/2-灰姑娘女孩/灰姑娘女孩CD/1 CINDERELLA MASTER 系列/[2012-2016] CINDERELLA MASTER Solo Songs -1st Wave-/[2013.01.23] CINDERELLA MASTER 013 十時愛梨.rar,https://pan.baidu.com/netdisk/share?surl=tknZW2b-RL1JS-x7BiOLZQ&pwd=imas,imas,永久,可用,2026-07-16,4850
resource-dcfb53c0daa8,灰姑娘女孩,CD,[2012-2016] CINDERELLA MASTER Solo Songs -1st Wave-,[2013.01.23] CINDERELLA MASTER 014 川島瑞樹,,2013,RAR,,/00-偶像大师 ALL IN ONE/2-灰姑娘女孩/灰姑娘女孩CD/1 CINDERELLA MASTER 系列/[2012-2016] CINDERELLA MASTER Solo Songs -1st Wave-/[2013.01.23] CINDERELLA MASTER 014 川島瑞樹.rar,https://pan.baidu.com/netdisk/share?surl=wXmlVOfi4eTsl-xbw8crPw&pwd=imas,imas,永久,可用,2026-07-16,4860
resource-888798bd8996,灰姑娘女孩,CD,[2012-2016] CINDERELLA MASTER Solo Songs -1st Wave-,[2013.01.23] CINDERELLA MASTER 015 本田未央,,2013,RAR,,/00-偶像大师 ALL IN ONE/2-灰姑娘女孩/灰姑娘女孩CD/1 CINDERELLA MASTER 系列/[2012-2016] CINDERELLA MASTER Solo Songs -1st Wave-/[2013.01.23] CINDERELLA MASTER 015 本田未央.rar,https://pan.baidu.com/netdisk/share?surl=Xc8T0jqwH1-BtM8qGD7zCw&pwd=imas,imas,永久,可用,2026-07-16,4870
resource-476546b769bd,灰姑娘女孩,CD,[2012-2016] CINDERELLA MASTER Solo Songs -1st Wave-,[2013.05.22] CINDERELLA MASTER 016 日野茜,,2013,RAR,,/00-偶像大师 ALL IN ONE/2-灰姑娘女孩/灰姑娘女孩CD/1 CINDERELLA MASTER 系列/[2012-2016] CINDERELLA MASTER Solo Songs -1st Wave-/[2013.05.22] CINDERELLA MASTER 016 日野茜.rar,https://pan.baidu.com/netdisk/share?surl=Z0G0OnvMdZcjVuC-ROif6Q&pwd=imas,imas,永久,可用,2026-07-16,4880
resource-16aef5f09792,灰姑娘女孩,CD,[2012-2016] CINDERELLA MASTER Solo Songs -1st Wave-,[2013.05.22] CINDERELLA MASTER 017 赤城みりあ,,2013,RAR,,/00-偶像大师 ALL IN ONE/2-灰姑娘女孩/灰姑娘女孩CD/1 CINDERELLA MASTER 系列/[2012-2016] CINDERELLA MASTER Solo Songs -1st Wave-/[2013.05.22] CINDERELLA MASTER 017 赤城みりあ.rar,https://pan.baidu.com/netdisk/share?surl=ODgLdKEHzRmeE39Y4OJd2w&pwd=imas,imas,永久,可用,2026-07-16,4890
resource-b1acb1452704,灰姑娘女孩,CD,[2012-2016] CINDERELLA MASTER Solo Songs -1st Wave-,[2013.05.22] CINDERELLA MASTER 018 安部菜々,,2013,RAR,,/00-偶像大师 ALL IN ONE/2-灰姑娘女孩/灰姑娘女孩CD/1 CINDERELLA MASTER 系列/[2012-2016] CINDERELLA MASTER Solo Songs -1st Wave-/[2013.05.22] CINDERELLA MASTER 018 安部菜々.rar,https://pan.baidu.com/netdisk/share?surl=id3xB8i_kuiE5H8k_CGMBg&pwd=imas,imas,永久,可用,2026-07-16,4900
resource-da0dde98c166,灰姑娘女孩,CD,[2012-2016] CINDERELLA MASTER Solo Songs -1st Wave-,[2013.05.22] CINDERELLA MASTER 019 新田美波,,2013,RAR,,/00-偶像大师 ALL IN ONE/2-灰姑娘女孩/灰姑娘女孩CD/1 CINDERELLA MASTER 系列/[2012-2016] CINDERELLA MASTER Solo Songs -1st Wave-/[2013.05.22] CINDERELLA MASTER 019 新田美波.rar,https://pan.baidu.com/netdisk/share?surl=GaAjykfT-413pxkFtF4uiw&pwd=imas,imas,永久,可用,2026-07-16,4910
resource-2797a96d7e31,灰姑娘女孩,CD,[2012-2016] CINDERELLA MASTER Solo Songs -1st Wave-,[2013.05.22] CINDERELLA MASTER 020 輿水幸子,,2013,RAR,,/00-偶像大师 ALL IN ONE/2-灰姑娘女孩/灰姑娘女孩CD/1 CINDERELLA MASTER 系列/[2012-2016] CINDERELLA MASTER Solo Songs -1st Wave-/[2013.05.22] CINDERELLA MASTER 020 輿水幸子.rar,https://pan.baidu.com/netdisk/share?surl=9EFmX-riDfoeiIL_TmG4qg&pwd=imas,imas,永久,可用,2026-07-16,4920
resource-60f27e5bed79,灰姑娘女孩,CD,[2012-2016] CINDERELLA MASTER Solo Songs -1st Wave-,[2013.11.13] CINDERELLA MASTER 021 佐久間まゆ,,2013,RAR,,/00-偶像大师 ALL IN ONE/2-灰姑娘女孩/灰姑娘女孩CD/1 CINDERELLA MASTER 系列/[2012-2016] CINDERELLA MASTER Solo Songs -1st Wave-/[2013.11.13] CINDERELLA MASTER 021 佐久間まゆ.rar,https://pan.baidu.com/netdisk/share?surl=OjnR_cfDHlPkOivfjk2CPA&pwd=imas,imas,永久,可用,2026-07-16,4930
resource-45370f7702c0,灰姑娘女孩,CD,[2012-2016] CINDERELLA MASTER Solo Songs -1st Wave-,[2013.11.13] CINDERELLA MASTER 022 白坂小梅,,2013,RAR,,/00-偶像大师 ALL IN ONE/2-灰姑娘女孩/灰姑娘女孩CD/1 CINDERELLA MASTER 系列/[2012-2016] CINDERELLA MASTER Solo Songs -1st Wave-/[2013.11.13] CINDERELLA MASTER 022 白坂小梅.rar,https://pan.baidu.com/netdisk/share?surl=mnpooPniDeYtBRdjoGivsg&pwd=imas,imas,永久,可用,2026-07-16,4940
resource-ed49475f70f9,灰姑娘女孩,CD,[2012-2016] CINDERELLA MASTER Solo Songs -1st Wave-,[2013.11.13] CINDERELLA MASTER 023 緒方智絵里,,2013,RAR,,/00-偶像大师 ALL IN ONE/2-灰姑娘女孩/灰姑娘女孩CD/1 CINDERELLA MASTER 系列/[2012-2016] CINDERELLA MASTER Solo Songs -1st Wave-/[2013.11.13] CINDERELLA MASTER 023 緒方智絵里.rar,https://pan.baidu.com/netdisk/share?surl=cRmnELNQ3HpjN5vSNRIULA&pwd=imas,imas,永久,可用,2026-07-16,4950
resource-b9a23312d5f3,灰姑娘女孩,CD,[2012-2016] CINDERELLA MASTER Solo Songs -1st Wave-,[2013.11.13] CINDERELLA MASTER 024 アナスタシア,,2013,RAR,,/00-偶像大师 ALL IN ONE/2-灰姑娘女孩/灰姑娘女孩CD/1 CINDERELLA MASTER 系列/[2012-2016] CINDERELLA MASTER Solo Songs -1st Wave-/[2013.11.13] CINDERELLA MASTER 024 アナスタシア.rar,https://pan.baidu.com/netdisk/share?surl=VQggvh6qD7ymRqAdmYobIA&pwd=imas,imas,永久,可用,2026-07-16,4960
resource-be89c75ed791,灰姑娘女孩,CD,[2012-2016] CINDERELLA MASTER Solo Songs -1st Wave-,[2013.11.13] CINDERELLA MASTER 025 高森藍子,,2013,RAR,,/00-偶像大师 ALL IN ONE/2-灰姑娘女孩/灰姑娘女孩CD/1 CINDERELLA MASTER 系列/[2012-2016] CINDERELLA MASTER Solo Songs -1st Wave-/[2013.11.13] CINDERELLA MASTER 025 高森藍子.rar,https://pan.baidu.com/netdisk/share?surl=svDXk0FiAqJ7k91ev4cQSg&pwd=imas,imas,永久,可用,2026-07-16,4970
resource-fc63aa52cb2c,灰姑娘女孩,CD,[2012-2016] CINDERELLA MASTER Solo Songs -1st Wave-,[2014.04.30] CINDERELLA MASTER 026 星輝子,,2014,RAR,,/00-偶像大师 ALL IN ONE/2-灰姑娘女孩/灰姑娘女孩CD/1 CINDERELLA MASTER 系列/[2012-2016] CINDERELLA MASTER Solo Songs -1st Wave-/[2014.04.30] CINDERELLA MASTER 026 星輝子.rar,https://pan.baidu.com/netdisk/share?surl=Shnovks4UcS8TSvYIeDeIA&pwd=imas,imas,永久,可用,2026-07-16,4980
resource-190d359b4868,灰姑娘女孩,CD,[2012-2016] CINDERELLA MASTER Solo Songs -1st Wave-,[2014.04.30] CINDERELLA MASTER 027 神谷奈緒,,2014,RAR,,/00-偶像大师 ALL IN ONE/2-灰姑娘女孩/灰姑娘女孩CD/1 CINDERELLA MASTER 系列/[2012-2016] CINDERELLA MASTER Solo Songs -1st Wave-/[2014.04.30] CINDERELLA MASTER 027 神谷奈緒.rar,https://pan.baidu.com/netdisk/share?surl=5H3QmO7Ha2Z0F7vm1a1iDA&pwd=imas,imas,永久,可用,2026-07-16,4990
resource-58ae3451b156,灰姑娘女孩,CD,[2012-2016] CINDERELLA MASTER Solo Songs -1st Wave-,[2014.04.30] CINDERELLA MASTER 028 北条加蓮,,2014,RAR,,/00-偶像大师 ALL IN ONE/2-灰姑娘女孩/灰姑娘女孩CD/1 CINDERELLA MASTER 系列/[2012-2016] CINDERELLA MASTER Solo Songs -1st Wave-/[2014.04.30] CINDERELLA MASTER 028 北条加蓮.rar,https://pan.baidu.com/netdisk/share?surl=o3-0w4z1SEb5jFDOf0wJ4g&pwd=imas,imas,永久,可用,2026-07-16,5000
resource-825dc57790e4,灰姑娘女孩,CD,[2012-2016] CINDERELLA MASTER Solo Songs -1st Wave-,[2014.04.30] CINDERELLA MASTER 029 小早川紗枝,,2014,RAR,,/00-偶像大师 ALL IN ONE/2-灰姑娘女孩/灰姑娘女孩CD/1 CINDERELLA MASTER 系列/[2012-2016] CINDERELLA MASTER Solo Songs -1st Wave-/[2014.04.30] CINDERELLA MASTER 029 小早川紗枝.rar,https://pan.baidu.com/netdisk/share?surl=l2sMlH3JhyoDWaa1TsD4rg&pwd=imas,imas,永久,可用,2026-07-16,5010
resource-149ada24e139,灰姑娘女孩,CD,[2012-2016] CINDERELLA MASTER Solo Songs -1st Wave-,[2014.04.30] CINDERELLA MASTER 030 堀裕子,,2014,RAR,,/00-偶像大师 ALL IN ONE/2-灰姑娘女孩/灰姑娘女孩CD/1 CINDERELLA MASTER 系列/[2012-2016] CINDERELLA MASTER Solo Songs -1st Wave-/[2014.04.30] CINDERELLA MASTER 030 堀裕子.rar,https://pan.baidu.com/netdisk/share?surl=rTr9U-0XWRiotXqsP4iUag&pwd=imas,imas,永久,可用,2026-07-16,5020
resource-4407c9801f07,灰姑娘女孩,CD,[2012-2016] CINDERELLA MASTER Solo Songs -1st Wave-,[2015.02.04] CINDERELLA MASTER 031 鷺沢文香,,2015,RAR,,/00-偶像大师 ALL IN ONE/2-灰姑娘女孩/灰姑娘女孩CD/1 CINDERELLA MASTER 系列/[2012-2016] CINDERELLA MASTER Solo Songs -1st Wave-/[2015.02.04] CINDERELLA MASTER 031 鷺沢文香.rar,https://pan.baidu.com/netdisk/share?surl=OhxTLEBfPiEex2XRK2itaQ&pwd=imas,imas,永久,可用,2026-07-16,5030
resource-77c04125fa7d,灰姑娘女孩,CD,[2012-2016] CINDERELLA MASTER Solo Songs -1st Wave-,[2015.02.04] CINDERELLA MASTER 032 姫川友紀,,2015,RAR,,/00-偶像大师 ALL IN ONE/2-灰姑娘女孩/灰姑娘女孩CD/1 CINDERELLA MASTER 系列/[2012-2016] CINDERELLA MASTER Solo Songs -1st Wave-/[2015.02.04] CINDERELLA MASTER 032 姫川友紀.rar,https://pan.baidu.com/netdisk/share?surl=R9Hbb8fJ7VBoLTxBT03tnw&pwd=imas,imas,永久,可用,2026-07-16,5040
resource-74746c76ea60,灰姑娘女孩,CD,[2012-2016] CINDERELLA MASTER Solo Songs -1st Wave-,[2015.02.04] CINDERELLA MASTER 033 宮本フレデリカ,,2015,RAR,,/00-偶像大师 ALL IN ONE/2-灰姑娘女孩/灰姑娘女孩CD/1 CINDERELLA MASTER 系列/[2012-2016] CINDERELLA MASTER Solo Songs -1st Wave-/[2015.02.04] CINDERELLA MASTER 033 宮本フレデリカ.rar,https://pan.baidu.com/netdisk/share?surl=TM7axUmtwhpIGgeuHwVPRw&pwd=imas,imas,永久,可用,2026-07-16,5050
resource-c05e8d5eb8e6,灰姑娘女孩,CD,[2012-2016] CINDERELLA MASTER Solo Songs -1st Wave-,[2015.02.04] CINDERELLA MASTER 034 速水奏,,2015,RAR,,/00-偶像大师 ALL IN ONE/2-灰姑娘女孩/灰姑娘女孩CD/1 CINDERELLA MASTER 系列/[2012-2016] CINDERELLA MASTER Solo Songs -1st Wave-/[2015.02.04] CINDERELLA MASTER 034 速水奏.rar,https://pan.baidu.com/netdisk/share?surl=dItN5Ssgo8BBXlyCIhMX-A&pwd=imas,imas,永久,可用,2026-07-16,5060
resource-3405cdc2f84a,灰姑娘女孩,CD,[2012-2016] CINDERELLA MASTER Solo Songs -1st Wave-,[2015.02.04] CINDERELLA MASTER 035 市原仁奈,,2015,RAR,,/00-偶像大师 ALL IN ONE/2-灰姑娘女孩/灰姑娘女孩CD/1 CINDERELLA MASTER 系列/[2012-2016] CINDERELLA MASTER Solo Songs -1st Wave-/[2015.02.04] CINDERELLA MASTER 035 市原仁奈.rar,https://pan.baidu.com/netdisk/share?surl=NmKa5eQyzl1fJQqZKbdK_g&pwd=imas,imas,永久,可用,2026-07-16,5070
resource-40ddafd5a7a0,灰姑娘女孩,CD,[2012-2016] CINDERELLA MASTER Solo Songs -1st Wave-,[2015.11.18] CINDERELLA MASTER 036 橘ありす,,2015,RAR,,/00-偶像大师 ALL IN ONE/2-灰姑娘女孩/灰姑娘女孩CD/1 CINDERELLA MASTER 系列/[2012-2016] CINDERELLA MASTER Solo Songs -1st Wave-/[2015.11.18] CINDERELLA MASTER 036 橘ありす.rar,https://pan.baidu.com/netdisk/share?surl=5t2_dZ3YNhC1MHDq8Vgd2Q&pwd=imas,imas,永久,可用,2026-07-16,5080
resource-490d96d027bf,灰姑娘女孩,CD,[2012-2016] CINDERELLA MASTER Solo Songs -1st Wave-,[2015.11.18] CINDERELLA MASTER 037 片桐早苗,,2015,RAR,,/00-偶像大师 ALL IN ONE/2-灰姑娘女孩/灰姑娘女孩CD/1 CINDERELLA MASTER 系列/[2012-2016] CINDERELLA MASTER Solo Songs -1st Wave-/[2015.11.18] CINDERELLA MASTER 037 片桐早苗.rar,https://pan.baidu.com/netdisk/share?surl=TPf3XsMfnP0ANgffLmiZuw&pwd=imas,imas,永久,可用,2026-07-16,5090
resource-760c7e749e0c,灰姑娘女孩,CD,[2012-2016] CINDERELLA MASTER Solo Songs -1st Wave-,[2015.11.18] CINDERELLA MASTER 038 一ノ瀬志希,,2015,RAR,,/00-偶像大师 ALL IN ONE/2-灰姑娘女孩/灰姑娘女孩CD/1 CINDERELLA MASTER 系列/[2012-2016] CINDERELLA MASTER Solo Songs -1st Wave-/[2015.11.18] CINDERELLA MASTER 038 一ノ瀬志希.rar,https://pan.baidu.com/netdisk/share?surl=4xaoC9lExY9aRCZvzEqg_Q&pwd=imas,imas,永久,可用,2026-07-16,5100
resource-66ac1355532e,灰姑娘女孩,CD,[2012-2016] CINDERELLA MASTER Solo Songs -1st Wave-,[2015.11.18] CINDERELLA MASTER 039 塩見周子,,2015,RAR,,/00-偶像大师 ALL IN ONE/2-灰姑娘女孩/灰姑娘女孩CD/1 CINDERELLA MASTER 系列/[2012-2016] CINDERELLA MASTER Solo Songs -1st Wave-/[2015.11.18] CINDERELLA MASTER 039 塩見周子.rar,https://pan.baidu.com/netdisk/share?surl=rs_jH-qqmv-0JDY5Tf5X5A&pwd=imas,imas,永久,可用,2026-07-16,5110
resource-169eb8f25064,灰姑娘女孩,CD,[2012-2016] CINDERELLA MASTER Solo Songs -1st Wave-,[2015.11.18] CINDERELLA MASTER 040 櫻井桃華,,2015,RAR,,/00-偶像大师 ALL IN ONE/2-灰姑娘女孩/灰姑娘女孩CD/1 CINDERELLA MASTER 系列/[2012-2016] CINDERELLA MASTER Solo Songs -1st Wave-/[2015.11.18] CINDERELLA MASTER 040 櫻井桃華.rar,https://pan.baidu.com/netdisk/share?surl=zgGgxoG_yhXT1WgDCX7OTQ&pwd=imas,imas,永久,可用,2026-07-16,5120
resource-5dbf2718be20,灰姑娘女孩,CD,[2012-2016] CINDERELLA MASTER Solo Songs -1st Wave-,[2016.03.02] CINDERELLA MASTER 041 大槻唯,,2016,RAR,,/00-偶像大师 ALL IN ONE/2-灰姑娘女孩/灰姑娘女孩CD/1 CINDERELLA MASTER 系列/[2012-2016] CINDERELLA MASTER Solo Songs -1st Wave-/[2016.03.02] CINDERELLA MASTER 041 大槻唯.rar,https://pan.baidu.com/netdisk/share?surl=lgj4qRoX_UyPuo1D3eFRzg&pwd=imas,imas,永久,可用,2026-07-16,5130
resource-5ffc380abbb2,灰姑娘女孩,CD,[2012-2016] CINDERELLA MASTER Solo Songs -1st Wave-,[2016.03.02] CINDERELLA MASTER 042 中野有香,,2016,RAR,,/00-偶像大师 ALL IN ONE/2-灰姑娘女孩/灰姑娘女孩CD/1 CINDERELLA MASTER 系列/[2012-2016] CINDERELLA MASTER Solo Songs -1st Wave-/[2016.03.02] CINDERELLA MASTER 042 中野有香.rar,https://pan.baidu.com/netdisk/share?surl=fkdEKeuQRm5TpWWYIEfsxA&pwd=imas,imas,永久,可用,2026-07-16,5140
resource-05e4e5085d77,灰姑娘女孩,CD,[2012-2016] CINDERELLA MASTER Solo Songs -1st Wave-,[2016.03.02] CINDERELLA MASTER 043 二宮飛鳥,,2016,RAR,,/00-偶像大师 ALL IN ONE/2-灰姑娘女孩/灰姑娘女孩CD/1 CINDERELLA MASTER 系列/[2012-2016] CINDERELLA MASTER Solo Songs -1st Wave-/[2016.03.02] CINDERELLA MASTER 043 二宮飛鳥.rar,https://pan.baidu.com/netdisk/share?surl=In988YiXkSDXOmHYmZs5Fw&pwd=imas,imas,永久,可用,2026-07-16,5150
resource-ec56758225c2,灰姑娘女孩,CD,[2012-2016] CINDERELLA MASTER Solo Songs -1st Wave-,[2016.03.02] CINDERELLA MASTER 044 相葉夕美,,2016,RAR,,/00-偶像大师 ALL IN ONE/2-灰姑娘女孩/灰姑娘女孩CD/1 CINDERELLA MASTER 系列/[2012-2016] CINDERELLA MASTER Solo Songs -1st Wave-/[2016.03.02] CINDERELLA MASTER 044 相葉夕美.rar,https://pan.baidu.com/netdisk/share?surl=5YTBYKcqJm8FrGZBBnMiLg&pwd=imas,imas,永久,可用,2026-07-16,5160
resource-df5294fd5583,灰姑娘女孩,CD,[2012-2016] CINDERELLA MASTER Solo Songs -1st Wave-,[2016.03.02] CINDERELLA MASTER 045 五十嵐響子,,2016,RAR,,/00-偶像大师 ALL IN ONE/2-灰姑娘女孩/灰姑娘女孩CD/1 CINDERELLA MASTER 系列/[2012-2016] CINDERELLA MASTER Solo Songs -1st Wave-/[2016.03.02] CINDERELLA MASTER 045 五十嵐響子.rar,https://pan.baidu.com/netdisk/share?surl=p4kLeb2Fo9jybMUh7WF3Kw&pwd=imas,imas,永久,可用,2026-07-16,5170
resource-274f6e9a4134,灰姑娘女孩,CD,[2013-2024] CINDERELLA MASTER Group Songs,[2013.04.10] CINDERELLA MASTER お願い！シンデレラ,,2013,RAR,,/00-偶像大师 ALL IN ONE/2-灰姑娘女孩/灰姑娘女孩CD/1 CINDERELLA MASTER 系列/[2013-2024] CINDERELLA MASTER Group Songs/[2013.04.10] CINDERELLA MASTER お願い！シンデレラ.rar,https://pan.baidu.com/netdisk/share?surl=VKoCv3pAqzbYeak2_7C-bA&pwd=imas,imas,永久,可用,2026-07-16,5180
resource-3779b03652cd,灰姑娘女孩,CD,[2013-2024] CINDERELLA MASTER Group Songs,[2013.08.14] CINDERELLA MASTER 輝く世界の魔法,,2013,RAR,,/00-偶像大师 ALL IN ONE/2-灰姑娘女孩/灰姑娘女孩CD/1 CINDERELLA MASTER 系列/[2013-2024] CINDERELLA MASTER Group Songs/[2013.08.14] CINDERELLA MASTER 輝く世界の魔法.rar,https://pan.baidu.com/netdisk/share?surl=u6Kp-NhKtBslJFaXKQ7dZQ&pwd=imas,imas,永久,可用,2026-07-16,5190
resource-c74fe39f2f6a,灰姑娘女孩,CD,[2013-2024] CINDERELLA MASTER Group Songs,[2014.07.30] CINDERELLA MASTER We're the friends!,,2014,RAR,,/00-偶像大师 ALL IN ONE/2-灰姑娘女孩/灰姑娘女孩CD/1 CINDERELLA MASTER 系列/[2013-2024] CINDERELLA MASTER Group Songs/[2014.07.30] CINDERELLA MASTER We're the friends!.rar,https://pan.baidu.com/netdisk/share?surl=480Hpf2WtTyYEHzQ7pNCbg&pwd=imas,imas,永久,可用,2026-07-16,5200
resource-00330b1bf86a,灰姑娘女孩,CD,[2013-2024] CINDERELLA MASTER Group Songs,[2015.07.29] CINDERELLA MASTER Absolute NIne,,2015,RAR,,/00-偶像大师 ALL IN ONE/2-灰姑娘女孩/灰姑娘女孩CD/1 CINDERELLA MASTER 系列/[2013-2024] CINDERELLA MASTER Group Songs/[2015.07.29] CINDERELLA MASTER Absolute NIne.rar,https://pan.baidu.com/netdisk/share?surl=6ff-dmTx0UyHwD_I6dZCLQ&pwd=imas,imas,永久,可用,2026-07-16,5210
resource-c186620e3262,灰姑娘女孩,CD,[2013-2024] CINDERELLA MASTER Group Songs,[2016.11.16] CINDERELLA MASTER Take me☆Take you,,2016,RAR,,/00-偶像大师 ALL IN ONE/2-灰姑娘女孩/灰姑娘女孩CD/1 CINDERELLA MASTER 系列/[2013-2024] CINDERELLA MASTER Group Songs/[2016.11.16] CINDERELLA MASTER Take me☆Take you.rar,https://pan.baidu.com/netdisk/share?surl=RIbrDnz4W1kVj5LXLC111w&pwd=imas,imas,永久,可用,2026-07-16,5220
resource-67a5d1ae98c0,灰姑娘女孩,CD,[2013-2024] CINDERELLA MASTER Group Songs,[2017.02.08] CINDERELLA MASTER EVERMORE,,2017,RAR,,/00-偶像大师 ALL IN ONE/2-灰姑娘女孩/灰姑娘女孩CD/1 CINDERELLA MASTER 系列/[2013-2024] CINDERELLA MASTER Group Songs/[2017.02.08] CINDERELLA MASTER EVERMORE.rar,https://pan.baidu.com/netdisk/share?surl=NWS76FebImzKAm2n26CRwQ&pwd=imas,imas,永久,可用,2026-07-16,5230
resource-564b0eaf0486,灰姑娘女孩,CD,[2013-2024] CINDERELLA MASTER Group Songs,[2017.03.22] CINDERELLA MASTER Treasure☆,,2017,RAR,,/00-偶像大师 ALL IN ONE/2-灰姑娘女孩/灰姑娘女孩CD/1 CINDERELLA MASTER 系列/[2013-2024] CINDERELLA MASTER Group Songs/[2017.03.22] CINDERELLA MASTER Treasure☆.rar,https://pan.baidu.com/netdisk/share?surl=5JlKDE0Y9eK1r2JO6xgo0Q&pwd=imas,imas,永久,可用,2026-07-16,5240
resource-63be54a096a4,灰姑娘女孩,CD,[2013-2024] CINDERELLA MASTER Group Songs,[2017.12.13] CINDERELLA MASTER 恋が咲く季節,,2017,RAR,,/00-偶像大师 ALL IN ONE/2-灰姑娘女孩/灰姑娘女孩CD/1 CINDERELLA MASTER 系列/[2013-2024] CINDERELLA MASTER Group Songs/[2017.12.13] CINDERELLA MASTER 恋が咲く季節.rar,https://pan.baidu.com/netdisk/share?surl=fMs5_O7VhjfGBuoyjloj7g&pwd=imas,imas,永久,可用,2026-07-16,5250
resource-57cb3ec2faf6,灰姑娘女孩,CD,[2013-2024] CINDERELLA MASTER Group Songs,[2018.01.24] CINDERELLA MASTER こいかぜ －彩－,,2018,RAR,,/00-偶像大师 ALL IN ONE/2-灰姑娘女孩/灰姑娘女孩CD/1 CINDERELLA MASTER 系列/[2013-2024] CINDERELLA MASTER Group Songs/[2018.01.24] CINDERELLA MASTER こいかぜ －彩－.rar,https://pan.baidu.com/netdisk/share?surl=Xy2mGWmC57dPrKG5XXh1cw&pwd=imas,imas,永久,可用,2026-07-16,5260
resource-493ed4267e77,灰姑娘女孩,CD,[2013-2024] CINDERELLA MASTER Group Songs,[2018.03.07] CINDERELLA MASTER イリュージョニスタ！,,2018,RAR,,/00-偶像大师 ALL IN ONE/2-灰姑娘女孩/灰姑娘女孩CD/1 CINDERELLA MASTER 系列/[2013-2024] CINDERELLA MASTER Group Songs/[2018.03.07] CINDERELLA MASTER イリュージョニスタ！.rar,https://pan.baidu.com/netdisk/share?surl=qML1ZoXn9KgmThvf4GGhRQ&pwd=imas,imas,永久,可用,2026-07-16,5270
resource-087974e3d9a0,灰姑娘女孩,CD,[2013-2024] CINDERELLA MASTER Group Songs,[2018.10.31] CINDERELLA MASTER Trust me,,2018,RAR,,/00-偶像大师 ALL IN ONE/2-灰姑娘女孩/灰姑娘女孩CD/1 CINDERELLA MASTER 系列/[2013-2024] CINDERELLA MASTER Group Songs/[2018.10.31] CINDERELLA MASTER Trust me.rar,https://pan.baidu.com/netdisk/share?surl=n5EBi0n-qb9SRBIrP9x_ZQ&pwd=imas,imas,永久,可用,2026-07-16,5280
resource-025c4cb3b9a0,灰姑娘女孩,CD,[2013-2024] CINDERELLA MASTER Group Songs,[2020.01.22] CINDERELLA MASTER 夢をのぞいたら,,2020,RAR,,/00-偶像大师 ALL IN ONE/2-灰姑娘女孩/灰姑娘女孩CD/1 CINDERELLA MASTER 系列/[2013-2024] CINDERELLA MASTER Group Songs/[2020.01.22] CINDERELLA MASTER 夢をのぞいたら.rar,https://pan.baidu.com/netdisk/share?surl=9Y7zVzFcyg56M7Q4GbOeNQ&pwd=imas,imas,永久,可用,2026-07-16,5290
resource-c637887c8fd0,灰姑娘女孩,CD,[2013-2024] CINDERELLA MASTER Group Songs,[2020.12.02] CINDERELLA MASTER Never ends & Brand new!,,2020,RAR,,/00-偶像大师 ALL IN ONE/2-灰姑娘女孩/灰姑娘女孩CD/1 CINDERELLA MASTER 系列/[2013-2024] CINDERELLA MASTER Group Songs/[2020.12.02] CINDERELLA MASTER Never ends & Brand new!.rar,https://pan.baidu.com/netdisk/share?surl=zvkq_aiv9bkn2rz3Ak3O7w&pwd=imas,imas,永久,可用,2026-07-16,5300
resource-73776c5ec2a9,灰姑娘女孩,CD,[2013-2024] CINDERELLA MASTER Group Songs,[2021.11.24] CINDERELLA MASTER EVERLASTING,,2021,RAR,,/00-偶像大师 ALL IN ONE/2-灰姑娘女孩/灰姑娘女孩CD/1 CINDERELLA MASTER 系列/[2013-2024] CINDERELLA MASTER Group Songs/[2021.11.24] CINDERELLA MASTER EVERLASTING.rar,https://pan.baidu.com/netdisk/share?surl=gvPeX3dJjc0o8FjV7sv-uA&pwd=imas,imas,永久,可用,2026-07-16,5310
resource-a40ea822b437,灰姑娘女孩,CD,[2013-2024] CINDERELLA MASTER Group Songs,[2022.01.26] CINDERELLA MASTER キセキの証 & Let's Sail Away!!!,,2022,RAR,,/00-偶像大师 ALL IN ONE/2-灰姑娘女孩/灰姑娘女孩CD/1 CINDERELLA MASTER 系列/[2013-2024] CINDERELLA MASTER Group Songs/[2022.01.26] CINDERELLA MASTER キセキの証 & Let's Sail Away!!!.rar,https://pan.baidu.com/netdisk/share?surl=RZN6imSbM0oPRZUEihAdmw&pwd=imas,imas,永久,可用,2026-07-16,5320
resource-c5adc72d7e22,灰姑娘女孩,CD,[2013-2024] CINDERELLA MASTER Group Songs,[2023.10.25] CINDERELLA MASTER Dreamy Anniversary & Next Chapter,,2023,RAR,,/00-偶像大师 ALL IN ONE/2-灰姑娘女孩/灰姑娘女孩CD/1 CINDERELLA MASTER 系列/[2013-2024] CINDERELLA MASTER Group Songs/[2023.10.25] CINDERELLA MASTER Dreamy Anniversary & Next Chapter.rar,https://pan.baidu.com/netdisk/share?surl=q0Xr2p3GqvIlcTo_ephYsQ&pwd=imas,imas,永久,可用,2026-07-16,5330
resource-933bfe3b810f,灰姑娘女孩,CD,[2013-2024] CINDERELLA MASTER Group Songs,[2024.02.28] CINDERELLA MASTER パジャマジャマ & この恋の解を答えなさい,,2024,RAR,,/00-偶像大师 ALL IN ONE/2-灰姑娘女孩/灰姑娘女孩CD/1 CINDERELLA MASTER 系列/[2013-2024] CINDERELLA MASTER Group Songs/[2024.02.28] CINDERELLA MASTER パジャマジャマ & この恋の解を答えなさい.rar,https://pan.baidu.com/netdisk/share?surl=QXYZwKWM-Si1xME7VxjqVw&pwd=imas,imas,永久,可用,2026-07-16,5340
resource-7606fb191fb3,灰姑娘女孩,CD,[2013-2024] CINDERELLA MASTER Group Songs,[2024.05.29] CINDERELLA MASTER WINTER and WINDOW,,2024,RAR,,/00-偶像大师 ALL IN ONE/2-灰姑娘女孩/灰姑娘女孩CD/1 CINDERELLA MASTER 系列/[2013-2024] CINDERELLA MASTER Group Songs/[2024.05.29] CINDERELLA MASTER WINTER and WINDOW.rar,https://pan.baidu.com/netdisk/share?surl=mGJ_-GGGz_xDole_qKiPmA&pwd=imas,imas,永久,可用,2026-07-16,5350
resource-25f8af60f766,灰姑娘女孩,CD,[2013-2025] CINDERELLA MASTER Jewelries!,[2013.09.25] CINDERELLA MASTER Cool jewelries! 001,,2013,RAR,,/00-偶像大师 ALL IN ONE/2-灰姑娘女孩/灰姑娘女孩CD/1 CINDERELLA MASTER 系列/[2013-2025] CINDERELLA MASTER Jewelries!/[2013.09.25] CINDERELLA MASTER Cool jewelries! 001.rar,https://pan.baidu.com/netdisk/share?surl=lsD6mZ_rsxDh_loy0H7vag&pwd=imas,imas,永久,可用,2026-07-16,5360
resource-3215735b5d63,灰姑娘女孩,CD,[2013-2025] CINDERELLA MASTER Jewelries!,[2013.10.02] CINDERELLA MASTER Passion jewelries! 001,,2013,RAR,,/00-偶像大师 ALL IN ONE/2-灰姑娘女孩/灰姑娘女孩CD/1 CINDERELLA MASTER 系列/[2013-2025] CINDERELLA MASTER Jewelries!/[2013.10.02] CINDERELLA MASTER Passion jewelries! 001.rar,https://pan.baidu.com/netdisk/share?surl=d0aY4GTSgbH66PAnWC4aEQ&pwd=imas,imas,永久,可用,2026-07-16,5370
resource-757e9728e288,灰姑娘女孩,CD,[2013-2025] CINDERELLA MASTER Jewelries!,[2013.10.09] CINDERELLA MASTER Cute jewelries! 001,,2013,RAR,,/00-偶像大师 ALL IN ONE/2-灰姑娘女孩/灰姑娘女孩CD/1 CINDERELLA MASTER 系列/[2013-2025] CINDERELLA MASTER Jewelries!/[2013.10.09] CINDERELLA MASTER Cute jewelries! 001.rar,https://pan.baidu.com/netdisk/share?surl=tuILLTZrzrm_rwWVZoSB3A&pwd=imas,imas,永久,可用,2026-07-16,5380
resource-2dac3321dc7e,灰姑娘女孩,CD,[2013-2025] CINDERELLA MASTER Jewelries!,[2014.12.17] CINDERELLA MASTER Cool jewelries! 002,,2014,RAR,,/00-偶像大师 ALL IN ONE/2-灰姑娘女孩/灰姑娘女孩CD/1 CINDERELLA MASTER 系列/[2013-2025] CINDERELLA MASTER Jewelries!/[2014.12.17] CINDERELLA MASTER Cool jewelries! 002.rar,https://pan.baidu.com/netdisk/share?surl=4A14ydcaFL1_Lo6_ks0-Qg&pwd=imas,imas,永久,可用,2026-07-16,5390
resource-2efd53e81bdf,灰姑娘女孩,CD,[2013-2025] CINDERELLA MASTER Jewelries!,[2014.12.24] CINDERELLA MASTER Passion jewelries! 002,,2014,RAR,,/00-偶像大师 ALL IN ONE/2-灰姑娘女孩/灰姑娘女孩CD/1 CINDERELLA MASTER 系列/[2013-2025] CINDERELLA MASTER Jewelries!/[2014.12.24] CINDERELLA MASTER Passion jewelries! 002.rar,https://pan.baidu.com/netdisk/share?surl=hZVFsCc4oKfIwTjCJFzTvg&pwd=imas,imas,永久,可用,2026-07-16,5400
resource-01572448ae0c,灰姑娘女孩,CD,[2013-2025] CINDERELLA MASTER Jewelries!,[2014.12.31] CINDERELLA MASTER Cute jewelries! 002,,2014,RAR,,/00-偶像大师 ALL IN ONE/2-灰姑娘女孩/灰姑娘女孩CD/1 CINDERELLA MASTER 系列/[2013-2025] CINDERELLA MASTER Jewelries!/[2014.12.31] CINDERELLA MASTER Cute jewelries! 002.rar,https://pan.baidu.com/netdisk/share?surl=KBD57q5u0f9jwitHApJ15g&pwd=imas,imas,永久,可用,2026-07-16,5410
resource-a2da51c1298f,灰姑娘女孩,CD,[2013-2025] CINDERELLA MASTER Jewelries!,[2016.06.01] CINDERELLA MASTER Cute jewelries! 003,,2016,RAR,,/00-偶像大师 ALL IN ONE/2-灰姑娘女孩/灰姑娘女孩CD/1 CINDERELLA MASTER 系列/[2013-2025] CINDERELLA MASTER Jewelries!/[2016.06.01] CINDERELLA MASTER Cute jewelries! 003.rar,https://pan.baidu.com/netdisk/share?surl=baSVUm2HrW6ZZCVSwxK6MA&pwd=imas,imas,永久,可用,2026-07-16,5420
resource-d5ddc6f98314,灰姑娘女孩,CD,[2013-2025] CINDERELLA MASTER Jewelries!,[2016.06.15] CINDERELLA MASTER Passion jewelries! 003,,2016,RAR,,/00-偶像大师 ALL IN ONE/2-灰姑娘女孩/灰姑娘女孩CD/1 CINDERELLA MASTER 系列/[2013-2025] CINDERELLA MASTER Jewelries!/[2016.06.15] CINDERELLA MASTER Passion jewelries! 003.rar,https://pan.baidu.com/netdisk/share?surl=pAOn1qeRDVQ8dQC4HO_z9Q&pwd=imas,imas,永久,可用,2026-07-16,5430
resource-466da9e2c771,灰姑娘女孩,CD,[2013-2025] CINDERELLA MASTER Jewelries!,[2016.06.29] CINDERELLA MASTER Cool jewelries! 003,,2016,RAR,,/00-偶像大师 ALL IN ONE/2-灰姑娘女孩/灰姑娘女孩CD/1 CINDERELLA MASTER 系列/[2013-2025] CINDERELLA MASTER Jewelries!/[2016.06.29] CINDERELLA MASTER Cool jewelries! 003.rar,https://pan.baidu.com/netdisk/share?surl=KLOqFvV5bFizpDmV6DYobw&pwd=imas,imas,永久,可用,2026-07-16,5440
resource-2cad3667ea13,灰姑娘女孩,CD,[2013-2025] CINDERELLA MASTER Jewelries!,[2022.09.28] CINDERELLA MASTER Cute jewelries! 004,,2022,RAR,,/00-偶像大师 ALL IN ONE/2-灰姑娘女孩/灰姑娘女孩CD/1 CINDERELLA MASTER 系列/[2013-2025] CINDERELLA MASTER Jewelries!/[2022.09.28] CINDERELLA MASTER Cute jewelries! 004.rar,https://pan.baidu.com/netdisk/share?surl=7FnUVZdnwLY5SmPazdgVJA&pwd=imas,imas,永久,可用,2026-07-16,5450
resource-e5c6ee6831c6,灰姑娘女孩,CD,[2013-2025] CINDERELLA MASTER Jewelries!,[2023.03.01] CINDERELLA MASTER Cool jewelries! 004,,2023,RAR,,/00-偶像大师 ALL IN ONE/2-灰姑娘女孩/灰姑娘女孩CD/1 CINDERELLA MASTER 系列/[2013-2025] CINDERELLA MASTER Jewelries!/[2023.03.01] CINDERELLA MASTER Cool jewelries! 004.rar,https://pan.baidu.com/netdisk/share?surl=2TcuCTqtqFTDdGo3jEqqTQ&pwd=imas,imas,永久,可用,2026-07-16,5460
resource-a758517dd32b,灰姑娘女孩,CD,[2013-2025] CINDERELLA MASTER Jewelries!,[2025.01.22] CINDERELLA MASTER Passion jewelries! 004,,2025,RAR,,/00-偶像大师 ALL IN ONE/2-灰姑娘女孩/灰姑娘女孩CD/1 CINDERELLA MASTER 系列/[2013-2025] CINDERELLA MASTER Jewelries!/[2025.01.22] CINDERELLA MASTER Passion jewelries! 004.rar,https://pan.baidu.com/netdisk/share?surl=mqg4juuuQFWXjWdvHo3PnQ&pwd=imas,imas,永久,可用,2026-07-16,5470
resource-5a9237400475,灰姑娘女孩,CD,[2017-2025] CINDERELLA MASTER Solo Songs -2nd Wave-,[2017.03.15] CINDERELLA MASTER 046 乙倉悠貴,,2017,RAR,,/00-偶像大师 ALL IN ONE/2-灰姑娘女孩/灰姑娘女孩CD/1 CINDERELLA MASTER 系列/[2017-2025] CINDERELLA MASTER Solo Songs -2nd Wave-/[2017.03.15] CINDERELLA MASTER 046 乙倉悠貴.rar,https://pan.baidu.com/netdisk/share?surl=9c5gbaTmP7pgJXntJnzPSA&pwd=imas,imas,永久,可用,2026-07-16,5480
resource-5560ec67eab9,灰姑娘女孩,CD,[2017-2025] CINDERELLA MASTER Solo Songs -2nd Wave-,[2017.03.15] CINDERELLA MASTER 047 松永涼,,2017,RAR,,/00-偶像大师 ALL IN ONE/2-灰姑娘女孩/灰姑娘女孩CD/1 CINDERELLA MASTER 系列/[2017-2025] CINDERELLA MASTER Solo Songs -2nd Wave-/[2017.03.15] CINDERELLA MASTER 047 松永涼.rar,https://pan.baidu.com/netdisk/share?surl=q-UVGDnPMuEKTRgH5HfBcQ&pwd=imas,imas,永久,可用,2026-07-16,5490
resource-d5a66a12f72e,灰姑娘女孩,CD,[2017-2025] CINDERELLA MASTER Solo Songs -2nd Wave-,[2017.03.15] CINDERELLA MASTER 048 依田芳乃,,2017,RAR,,/00-偶像大师 ALL IN ONE/2-灰姑娘女孩/灰姑娘女孩CD/1 CINDERELLA MASTER 系列/[2017-2025] CINDERELLA MASTER Solo Songs -2nd Wave-/[2017.03.15] CINDERELLA MASTER 048 依田芳乃.rar,https://pan.baidu.com/netdisk/share?surl=iIpDRsGFP1dWVqzQi4f5Lw&pwd=imas,imas,永久,可用,2026-07-16,5500
resource-3ab54a295d09,灰姑娘女孩,CD,[2017-2025] CINDERELLA MASTER Solo Songs -2nd Wave-,[2018.04.04] CINDERELLA MASTER 049 関裕美,,2018,RAR,,/00-偶像大师 ALL IN ONE/2-灰姑娘女孩/灰姑娘女孩CD/1 CINDERELLA MASTER 系列/[2017-2025] CINDERELLA MASTER Solo Songs -2nd Wave-/[2018.04.04] CINDERELLA MASTER 049 関裕美.rar,https://pan.baidu.com/netdisk/share?surl=KeoJDrW-wMHNNkz--ylCmg&pwd=imas,imas,永久,可用,2026-07-16,5510
resource-94082ef11a90,灰姑娘女孩,CD,[2017-2025] CINDERELLA MASTER Solo Songs -2nd Wave-,[2018.04.04] CINDERELLA MASTER 050 三船美優,,2018,RAR,,/00-偶像大师 ALL IN ONE/2-灰姑娘女孩/灰姑娘女孩CD/1 CINDERELLA MASTER 系列/[2017-2025] CINDERELLA MASTER Solo Songs -2nd Wave-/[2018.04.04] CINDERELLA MASTER 050 三船美優.rar,https://pan.baidu.com/netdisk/share?surl=a7UE5eJQhqFUL72BiRUWSQ&pwd=imas,imas,永久,可用,2026-07-16,5520
resource-78a7a1712ffa,灰姑娘女孩,CD,[2017-2025] CINDERELLA MASTER Solo Songs -2nd Wave-,[2018.04.04] CINDERELLA MASTER 051 村上巴,,2018,RAR,,/00-偶像大师 ALL IN ONE/2-灰姑娘女孩/灰姑娘女孩CD/1 CINDERELLA MASTER 系列/[2017-2025] CINDERELLA MASTER Solo Songs -2nd Wave-/[2018.04.04] CINDERELLA MASTER 051 村上巴.rar,https://pan.baidu.com/netdisk/share?surl=jCKzfbPlwIzLPWFQWrdiKQ&pwd=imas,imas,永久,可用,2026-07-16,5530
resource-af6910b50ee1,灰姑娘女孩,CD,[2017-2025] CINDERELLA MASTER Solo Songs -2nd Wave-,[2019.05.15] CINDERELLA MASTER 052 白菊ほたる,,2019,RAR,,/00-偶像大师 ALL IN ONE/2-灰姑娘女孩/灰姑娘女孩CD/1 CINDERELLA MASTER 系列/[2017-2025] CINDERELLA MASTER Solo Songs -2nd Wave-/[2019.05.15] CINDERELLA MASTER 052 白菊ほたる.rar,https://pan.baidu.com/netdisk/share?surl=tg6UFh0AcSdQhjvncnc7cQ&pwd=imas,imas,永久,可用,2026-07-16,5540
resource-a4d4ac93c3b8,灰姑娘女孩,CD,[2017-2025] CINDERELLA MASTER Solo Songs -2nd Wave-,[2019.05.15] CINDERELLA MASTER 053 森久保乃々,,2019,RAR,,/00-偶像大师 ALL IN ONE/2-灰姑娘女孩/灰姑娘女孩CD/1 CINDERELLA MASTER 系列/[2017-2025] CINDERELLA MASTER Solo Songs -2nd Wave-/[2019.05.15] CINDERELLA MASTER 053 森久保乃々.rar,https://pan.baidu.com/netdisk/share?surl=YPQ2SzyHhlIRvnCGuuAihA&pwd=imas,imas,永久,可用,2026-07-16,5550
resource-c2bfd57e128b,灰姑娘女孩,CD,[2017-2025] CINDERELLA MASTER Solo Songs -2nd Wave-,[2019.05.15] CINDERELLA MASTER 054 佐藤心,,2019,RAR,,/00-偶像大师 ALL IN ONE/2-灰姑娘女孩/灰姑娘女孩CD/1 CINDERELLA MASTER 系列/[2017-2025] CINDERELLA MASTER Solo Songs -2nd Wave-/[2019.05.15] CINDERELLA MASTER 054 佐藤心.rar,https://pan.baidu.com/netdisk/share?surl=wbHL4Z_tm5wGqcMd0Mdt6w&pwd=imas,imas,永久,可用,2026-07-16,5560
resource-295c5010985d,灰姑娘女孩,CD,[2017-2025] CINDERELLA MASTER Solo Songs -2nd Wave-,[2020.04.22] CINDERELLA MASTER 055 早坂美玲,,2020,RAR,,/00-偶像大师 ALL IN ONE/2-灰姑娘女孩/灰姑娘女孩CD/1 CINDERELLA MASTER 系列/[2017-2025] CINDERELLA MASTER Solo Songs -2nd Wave-/[2020.04.22] CINDERELLA MASTER 055 早坂美玲.rar,https://pan.baidu.com/netdisk/share?surl=91T6UyeYp2rMB5EZ9o5cbQ&pwd=imas,imas,永久,可用,2026-07-16,5570
resource-979b3b74f4dd,灰姑娘女孩,CD,[2017-2025] CINDERELLA MASTER Solo Songs -2nd Wave-,[2020.04.22] CINDERELLA MASTER 056 藤原肇,,2020,RAR,,/00-偶像大师 ALL IN ONE/2-灰姑娘女孩/灰姑娘女孩CD/1 CINDERELLA MASTER 系列/[2017-2025] CINDERELLA MASTER Solo Songs -2nd Wave-/[2020.04.22] CINDERELLA MASTER 056 藤原肇.rar,https://pan.baidu.com/netdisk/share?surl=aeHeTsZfnQNfeXlGR7fWQQ&pwd=imas,imas,永久,可用,2026-07-16,5580
resource-613016c92534,灰姑娘女孩,CD,[2017-2025] CINDERELLA MASTER Solo Songs -2nd Wave-,[2020.04.22] CINDERELLA MASTER 057 夢見りあむ,,2020,RAR,,/00-偶像大师 ALL IN ONE/2-灰姑娘女孩/灰姑娘女孩CD/1 CINDERELLA MASTER 系列/[2017-2025] CINDERELLA MASTER Solo Songs -2nd Wave-/[2020.04.22] CINDERELLA MASTER 057 夢見りあむ.rar,https://pan.baidu.com/netdisk/share?surl=mEx3f0-fWIiZTpgwgF8rDQ&pwd=imas,imas,永久,可用,2026-07-16,5590
resource-2734ec02e4e8,灰姑娘女孩,CD,[2017-2025] CINDERELLA MASTER Solo Songs -2nd Wave-,[2021.05.19] CINDERELLA MASTER 058 黒埼ちとせ,,2021,RAR,,/00-偶像大师 ALL IN ONE/2-灰姑娘女孩/灰姑娘女孩CD/1 CINDERELLA MASTER 系列/[2017-2025] CINDERELLA MASTER Solo Songs -2nd Wave-/[2021.05.19] CINDERELLA MASTER 058 黒埼ちとせ.rar,https://pan.baidu.com/netdisk/share?surl=6_t8l0M5SkHIUdgdE2Zhcg&pwd=imas,imas,永久,可用,2026-07-16,5600
resource-1d449791979f,灰姑娘女孩,CD,[2017-2025] CINDERELLA MASTER Solo Songs -2nd Wave-,[2021.05.19] CINDERELLA MASTER 059 砂塚あきら,,2021,RAR,,/00-偶像大师 ALL IN ONE/2-灰姑娘女孩/灰姑娘女孩CD/1 CINDERELLA MASTER 系列/[2017-2025] CINDERELLA MASTER Solo Songs -2nd Wave-/[2021.05.19] CINDERELLA MASTER 059 砂塚あきら.rar,https://pan.baidu.com/netdisk/share?surl=DhjUnnyBC5PKXgDE4KJYSQ&pwd=imas,imas,永久,可用,2026-07-16,5610
resource-67fcd94cf333,灰姑娘女孩,CD,[2017-2025] CINDERELLA MASTER Solo Songs -2nd Wave-,[2021.05.19] CINDERELLA MASTER 060 久川凪,,2021,RAR,,/00-偶像大师 ALL IN ONE/2-灰姑娘女孩/灰姑娘女孩CD/1 CINDERELLA MASTER 系列/[2017-2025] CINDERELLA MASTER Solo Songs -2nd Wave-/[2021.05.19] CINDERELLA MASTER 060 久川凪.rar,https://pan.baidu.com/netdisk/share?surl=fNTsCu5DXED0P4IA9SFgWg&pwd=imas,imas,永久,可用,2026-07-16,5620
resource-94555c8bff42,灰姑娘女孩,CD,[2017-2025] CINDERELLA MASTER Solo Songs -2nd Wave-,[2022.04.20] CINDERELLA MASTER 061 辻野あかり,,2022,RAR,,/00-偶像大师 ALL IN ONE/2-灰姑娘女孩/灰姑娘女孩CD/1 CINDERELLA MASTER 系列/[2017-2025] CINDERELLA MASTER Solo Songs -2nd Wave-/[2022.04.20] CINDERELLA MASTER 061 辻野あかり.rar,https://pan.baidu.com/netdisk/share?surl=eB4q7ji2hRDI4jZqTd8V8Q&pwd=imas,imas,永久,可用,2026-07-16,5630
resource-f888550d99d8,灰姑娘女孩,CD,[2017-2025] CINDERELLA MASTER Solo Songs -2nd Wave-,[2022.04.20] CINDERELLA MASTER 062 久川颯,,2022,RAR,,/00-偶像大师 ALL IN ONE/2-灰姑娘女孩/灰姑娘女孩CD/1 CINDERELLA MASTER 系列/[2017-2025] CINDERELLA MASTER Solo Songs -2nd Wave-/[2022.04.20] CINDERELLA MASTER 062 久川颯.rar,https://pan.baidu.com/netdisk/share?surl=xXtRbdktk0-mAuvCqtyMPw&pwd=imas,imas,永久,可用,2026-07-16,5640
resource-3363895f2a5c,灰姑娘女孩,CD,[2017-2025] CINDERELLA MASTER Solo Songs -2nd Wave-,[2022.04.20] CINDERELLA MASTER 063 ナターリア,,2022,RAR,,/00-偶像大师 ALL IN ONE/2-灰姑娘女孩/灰姑娘女孩CD/1 CINDERELLA MASTER 系列/[2017-2025] CINDERELLA MASTER Solo Songs -2nd Wave-/[2022.04.20] CINDERELLA MASTER 063 ナターリア.rar,https://pan.baidu.com/netdisk/share?surl=TcqeahYjsMR3ehPInjlV7A&pwd=imas,imas,永久,可用,2026-07-16,5650
resource-86ec5aea56e0,灰姑娘女孩,CD,[2017-2025] CINDERELLA MASTER Solo Songs -2nd Wave-,[2023.06.07] CINDERELLA MASTER 064 西園寺琴歌,,2023,RAR,,/00-偶像大师 ALL IN ONE/2-灰姑娘女孩/灰姑娘女孩CD/1 CINDERELLA MASTER 系列/[2017-2025] CINDERELLA MASTER Solo Songs -2nd Wave-/[2023.06.07] CINDERELLA MASTER 064 西園寺琴歌.rar,https://pan.baidu.com/netdisk/share?surl=uWQlm9ttOUtvlmX1Blfp7w&pwd=imas,imas,永久,可用,2026-07-16,5660
resource-c2a3aca70a44,灰姑娘女孩,CD,[2017-2025] CINDERELLA MASTER Solo Songs -2nd Wave-,[2023.06.07] CINDERELLA MASTER 065 八神マキノ,,2023,RAR,,/00-偶像大师 ALL IN ONE/2-灰姑娘女孩/灰姑娘女孩CD/1 CINDERELLA MASTER 系列/[2017-2025] CINDERELLA MASTER Solo Songs -2nd Wave-/[2023.06.07] CINDERELLA MASTER 065 八神マキノ.rar,https://pan.baidu.com/netdisk/share?surl=MVl4MsBHelTzvvEGwIonGg&pwd=imas,imas,永久,可用,2026-07-16,5670
resource-50648ad7e22d,灰姑娘女孩,CD,[2017-2025] CINDERELLA MASTER Solo Songs -2nd Wave-,[2023.06.07] CINDERELLA MASTER 066 南条光,,2023,RAR,,/00-偶像大师 ALL IN ONE/2-灰姑娘女孩/灰姑娘女孩CD/1 CINDERELLA MASTER 系列/[2017-2025] CINDERELLA MASTER Solo Songs -2nd Wave-/[2023.06.07] CINDERELLA MASTER 066 南条光.rar,https://pan.baidu.com/netdisk/share?surl=bUhH0Jw18Gq-_ofU9STFxQ&pwd=imas,imas,永久,可用,2026-07-16,5680
resource-69e5bd101ac9,灰姑娘女孩,CD,[2017-2025] CINDERELLA MASTER Solo Songs -2nd Wave-,[2024.08.21] CINDERELLA MASTER 067 白雪千夜,,2024,RAR,,/00-偶像大师 ALL IN ONE/2-灰姑娘女孩/灰姑娘女孩CD/1 CINDERELLA MASTER 系列/[2017-2025] CINDERELLA MASTER Solo Songs -2nd Wave-/[2024.08.21] CINDERELLA MASTER 067 白雪千夜.rar,https://pan.baidu.com/netdisk/share?surl=2orRlzohzM2nRvb4iZ-How&pwd=imas,imas,永久,可用,2026-07-16,5690
resource-659833bd42dc,灰姑娘女孩,CD,[2017-2025] CINDERELLA MASTER Solo Songs -2nd Wave-,[2024.08.21] CINDERELLA MASTER 068 浅利七海,,2024,RAR,,/00-偶像大师 ALL IN ONE/2-灰姑娘女孩/灰姑娘女孩CD/1 CINDERELLA MASTER 系列/[2017-2025] CINDERELLA MASTER Solo Songs -2nd Wave-/[2024.08.21] CINDERELLA MASTER 068 浅利七海.rar,https://pan.baidu.com/netdisk/share?surl=J5T24BZ0mHXZZZ4PNzdZPw&pwd=imas,imas,永久,可用,2026-07-16,5700
resource-046e8c9abf38,灰姑娘女孩,CD,[2017-2025] CINDERELLA MASTER Solo Songs -2nd Wave-,[2024.08.21] CINDERELLA MASTER 069 イヴ・サンタクロース,,2024,RAR,,/00-偶像大师 ALL IN ONE/2-灰姑娘女孩/灰姑娘女孩CD/1 CINDERELLA MASTER 系列/[2017-2025] CINDERELLA MASTER Solo Songs -2nd Wave-/[2024.08.21] CINDERELLA MASTER 069 イヴ・サンタクロース.rar,https://pan.baidu.com/netdisk/share?surl=O6_0GXf9CRUbOWHjmN3TPw&pwd=imas,imas,永久,可用,2026-07-16,5710
resource-bc36c3dc4743,灰姑娘女孩,CD,[2017-2025] CINDERELLA MASTER Solo Songs -2nd Wave-,[2025.05.14] CINDERELLA MASTER 070 大石泉,,2025,RAR,,/00-偶像大师 ALL IN ONE/2-灰姑娘女孩/灰姑娘女孩CD/1 CINDERELLA MASTER 系列/[2017-2025] CINDERELLA MASTER Solo Songs -2nd Wave-/[2025.05.14] CINDERELLA MASTER 070 大石泉.rar,https://pan.baidu.com/netdisk/share?surl=6tEWK1g8P803PznUZk73xg&pwd=imas,imas,永久,可用,2026-07-16,5720
resource-74e8c952a10d,灰姑娘女孩,CD,[2017-2025] CINDERELLA MASTER Solo Songs -2nd Wave-,[2025.05.14] CINDERELLA MASTER 071 望月聖,,2025,RAR,,/00-偶像大师 ALL IN ONE/2-灰姑娘女孩/灰姑娘女孩CD/1 CINDERELLA MASTER 系列/[2017-2025] CINDERELLA MASTER Solo Songs -2nd Wave-/[2025.05.14] CINDERELLA MASTER 071 望月聖.rar,https://pan.baidu.com/netdisk/share?surl=wwEXaq5mp_AoIW25tU1BoQ&pwd=imas,imas,永久,可用,2026-07-16,5730
resource-37e37ef28e82,灰姑娘女孩,CD,[2017-2025] CINDERELLA MASTER Solo Songs -2nd Wave-,[2025.05.14] CINDERELLA MASTER 072 ライラ,,2025,RAR,,/00-偶像大师 ALL IN ONE/2-灰姑娘女孩/灰姑娘女孩CD/1 CINDERELLA MASTER 系列/[2017-2025] CINDERELLA MASTER Solo Songs -2nd Wave-/[2025.05.14] CINDERELLA MASTER 072 ライラ.rar,https://pan.baidu.com/netdisk/share?surl=Kv2fuHq2u5MTwl_lrG4YIQ&pwd=imas,imas,永久,可用,2026-07-16,5740
resource-4138f175d25f,灰姑娘女孩,CD,[2019-2020] CINDERELLA MASTER 3chord,[2019.11.13] CINDERELLA MASTER 3chord for the Pops!,,2019,RAR,,/00-偶像大师 ALL IN ONE/2-灰姑娘女孩/灰姑娘女孩CD/1 CINDERELLA MASTER 系列/[2019-2020] CINDERELLA MASTER 3chord/[2019.11.13] CINDERELLA MASTER 3chord for the Pops!.rar,https://pan.baidu.com/netdisk/share?surl=-CTQn_jVy-kX89NHU8sc-w&pwd=imas,imas,永久,可用,2026-07-16,5750
resource-734de0470787,灰姑娘女孩,CD,[2019-2020] CINDERELLA MASTER 3chord,[2020.02.19] CINDERELLA MASTER 3chord for the Dance!,,2020,RAR,,/00-偶像大师 ALL IN ONE/2-灰姑娘女孩/灰姑娘女孩CD/1 CINDERELLA MASTER 系列/[2019-2020] CINDERELLA MASTER 3chord/[2020.02.19] CINDERELLA MASTER 3chord for the Dance!.rar,https://pan.baidu.com/netdisk/share?surl=NVYzgt50JOSQnYrKY_021g&pwd=imas,imas,永久,可用,2026-07-16,5760
resource-0983aab7d69a,灰姑娘女孩,CD,[2019-2020] CINDERELLA MASTER 3chord,[2020.07.01] CINDERELLA MASTER 3chord for the Rock!,,2020,RAR,,/00-偶像大师 ALL IN ONE/2-灰姑娘女孩/灰姑娘女孩CD/1 CINDERELLA MASTER 系列/[2019-2020] CINDERELLA MASTER 3chord/[2020.07.01] CINDERELLA MASTER 3chord for the Rock!.rar,https://pan.baidu.com/netdisk/share?surl=GmjRIfiwUmj3UXj4oZ5WJw&pwd=imas,imas,永久,可用,2026-07-16,5770
resource-2612ab71f9ca,灰姑娘女孩,CD,[2014-2016] ANIMATION PROJECT Special Songs,[2014.11.05] ANIMATION PROJECT Vol.00 ☆ ANIMATION FIRST SET,,2014,RAR,,/00-偶像大师 ALL IN ONE/2-灰姑娘女孩/灰姑娘女孩CD/2 动画系列/[2014-2016] ANIMATION PROJECT Special Songs/[2014.11.05] ANIMATION PROJECT Vol.00 ☆ ANIMATION FIRST SET.rar,https://pan.baidu.com/netdisk/share?surl=nkinMUGW7otanfqMgQHZOw&pwd=imas,imas,永久,可用,2026-07-16,5780
resource-84e1ea4fbfbd,灰姑娘女孩,CD,[2014-2016] ANIMATION PROJECT Special Songs,[2015.04.23] ANIMATION PROJECT Vol.01 ☆ 346Pro IDOL selection Vol.1,,2015,RAR,,/00-偶像大师 ALL IN ONE/2-灰姑娘女孩/灰姑娘女孩CD/2 动画系列/[2014-2016] ANIMATION PROJECT Special Songs/[2015.04.23] ANIMATION PROJECT Vol.01 ☆ 346Pro IDOL selection Vol.1.rar,https://pan.baidu.com/netdisk/share?surl=bQSo2WsHlpgAgHxLZvxI9w&pwd=imas,imas,永久,可用,2026-07-16,5790
resource-cdd9ed6372f2,灰姑娘女孩,CD,[2014-2016] ANIMATION PROJECT Special Songs,[2015.06.25] ANIMATION PROJECT Vol.02 ☆ What would you like to do？,,2015,RAR,,/00-偶像大师 ALL IN ONE/2-灰姑娘女孩/灰姑娘女孩CD/2 动画系列/[2014-2016] ANIMATION PROJECT Special Songs/[2015.06.25] ANIMATION PROJECT Vol.02 ☆ What would you like to do？.rar,https://pan.baidu.com/netdisk/share?surl=485vEUM1tgMYghZG5CphxQ&pwd=imas,imas,永久,可用,2026-07-16,5800
resource-f537da3db4af,灰姑娘女孩,CD,[2014-2016] ANIMATION PROJECT Special Songs,[2015.07.23] ANIMATION PROJECT Vol.03 ☆ 346Pro IDOL selection Vol.2,,2015,RAR,,/00-偶像大师 ALL IN ONE/2-灰姑娘女孩/灰姑娘女孩CD/2 动画系列/[2014-2016] ANIMATION PROJECT Special Songs/[2015.07.23] ANIMATION PROJECT Vol.03 ☆ 346Pro IDOL selection Vol.2.rar,https://pan.baidu.com/netdisk/share?surl=qHemNm1FTmD_HH47mL2R5Q&pwd=imas,imas,永久,可用,2026-07-16,5810
resource-653e5874daa8,灰姑娘女孩,CD,[2014-2016] ANIMATION PROJECT Special Songs,[2015.08.27] ANIMATION PROJECT Vol.04 ☆ Sometimes sweet become bittersweet,,2015,RAR,,/00-偶像大师 ALL IN ONE/2-灰姑娘女孩/灰姑娘女孩CD/2 动画系列/[2014-2016] ANIMATION PROJECT Special Songs/[2015.08.27] ANIMATION PROJECT Vol.04 ☆ Sometimes sweet become bittersweet.rar,https://pan.baidu.com/netdisk/share?surl=8xNQIuML1UfRgxDjrPOomw&pwd=imas,imas,永久,可用,2026-07-16,5820
resource-d8405d4f527b,灰姑娘女孩,CD,[2014-2016] ANIMATION PROJECT Special Songs,[2015.09.25] ANIMATION PROJECT Vol.05 ☆ 346Pro IDOL selection Vol.3,,2015,RAR,,/00-偶像大师 ALL IN ONE/2-灰姑娘女孩/灰姑娘女孩CD/2 动画系列/[2014-2016] ANIMATION PROJECT Special Songs/[2015.09.25] ANIMATION PROJECT Vol.05 ☆ 346Pro IDOL selection Vol.3.rar,https://pan.baidu.com/netdisk/share?surl=30pWx5RRUUxCBGMYVSVlRg&pwd=imas,imas,永久,可用,2026-07-16,5830
resource-729dd857f651,灰姑娘女孩,CD,[2014-2016] ANIMATION PROJECT Special Songs,[2015.11.26] ANIMATION PROJECT Vol.06 ☆ Treasure of Exploration,,2015,RAR,,/00-偶像大师 ALL IN ONE/2-灰姑娘女孩/灰姑娘女孩CD/2 动画系列/[2014-2016] ANIMATION PROJECT Special Songs/[2015.11.26] ANIMATION PROJECT Vol.06 ☆ Treasure of Exploration.rar,https://pan.baidu.com/netdisk/share?surl=RsvwZa5T5AU2DrfSTXj0_A&pwd=imas,imas,永久,可用,2026-07-16,5840
resource-09841a87b7df,灰姑娘女孩,CD,[2014-2016] ANIMATION PROJECT Special Songs,[2015.12.23] ANIMATION PROJECT Vol.07 ☆ 346Pro IDOL selection Vol.4,,2015,RAR,,/00-偶像大师 ALL IN ONE/2-灰姑娘女孩/灰姑娘女孩CD/2 动画系列/[2014-2016] ANIMATION PROJECT Special Songs/[2015.12.23] ANIMATION PROJECT Vol.07 ☆ 346Pro IDOL selection Vol.4.rar,https://pan.baidu.com/netdisk/share?surl=ketJolZhRzswoid6npf1uA&pwd=imas,imas,永久,可用,2026-07-16,5850
resource-334baddfe571,灰姑娘女孩,CD,[2014-2016] ANIMATION PROJECT Special Songs,[2016.01.28] ANIMATION PROJECT Vol.08 ☆ Challenges to change,,2016,RAR,,/00-偶像大师 ALL IN ONE/2-灰姑娘女孩/灰姑娘女孩CD/2 动画系列/[2014-2016] ANIMATION PROJECT Special Songs/[2016.01.28] ANIMATION PROJECT Vol.08 ☆ Challenges to change.rar,https://pan.baidu.com/netdisk/share?surl=gU7npTQE_2Ig6B8nDj2ohA&pwd=imas,imas,永久,可用,2026-07-16,5860
resource-6e9bb12d394d,灰姑娘女孩,CD,[2014-2016] ANIMATION PROJECT Special Songs,[2016.02.25] ANIMATION PROJECT Vol.09 ☆ 346Pro IDOL selection Vol.5,,2016,RAR,,/00-偶像大师 ALL IN ONE/2-灰姑娘女孩/灰姑娘女孩CD/2 动画系列/[2014-2016] ANIMATION PROJECT Special Songs/[2016.02.25] ANIMATION PROJECT Vol.09 ☆ 346Pro IDOL selection Vol.5.rar,https://pan.baidu.com/netdisk/share?surl=1q_3E4-wIaysEzdpr4Q_Ww&pwd=imas,imas,永久,可用,2026-07-16,5870
resource-4196971299b4,灰姑娘女孩,CD,[2015-2016] ANIMATION PROJECT Original Songs,[2015.01.21] ANIMATION PROJECT 00 ST@RTER BEST,,2015,RAR,,/00-偶像大师 ALL IN ONE/2-灰姑娘女孩/灰姑娘女孩CD/2 动画系列/[2015-2016] ANIMATION PROJECT Original Songs/[2015.01.21] ANIMATION PROJECT 00 ST@RTER BEST.rar,https://pan.baidu.com/netdisk/share?surl=QqmxkaDWrQr-14EZchu9_g&pwd=imas,imas,永久,可用,2026-07-16,5880
resource-fb82ca23d52b,灰姑娘女孩,CD,[2015-2016] ANIMATION PROJECT Original Songs,[2015.02.18] ANIMATION PROJECT S1 01 Star!!,,2015,RAR,,/00-偶像大师 ALL IN ONE/2-灰姑娘女孩/灰姑娘女孩CD/2 动画系列/[2015-2016] ANIMATION PROJECT Original Songs/[2015.02.18] ANIMATION PROJECT S1 01 Star!!.rar,https://pan.baidu.com/netdisk/share?surl=d3bbTJL3az8bVSpFiiLAgQ&pwd=imas,imas,永久,可用,2026-07-16,5890
resource-2ef56f2755a5,灰姑娘女孩,CD,[2015-2016] ANIMATION PROJECT Original Songs,[2015.03.18] ANIMATION PROJECT S1 02 Memories,,2015,RAR,,/00-偶像大师 ALL IN ONE/2-灰姑娘女孩/灰姑娘女孩CD/2 动画系列/[2015-2016] ANIMATION PROJECT Original Songs/[2015.03.18] ANIMATION PROJECT S1 02 Memories.rar,https://pan.baidu.com/netdisk/share?surl=Ztmy6Ycl5WcMQm5Kdxd7AQ&pwd=imas,imas,永久,可用,2026-07-16,5900
resource-b60819ddc8fe,灰姑娘女孩,CD,[2015-2016] ANIMATION PROJECT Original Songs,[2015.03.25] ANIMATION PROJECT S1 03 -LEGNE- 仇なす剣光の旋律,,2015,RAR,,/00-偶像大师 ALL IN ONE/2-灰姑娘女孩/灰姑娘女孩CD/2 动画系列/[2015-2016] ANIMATION PROJECT Original Songs/[2015.03.25] ANIMATION PROJECT S1 03 -LEGNE- 仇なす剣光の旋律.rar,https://pan.baidu.com/netdisk/share?surl=Y3AdH05yKl8E57ayzoA_nA&pwd=imas,imas,永久,可用,2026-07-16,5910
resource-98d8cbf9bcf2,灰姑娘女孩,CD,[2015-2016] ANIMATION PROJECT Original Songs,[2015.04.01] ANIMATION PROJECT S1 04 Happy×2 Days,,2015,RAR,,/00-偶像大师 ALL IN ONE/2-灰姑娘女孩/灰姑娘女孩CD/2 动画系列/[2015-2016] ANIMATION PROJECT Original Songs/[2015.04.01] ANIMATION PROJECT S1 04 Happy×2 Days.rar,https://pan.baidu.com/netdisk/share?surl=PvwNFXGbxRwe5jHO37xSJg&pwd=imas,imas,永久,可用,2026-07-16,5920
resource-740e9bb95c1f,灰姑娘女孩,CD,[2015-2016] ANIMATION PROJECT Original Songs,[2015.04.08] ANIMATION PROJECT S1 05 LET'S GO HAPPY!!,,2015,RAR,,/00-偶像大师 ALL IN ONE/2-灰姑娘女孩/灰姑娘女孩CD/2 动画系列/[2015-2016] ANIMATION PROJECT Original Songs/[2015.04.08] ANIMATION PROJECT S1 05 LET'S GO HAPPY!!.rar,https://pan.baidu.com/netdisk/share?surl=0pyY5QuScrN5r_tXpHcdXA&pwd=imas,imas,永久,可用,2026-07-16,5930
resource-95da1b450d74,灰姑娘女孩,CD,[2015-2016] ANIMATION PROJECT Original Songs,[2015.04.15] ANIMATION PROJECT S1 06 ØωØver!!,,2015,RAR,,/00-偶像大师 ALL IN ONE/2-灰姑娘女孩/灰姑娘女孩CD/2 动画系列/[2015-2016] ANIMATION PROJECT Original Songs/[2015.04.15] ANIMATION PROJECT S1 06 ØωØver!!.rar,https://pan.baidu.com/netdisk/share?surl=PUdET557HOYSM6-d3yWdGQ&pwd=imas,imas,永久,可用,2026-07-16,5940
resource-3497ff30f46a,灰姑娘女孩,CD,[2015-2016] ANIMATION PROJECT Original Songs,[2015.04.22] ANIMATION PROJECT S1 07 できたて Evo! Revo! Generation!,,2015,RAR,,/00-偶像大师 ALL IN ONE/2-灰姑娘女孩/灰姑娘女孩CD/2 动画系列/[2015-2016] ANIMATION PROJECT Original Songs/[2015.04.22] ANIMATION PROJECT S1 07 できたて Evo! Revo! Generation!.rar,https://pan.baidu.com/netdisk/share?surl=6fczAV-mHU6oxLuFBd-JWA&pwd=imas,imas,永久,可用,2026-07-16,5950
resource-ebdcf55ff2b2,灰姑娘女孩,CD,[2015-2016] ANIMATION PROJECT Original Songs,[2015.05.13] ANIMATION PROJECT S1 08 GOIN'!!!,,2015,RAR,,/00-偶像大师 ALL IN ONE/2-灰姑娘女孩/灰姑娘女孩CD/2 动画系列/[2015-2016] ANIMATION PROJECT Original Songs/[2015.05.13] ANIMATION PROJECT S1 08 GOIN'!!!.rar,https://pan.baidu.com/netdisk/share?surl=p1_WJLQMBd_qQPnTm-gcSQ&pwd=imas,imas,永久,可用,2026-07-16,5960
resource-813ffd0f0a49,灰姑娘女孩,CD,[2015-2016] ANIMATION PROJECT Original Songs,[2015.08.05] ANIMATION PROJECT S2 01 Shine!!,,2015,RAR,,/00-偶像大师 ALL IN ONE/2-灰姑娘女孩/灰姑娘女孩CD/2 动画系列/[2015-2016] ANIMATION PROJECT Original Songs/[2015.08.05] ANIMATION PROJECT S2 01 Shine!!.rar,https://pan.baidu.com/netdisk/share?surl=a8BY21CcSsUoTcweCJipjw&pwd=imas,imas,永久,可用,2026-07-16,5970
resource-0c4adfa41996,灰姑娘女孩,CD,[2015-2016] ANIMATION PROJECT Original Songs,[2015.09.23] ANIMATION PROJECT S2 02 私色ギフト,,2015,RAR,,/00-偶像大师 ALL IN ONE/2-灰姑娘女孩/灰姑娘女孩CD/2 动画系列/[2015-2016] ANIMATION PROJECT Original Songs/[2015.09.23] ANIMATION PROJECT S2 02 私色ギフト.rar,https://pan.baidu.com/netdisk/share?surl=5oR_7dK5KFov7utH1VLOxA&pwd=imas,imas,永久,可用,2026-07-16,5980
resource-253e05942405,灰姑娘女孩,CD,[2015-2016] ANIMATION PROJECT Original Songs,[2015.09.30] ANIMATION PROJECT S2 03 Wonder goes on!!,,2015,RAR,,/00-偶像大师 ALL IN ONE/2-灰姑娘女孩/灰姑娘女孩CD/2 动画系列/[2015-2016] ANIMATION PROJECT Original Songs/[2015.09.30] ANIMATION PROJECT S2 03 Wonder goes on!!.rar,https://pan.baidu.com/netdisk/share?surl=Yt7g-jd63zuZKTVsZ8hTVQ&pwd=imas,imas,永久,可用,2026-07-16,5990
resource-ac23cf4a4f71,灰姑娘女孩,CD,[2015-2016] ANIMATION PROJECT Original Songs,[2015.10.07] ANIMATION PROJECT S2 04 この空の下,,2015,RAR,,/00-偶像大师 ALL IN ONE/2-灰姑娘女孩/灰姑娘女孩CD/2 动画系列/[2015-2016] ANIMATION PROJECT Original Songs/[2015.10.07] ANIMATION PROJECT S2 04 この空の下.rar,https://pan.baidu.com/netdisk/share?surl=qpr42VMRO9-A3YKW_-hD3w&pwd=imas,imas,永久,可用,2026-07-16,6000
resource-1ed564287ca9,灰姑娘女孩,CD,[2015-2016] ANIMATION PROJECT Original Songs,[2015.10.14] ANIMATION PROJECT S2 05 Trancing Pulse,,2015,RAR,,/00-偶像大师 ALL IN ONE/2-灰姑娘女孩/灰姑娘女孩CD/2 动画系列/[2015-2016] ANIMATION PROJECT Original Songs/[2015.10.14] ANIMATION PROJECT S2 05 Trancing Pulse.rar,https://pan.baidu.com/netdisk/share?surl=Yir2ioJfIFNAXSLqAeGXaw&pwd=imas,imas,永久,可用,2026-07-16,6010
resource-669f59558584,灰姑娘女孩,CD,[2015-2016] ANIMATION PROJECT Original Songs,[2015.11.11] ANIMATION PROJECT S2 06 流れ星キセキ,,2015,RAR,,/00-偶像大师 ALL IN ONE/2-灰姑娘女孩/灰姑娘女孩CD/2 动画系列/[2015-2016] ANIMATION PROJECT Original Songs/[2015.11.11] ANIMATION PROJECT S2 06 流れ星キセキ.rar,https://pan.baidu.com/netdisk/share?surl=91jxmpmJiGX6_0SvazppLg&pwd=imas,imas,永久,可用,2026-07-16,6020
resource-8c0c02979d37,灰姑娘女孩,CD,[2015-2016] ANIMATION PROJECT Original Songs,[2015.11.25] ANIMATION PROJECT S2 07 M@GIC☆,,2015,RAR,,/00-偶像大师 ALL IN ONE/2-灰姑娘女孩/灰姑娘女孩CD/2 动画系列/[2015-2016] ANIMATION PROJECT Original Songs/[2015.11.25] ANIMATION PROJECT S2 07 M@GIC☆.rar,https://pan.baidu.com/netdisk/share?surl=rruzMu4ZacwuhSEn1oYJNA&pwd=imas,imas,永久,可用,2026-07-16,6030
resource-af90c4f66f61,灰姑娘女孩,CD,[2015-2016] ANIMATION PROJECT Original Songs,[2016.03.30] ANIMATION PROJECT ORIGINAL SOUNDTRACK -Extended BDA-,,2016,RAR,,/00-偶像大师 ALL IN ONE/2-灰姑娘女孩/灰姑娘女孩CD/2 动画系列/[2015-2016] ANIMATION PROJECT Original Songs/[2016.03.30] ANIMATION PROJECT ORIGINAL SOUNDTRACK -Extended BDA-.rar,https://pan.baidu.com/netdisk/share?surl=8_uBCd3TzsC65Jcm1z8uHg&pwd=imas,imas,永久,可用,2026-07-16,6040
resource-6da257ed5541,灰姑娘女孩,CD,[2015-2016] ANIMATION PROJECT Original Songs,[2016.03.30] ANIMATION PROJECT ORIGINAL SOUNDTRACK,,2016,RAR,,/00-偶像大师 ALL IN ONE/2-灰姑娘女孩/灰姑娘女孩CD/2 动画系列/[2015-2016] ANIMATION PROJECT Original Songs/[2016.03.30] ANIMATION PROJECT ORIGINAL SOUNDTRACK.rar,https://pan.baidu.com/netdisk/share?surl=C4qLcuCkqKmbAQ8LLXgBCg&pwd=imas,imas,永久,可用,2026-07-16,6050
resource-21345489c54b,灰姑娘女孩,CD,[2017-2019] LITTLE STARS! Theater Drama Tracks,[2017.05.24] CINDERELLA GIRLS 劇場 1st SEASON 第1巻,,2017,RAR,,/00-偶像大师 ALL IN ONE/2-灰姑娘女孩/灰姑娘女孩CD/2 动画系列/[2017-2019] LITTLE STARS! Theater Drama Tracks/[2017.05.24] CINDERELLA GIRLS 劇場 1st SEASON 第1巻.rar,https://pan.baidu.com/netdisk/share?surl=1NevSk-OUrhc34L6utnKJg&pwd=imas,imas,永久,可用,2026-07-16,6060
resource-eb472f5dd9ca,灰姑娘女孩,CD,[2017-2019] LITTLE STARS! Theater Drama Tracks,[2017.06.28] CINDERELLA GIRLS 劇場 1st SEASON 第2巻,,2017,RAR,,/00-偶像大师 ALL IN ONE/2-灰姑娘女孩/灰姑娘女孩CD/2 动画系列/[2017-2019] LITTLE STARS! Theater Drama Tracks/[2017.06.28] CINDERELLA GIRLS 劇場 1st SEASON 第2巻.rar,https://pan.baidu.com/netdisk/share?surl=MLxeeaxWxJZnactvbUpacQ&pwd=imas,imas,永久,可用,2026-07-16,6070
resource-35f59a7351f0,灰姑娘女孩,CD,[2017-2019] LITTLE STARS! Theater Drama Tracks,[2017.07.26] CINDERELLA GIRLS 劇場 1st SEASON 第3巻,,2017,RAR,,/00-偶像大师 ALL IN ONE/2-灰姑娘女孩/灰姑娘女孩CD/2 动画系列/[2017-2019] LITTLE STARS! Theater Drama Tracks/[2017.07.26] CINDERELLA GIRLS 劇場 1st SEASON 第3巻.rar,https://pan.baidu.com/netdisk/share?surl=sucdiJHvZU-2umrXF113Ow&pwd=imas,imas,永久,可用,2026-07-16,6080
resource-35bc0f193e72,灰姑娘女孩,CD,[2017-2019] LITTLE STARS! Theater Drama Tracks,[2017.11.29] CINDERELLA GIRLS 劇場 2nd SEASON 第1巻,,2017,RAR,,/00-偶像大师 ALL IN ONE/2-灰姑娘女孩/灰姑娘女孩CD/2 动画系列/[2017-2019] LITTLE STARS! Theater Drama Tracks/[2017.11.29] CINDERELLA GIRLS 劇場 2nd SEASON 第1巻.rar,https://pan.baidu.com/netdisk/share?surl=o-WDlNlO77xWpmkGULtz_A&pwd=imas,imas,永久,可用,2026-07-16,6090
resource-949fa4c2fb60,灰姑娘女孩,CD,[2017-2019] LITTLE STARS! Theater Drama Tracks,[2017.12.22] CINDERELLA GIRLS 劇場 2nd SEASON 第2巻,,2017,RAR,,/00-偶像大师 ALL IN ONE/2-灰姑娘女孩/灰姑娘女孩CD/2 动画系列/[2017-2019] LITTLE STARS! Theater Drama Tracks/[2017.12.22] CINDERELLA GIRLS 劇場 2nd SEASON 第2巻.rar,https://pan.baidu.com/netdisk/share?surl=lgmoYssivXW1noPw-yd0sA&pwd=imas,imas,永久,可用,2026-07-16,6100
resource-e2b4ec1ba5c9,灰姑娘女孩,CD,[2017-2019] LITTLE STARS! Theater Drama Tracks,[2018.01.24] CINDERELLA GIRLS 劇場 2nd SEASON 第3巻,,2018,RAR,,/00-偶像大师 ALL IN ONE/2-灰姑娘女孩/灰姑娘女孩CD/2 动画系列/[2017-2019] LITTLE STARS! Theater Drama Tracks/[2018.01.24] CINDERELLA GIRLS 劇場 2nd SEASON 第3巻.rar,https://pan.baidu.com/netdisk/share?surl=WmP4XG3IigVDrbWf_whrjw&pwd=imas,imas,永久,可用,2026-07-16,6110
resource-44ac026958d2,灰姑娘女孩,CD,[2017-2019] LITTLE STARS! Theater Drama Tracks,[2018.08.24] CINDERELLA GIRLS 劇場 3rd SEASON 第1巻,,2018,RAR,,/00-偶像大师 ALL IN ONE/2-灰姑娘女孩/灰姑娘女孩CD/2 动画系列/[2017-2019] LITTLE STARS! Theater Drama Tracks/[2018.08.24] CINDERELLA GIRLS 劇場 3rd SEASON 第1巻.rar,https://pan.baidu.com/netdisk/share?surl=rYXJgk9gKxsoGWagiuqQCg&pwd=imas,imas,永久,可用,2026-07-16,6120
resource-5602ca0d41d2,灰姑娘女孩,CD,[2017-2019] LITTLE STARS! Theater Drama Tracks,[2018.09.26] CINDERELLA GIRLS 劇場 3rd SEASON 第2巻,,2018,RAR,,/00-偶像大师 ALL IN ONE/2-灰姑娘女孩/灰姑娘女孩CD/2 动画系列/[2017-2019] LITTLE STARS! Theater Drama Tracks/[2018.09.26] CINDERELLA GIRLS 劇場 3rd SEASON 第2巻.rar,https://pan.baidu.com/netdisk/share?surl=bp2VWck-H1atDFBSj1nGBw&pwd=imas,imas,永久,可用,2026-07-16,6130
resource-18344f68ed44,灰姑娘女孩,CD,[2017-2019] LITTLE STARS! Theater Drama Tracks,[2018.10.24] CINDERELLA GIRLS 劇場 3rd SEASON 第3巻,,2018,RAR,,/00-偶像大师 ALL IN ONE/2-灰姑娘女孩/灰姑娘女孩CD/2 动画系列/[2017-2019] LITTLE STARS! Theater Drama Tracks/[2018.10.24] CINDERELLA GIRLS 劇場 3rd SEASON 第3巻.rar,https://pan.baidu.com/netdisk/share?surl=c8vqCSubOFzQ-giU1t9H4w&pwd=imas,imas,永久,可用,2026-07-16,6140
resource-8e3605eaa992,灰姑娘女孩,CD,[2017-2019] LITTLE STARS! Theater Drama Tracks,[2019.06.26] CINDERELLA GIRLS 劇場 CLIMAX SEASON 第1巻,,2019,RAR,,/00-偶像大师 ALL IN ONE/2-灰姑娘女孩/灰姑娘女孩CD/2 动画系列/[2017-2019] LITTLE STARS! Theater Drama Tracks/[2019.06.26] CINDERELLA GIRLS 劇場 CLIMAX SEASON 第1巻.rar,https://pan.baidu.com/netdisk/share?surl=r5yTf7pRJgV6TF4fKTbpuA&pwd=imas,imas,永久,可用,2026-07-16,6150
resource-958686cb7a0e,灰姑娘女孩,CD,[2017-2019] LITTLE STARS! Theater Drama Tracks,[2019.07.24] CINDERELLA GIRLS 劇場 CLIMAX SEASON 第2巻,,2019,RAR,,/00-偶像大师 ALL IN ONE/2-灰姑娘女孩/灰姑娘女孩CD/2 动画系列/[2017-2019] LITTLE STARS! Theater Drama Tracks/[2019.07.24] CINDERELLA GIRLS 劇場 CLIMAX SEASON 第2巻.rar,https://pan.baidu.com/netdisk/share?surl=j5KSQr-uHoFF1Cu1gHJJRg&pwd=imas,imas,永久,可用,2026-07-16,6160
resource-2ae3cd279ff6,灰姑娘女孩,CD,[2017-2019] LITTLE STARS! Theater Drama Tracks,[2019.08.23] CINDERELLA GIRLS 劇場 CLIMAX SEASON 第3巻,,2019,RAR,,/00-偶像大师 ALL IN ONE/2-灰姑娘女孩/灰姑娘女孩CD/2 动画系列/[2017-2019] LITTLE STARS! Theater Drama Tracks/[2019.08.23] CINDERELLA GIRLS 劇場 CLIMAX SEASON 第3巻.rar,https://pan.baidu.com/netdisk/share?surl=hBkY6X2k7CmfktwwHQoTTQ&pwd=imas,imas,永久,可用,2026-07-16,6170
resource-be1b9c505d44,灰姑娘女孩,CD,[2017-2021] LITTLE STARS! Original Songs,[2017.04.26] LITTLE STARS! 01 キラッ！満開スマイル,,2017,RAR,,/00-偶像大师 ALL IN ONE/2-灰姑娘女孩/灰姑娘女孩CD/2 动画系列/[2017-2021] LITTLE STARS! Original Songs/[2017.04.26] LITTLE STARS! 01 キラッ！満開スマイル.rar,https://pan.baidu.com/netdisk/share?surl=JsVgO_GFTc15yIUMU1VTSA&pwd=imas,imas,永久,可用,2026-07-16,6180
resource-245ed60e85de,灰姑娘女孩,CD,[2017-2021] LITTLE STARS! Original Songs,[2017.05.24] LITTLE STARS! 02 エチュードは1曲だけ,,2017,RAR,,/00-偶像大师 ALL IN ONE/2-灰姑娘女孩/灰姑娘女孩CD/2 动画系列/[2017-2021] LITTLE STARS! Original Songs/[2017.05.24] LITTLE STARS! 02 エチュードは1曲だけ.rar,https://pan.baidu.com/netdisk/share?surl=HGO_76vGpQvORcZA8M16Tg&pwd=imas,imas,永久,可用,2026-07-16,6190
resource-0fa7beaa1717,灰姑娘女孩,CD,[2017-2021] LITTLE STARS! Original Songs,[2017.06.28] LITTLE STARS! 03 SUN♡FLOWER,,2017,RAR,,/00-偶像大师 ALL IN ONE/2-灰姑娘女孩/灰姑娘女孩CD/2 动画系列/[2017-2021] LITTLE STARS! Original Songs/[2017.06.28] LITTLE STARS! 03 SUN♡FLOWER.rar,https://pan.baidu.com/netdisk/share?surl=-Cr524gwfzdNp3oN9oHTbw&pwd=imas,imas,永久,可用,2026-07-16,6200
resource-435267535c42,灰姑娘女孩,CD,[2017-2021] LITTLE STARS! Original Songs,[2017.11.01] LITTLE STARS! 04 Blooming Days,,2017,RAR,,/00-偶像大师 ALL IN ONE/2-灰姑娘女孩/灰姑娘女孩CD/2 动画系列/[2017-2021] LITTLE STARS! Original Songs/[2017.11.01] LITTLE STARS! 04 Blooming Days.rar,https://pan.baidu.com/netdisk/share?surl=D3WJ6C97bIfGhgMpdSO4wg&pwd=imas,imas,永久,可用,2026-07-16,6210
resource-40fa1602bca3,灰姑娘女孩,CD,[2017-2021] LITTLE STARS! Original Songs,[2017.12.06] LITTLE STARS! 05 秋めいて Ding Dong Dang!,,2017,RAR,,/00-偶像大师 ALL IN ONE/2-灰姑娘女孩/灰姑娘女孩CD/2 动画系列/[2017-2021] LITTLE STARS! Original Songs/[2017.12.06] LITTLE STARS! 05 秋めいて Ding Dong Dang!.rar,https://pan.baidu.com/netdisk/share?surl=ouFM-zFmZ1djvBE5dACXjQ&pwd=imas,imas,永久,可用,2026-07-16,6220
resource-d5e58bd827a5,灰姑娘女孩,CD,[2017-2021] LITTLE STARS! Original Songs,[2018.01.10] LITTLE STARS! 06 Snow＊Love,,2018,RAR,,/00-偶像大师 ALL IN ONE/2-灰姑娘女孩/灰姑娘女孩CD/2 动画系列/[2017-2021] LITTLE STARS! Original Songs/[2018.01.10] LITTLE STARS! 06 Snow＊Love.rar,https://pan.baidu.com/netdisk/share?surl=uJwMVc2ZJLixZH9wOVCeUg&pwd=imas,imas,永久,可用,2026-07-16,6230
resource-deadc60f4519,灰姑娘女孩,CD,[2017-2021] LITTLE STARS! Original Songs,[2018.08.08] LITTLE STARS! 07 いとしーさー♥,,2018,RAR,,/00-偶像大师 ALL IN ONE/2-灰姑娘女孩/灰姑娘女孩CD/2 动画系列/[2017-2021] LITTLE STARS! Original Songs/[2018.08.08] LITTLE STARS! 07 いとしーさー♥.rar,https://pan.baidu.com/netdisk/share?surl=swUqiT0XkVYvBNFvnCdFcA&pwd=imas,imas,永久,可用,2026-07-16,6240
resource-5a4dfef14017,灰姑娘女孩,CD,[2017-2021] LITTLE STARS! Original Songs,[2018.09.12] LITTLE STARS! 08 なつっこ音頭,,2018,RAR,,/00-偶像大师 ALL IN ONE/2-灰姑娘女孩/灰姑娘女孩CD/2 动画系列/[2017-2021] LITTLE STARS! Original Songs/[2018.09.12] LITTLE STARS! 08 なつっこ音頭.rar,https://pan.baidu.com/netdisk/share?surl=LuLKNoWHNuwZ4neJ0rFIFg&pwd=imas,imas,永久,可用,2026-07-16,6250
resource-3dca93b41dfa,灰姑娘女孩,CD,[2017-2021] LITTLE STARS! Original Songs,[2018.10.10] LITTLE STARS! 09 さよならアロハ,,2018,RAR,,/00-偶像大师 ALL IN ONE/2-灰姑娘女孩/灰姑娘女孩CD/2 动画系列/[2017-2021] LITTLE STARS! Original Songs/[2018.10.10] LITTLE STARS! 09 さよならアロハ.rar,https://pan.baidu.com/netdisk/share?surl=kOimFWzG18NS8Y40FQysvA&pwd=imas,imas,永久,可用,2026-07-16,6260
resource-dffe290a5f00,灰姑娘女孩,CD,[2017-2021] LITTLE STARS! Original Songs,[2019.04.17] LITTLE STARS! 10 きゅん・きゅん・まっくす,,2019,RAR,,/00-偶像大师 ALL IN ONE/2-灰姑娘女孩/灰姑娘女孩CD/2 动画系列/[2017-2021] LITTLE STARS! Original Songs/[2019.04.17] LITTLE STARS! 10 きゅん・きゅん・まっくす.rar,https://pan.baidu.com/netdisk/share?surl=CXWTNfYhEwX3Btka8Aic6Q&pwd=imas,imas,永久,可用,2026-07-16,6270
resource-58c958472d5f,灰姑娘女孩,CD,[2017-2021] LITTLE STARS! Original Songs,[2019.05.22] LITTLE STARS! 11 Max Beat,,2019,RAR,,/00-偶像大师 ALL IN ONE/2-灰姑娘女孩/灰姑娘女孩CD/2 动画系列/[2017-2021] LITTLE STARS! Original Songs/[2019.05.22] LITTLE STARS! 11 Max Beat.rar,https://pan.baidu.com/netdisk/share?surl=tkgFE4aAa0mzue8cZkoYzw&pwd=imas,imas,永久,可用,2026-07-16,6280
resource-074ab0401853,灰姑娘女孩,CD,[2017-2021] LITTLE STARS! Original Songs,[2019.06.19] LITTLE STARS! 12 TAKAMARI☆CLIMAXXX!!!!!,,2019,RAR,,/00-偶像大师 ALL IN ONE/2-灰姑娘女孩/灰姑娘女孩CD/2 动画系列/[2017-2021] LITTLE STARS! Original Songs/[2019.06.19] LITTLE STARS! 12 TAKAMARI☆CLIMAXXX!!!!!.rar,https://pan.baidu.com/netdisk/share?surl=EtiXHJdzm9MzHxklGiK5hQ&pwd=imas,imas,永久,可用,2026-07-16,6290
resource-5ec957ecafb5,灰姑娘女孩,CD,[2017-2021] LITTLE STARS! Original Songs,[2020.08.19] LITTLE STARS EXTRA! Sing the Prologue♪,,2020,RAR,,/00-偶像大师 ALL IN ONE/2-灰姑娘女孩/灰姑娘女孩CD/2 动画系列/[2017-2021] LITTLE STARS! Original Songs/[2020.08.19] LITTLE STARS EXTRA! Sing the Prologue♪.rar,https://pan.baidu.com/netdisk/share?surl=J0a2kNzBzAfINwhj5tKW0g&pwd=imas,imas,永久,可用,2026-07-16,6300
resource-6a76126b199d,灰姑娘女孩,CD,[2017-2021] LITTLE STARS! Original Songs,[2020.11.11] LITTLE STARS EXTRA! ダイアモンド・アテンション,,2020,RAR,,/00-偶像大师 ALL IN ONE/2-灰姑娘女孩/灰姑娘女孩CD/2 动画系列/[2017-2021] LITTLE STARS! Original Songs/[2020.11.11] LITTLE STARS EXTRA! ダイアモンド・アテンション.rar,https://pan.baidu.com/netdisk/share?surl=4fThtP0D7ys9AAei6xa2Tw&pwd=imas,imas,永久,可用,2026-07-16,6310
resource-ab732a2432bf,灰姑娘女孩,CD,[2017-2021] LITTLE STARS! Original Songs,[2021.02.03] LITTLE STARS EXTRA! 君のステージ衣装、本当は…,,2021,RAR,,/00-偶像大师 ALL IN ONE/2-灰姑娘女孩/灰姑娘女孩CD/2 动画系列/[2017-2021] LITTLE STARS! Original Songs/[2021.02.03] LITTLE STARS EXTRA! 君のステージ衣装、本当は….rar,https://pan.baidu.com/netdisk/share?surl=D0SPhBd3guZXVPPxKWKH-A&pwd=imas,imas,永久,可用,2026-07-16,6320
resource-642b42c8184e,灰姑娘女孩,CD,[2017-2021] LITTLE STARS! Original Songs,[2021.04.07] LITTLE STARS EXTRA! Life is HaRMONY,,2021,RAR,,/00-偶像大师 ALL IN ONE/2-灰姑娘女孩/灰姑娘女孩CD/2 动画系列/[2017-2021] LITTLE STARS! Original Songs/[2021.04.07] LITTLE STARS EXTRA! Life is HaRMONY.rar,https://pan.baidu.com/netdisk/share?surl=cblgD0ETAogBtvXJF7lKsw&pwd=imas,imas,永久,可用,2026-07-16,6330
resource-6bf5bc06f898,灰姑娘女孩,CD,[2023-2023] ANIMATION MASTER U149 Original Songs,[2023.04.19] U149 ANIMATION MASTER 01 Shine In The Sky☆,,2023,RAR,,/00-偶像大师 ALL IN ONE/2-灰姑娘女孩/灰姑娘女孩CD/2 动画系列/[2023-2023] ANIMATION MASTER U149 Original Songs/[2023.04.19] U149 ANIMATION MASTER 01 Shine In The Sky☆.rar,https://pan.baidu.com/netdisk/share?surl=mvzdsQ1BE0dICeXyPe1hLQ&pwd=imas,imas,永久,可用,2026-07-16,6340
resource-6252571e214a,灰姑娘女孩,CD,[2023-2023] ANIMATION MASTER U149 Original Songs,[2023.05.10] U149 ANIMATION MASTER 02 よりみちリトルスター,,2023,RAR,,/00-偶像大师 ALL IN ONE/2-灰姑娘女孩/灰姑娘女孩CD/2 动画系列/[2023-2023] ANIMATION MASTER U149 Original Songs/[2023.05.10] U149 ANIMATION MASTER 02 よりみちリトルスター.rar,https://pan.baidu.com/netdisk/share?surl=d90XkwGT2hRkHM3Sf1M86A&pwd=imas,imas,永久,可用,2026-07-16,6350
resource-159dc2742bdd,灰姑娘女孩,CD,[2023-2023] ANIMATION MASTER U149 Original Songs,[2023.05.24] U149 ANIMATION MASTER 03 Nightwear,,2023,RAR,,/00-偶像大师 ALL IN ONE/2-灰姑娘女孩/灰姑娘女孩CD/2 动画系列/[2023-2023] ANIMATION MASTER U149 Original Songs/[2023.05.24] U149 ANIMATION MASTER 03 Nightwear.rar,https://pan.baidu.com/netdisk/share?surl=TWb0vGhPn2GnUVJDqrDYRg&pwd=imas,imas,永久,可用,2026-07-16,6360
resource-dc68ccc7f73e,灰姑娘女孩,CD,[2023-2023] ANIMATION MASTER U149 Original Songs,[2023.06.21] U149 ANIMATION MASTER 04 ゼロトゥワン !!,,2023,RAR,,/00-偶像大师 ALL IN ONE/2-灰姑娘女孩/灰姑娘女孩CD/2 动画系列/[2023-2023] ANIMATION MASTER U149 Original Songs/[2023.06.21] U149 ANIMATION MASTER 04 ゼロトゥワン !!.rar,https://pan.baidu.com/netdisk/share?surl=GwEUoveT_9jRAXzH2-GJpw&pwd=imas,imas,永久,可用,2026-07-16,6370
resource-06c0ae355abc,灰姑娘女孩,CD,[2023-2023] ANIMATION MASTER U149 Original Songs,[2023.06.28] U149 ANIMATION MASTER 05 グッデイ・グッナイ,,2023,RAR,,/00-偶像大师 ALL IN ONE/2-灰姑娘女孩/灰姑娘女孩CD/2 动画系列/[2023-2023] ANIMATION MASTER U149 Original Songs/[2023.06.28] U149 ANIMATION MASTER 05 グッデイ・グッナイ.rar,https://pan.baidu.com/netdisk/share?surl=VvRzZp_I7KkZitbonAWHvA&pwd=imas,imas,永久,可用,2026-07-16,6380
resource-098586b69b2c,灰姑娘女孩,CD,[2023-2023] ANIMATION MASTER U149 Original Songs,[2023.07.05] U149 ANIMATION MASTER 06 キラメキ☆,,2023,RAR,,/00-偶像大师 ALL IN ONE/2-灰姑娘女孩/灰姑娘女孩CD/2 动画系列/[2023-2023] ANIMATION MASTER U149 Original Songs/[2023.07.05] U149 ANIMATION MASTER 06 キラメキ☆.rar,https://pan.baidu.com/netdisk/share?surl=O6tIwuEqV9RjeIjky3cGlQ&pwd=imas,imas,永久,可用,2026-07-16,6390
resource-6698c294e180,灰姑娘女孩,CD,[2023-2023] ANIMATION MASTER U149 Original Songs,[2023.08.30] U149 ANIMATION MASTER ドラマ Vol.01,,2023,RAR,,/00-偶像大师 ALL IN ONE/2-灰姑娘女孩/灰姑娘女孩CD/2 动画系列/[2023-2023] ANIMATION MASTER U149 Original Songs/[2023.08.30] U149 ANIMATION MASTER ドラマ Vol.01.rar,https://pan.baidu.com/netdisk/share?surl=BRcjPQitvPapw_9RUeXjAw&pwd=imas,imas,永久,可用,2026-07-16,6400
resource-3bcc78447409,灰姑娘女孩,CD,[2023-2023] ANIMATION MASTER U149 Original Songs,[2023.09.27] U149 ANIMATION MASTER ドラマ Vol.02,,2023,RAR,,/00-偶像大师 ALL IN ONE/2-灰姑娘女孩/灰姑娘女孩CD/2 动画系列/[2023-2023] ANIMATION MASTER U149 Original Songs/[2023.09.27] U149 ANIMATION MASTER ドラマ Vol.02.rar,https://pan.baidu.com/netdisk/share?surl=HwVC8E9EhkT8Xiemfqc0Jw&pwd=imas,imas,永久,可用,2026-07-16,6410
resource-64a3bb7fd7a3,灰姑娘女孩,CD,[2023-2023] ANIMATION MASTER U149 Original Songs,[2023.12.20] U149 ANIMATION MASTER 07 ORIGINAL SOUNDTRACK,,2023,RAR,,/00-偶像大师 ALL IN ONE/2-灰姑娘女孩/灰姑娘女孩CD/2 动画系列/[2023-2023] ANIMATION MASTER U149 Original Songs/[2023.12.20] U149 ANIMATION MASTER 07 ORIGINAL SOUNDTRACK.rar,https://pan.baidu.com/netdisk/share?surl=mygAJBc1PDTW6Cp7vr-qwg&pwd=imas,imas,永久,可用,2026-07-16,6420
resource-74070cf79137,灰姑娘女孩,CD,[2015-2022] CINDERELLA PARTY! Derepa Radio Broadcast,[2015.06.10] CINDERELLA PARTY! でれぱ DE ないとをきかないと !!,,2015,RAR,,/00-偶像大师 ALL IN ONE/2-灰姑娘女孩/灰姑娘女孩CD/3 漫画 广播剧/[2015-2022] CINDERELLA PARTY! Derepa Radio Broadcast/[2015.06.10] CINDERELLA PARTY! でれぱ DE ないとをきかないと !!.rar,https://pan.baidu.com/netdisk/share?surl=5hNkBDn5MiaBQ6Gb8_6x1w&pwd=imas,imas,永久,可用,2026-07-16,6430
resource-0f8b49975d82,灰姑娘女孩,CD,[2015-2022] CINDERELLA PARTY! Derepa Radio Broadcast,[2016.04.27] CINDERELLA PARTY! でれぱれ～どがやってきた！,,2016,RAR,,/00-偶像大师 ALL IN ONE/2-灰姑娘女孩/灰姑娘女孩CD/3 漫画 广播剧/[2015-2022] CINDERELLA PARTY! Derepa Radio Broadcast/[2016.04.27] CINDERELLA PARTY! でれぱれ～どがやってきた！.rar,https://pan.baidu.com/netdisk/share?surl=EwjPV8KvgKrG7adVVHgKKA&pwd=imas,imas,永久,可用,2026-07-16,6440
resource-bd8d9fbd65ed,灰姑娘女孩,CD,[2015-2022] CINDERELLA PARTY! Derepa Radio Broadcast,[2018.08.01] CINDERELLA PARTY! でれぱ音頭 ドンドンカッ,,2018,RAR,,/00-偶像大师 ALL IN ONE/2-灰姑娘女孩/灰姑娘女孩CD/3 漫画 广播剧/[2015-2022] CINDERELLA PARTY! Derepa Radio Broadcast/[2018.08.01] CINDERELLA PARTY! でれぱ音頭 ドンドンカッ.rar,https://pan.baidu.com/netdisk/share?surl=DMTlXM8YsIJDYvGhndBj4w&pwd=imas,imas,永久,可用,2026-07-16,6450
resource-0d3ba80a491e,灰姑娘女孩,CD,[2015-2022] CINDERELLA PARTY! Derepa Radio Broadcast,[2022.07.20] CINDERELLA PARTY! デレぱにぱにック & デレパノココロ,,2022,RAR,,/00-偶像大师 ALL IN ONE/2-灰姑娘女孩/灰姑娘女孩CD/3 漫画 广播剧/[2015-2022] CINDERELLA PARTY! Derepa Radio Broadcast/[2022.07.20] CINDERELLA PARTY! デレぱにぱにック & デレパノココロ.rar,https://pan.baidu.com/netdisk/share?surl=tnPyFA4-FyAEgSh6UmUqGw&pwd=imas,imas,永久,可用,2026-07-16,6460
resource-5547b7a06d22,灰姑娘女孩,CD,[2016-2019] WILD WIND GIRL Original Manga Songs,[2016.09.01] WILD WIND GIRL (01) オリジナル CD,,2016,RAR,,/00-偶像大师 ALL IN ONE/2-灰姑娘女孩/灰姑娘女孩CD/3 漫画 广播剧/[2016-2019] WILD WIND GIRL Original Manga Songs/[2016.09.01] WILD WIND GIRL (01) オリジナル CD.rar,https://pan.baidu.com/netdisk/share?surl=sBf1ibLPt7V9qrIvQ1sJ4Q&pwd=imas,imas,永久,可用,2026-07-16,6470
resource-c371c2a7e0ad,灰姑娘女孩,CD,[2016-2019] WILD WIND GIRL Original Manga Songs,[2017.02.08] WILD WIND GIRL (02) オリジナル CD,,2017,RAR,,/00-偶像大师 ALL IN ONE/2-灰姑娘女孩/灰姑娘女孩CD/3 漫画 广播剧/[2016-2019] WILD WIND GIRL Original Manga Songs/[2017.02.08] WILD WIND GIRL (02) オリジナル CD.rar,https://pan.baidu.com/netdisk/share?surl=ODy0177Pd2IsXs_qqOXhBg&pwd=imas,imas,永久,可用,2026-07-16,6480
resource-804f0971a314,灰姑娘女孩,CD,[2016-2019] WILD WIND GIRL Original Manga Songs,[2017.06.08] WILD WIND GIRL (03) オリジナル CD,,2017,RAR,,/00-偶像大师 ALL IN ONE/2-灰姑娘女孩/灰姑娘女孩CD/3 漫画 广播剧/[2016-2019] WILD WIND GIRL Original Manga Songs/[2017.06.08] WILD WIND GIRL (03) オリジナル CD.rar,https://pan.baidu.com/netdisk/share?surl=WOk0lKHXAGGyp1-OKDbmAQ&pwd=imas,imas,永久,可用,2026-07-16,6490
resource-54d9d1129772,灰姑娘女孩,CD,[2016-2019] WILD WIND GIRL Original Manga Songs,[2017.11.08] WILD WIND GIRL (04) オリジナル CD,,2017,RAR,,/00-偶像大师 ALL IN ONE/2-灰姑娘女孩/灰姑娘女孩CD/3 漫画 广播剧/[2016-2019] WILD WIND GIRL Original Manga Songs/[2017.11.08] WILD WIND GIRL (04) オリジナル CD.rar,https://pan.baidu.com/netdisk/share?surl=3jgaGyuuBasnoXPebx2glg&pwd=imas,imas,永久,可用,2026-07-16,6500
resource-d1ad9ffd1144,灰姑娘女孩,CD,[2016-2019] WILD WIND GIRL Original Manga Songs,[2018.03.08] WILD WIND GIRL (05) オリジナル CD,,2018,RAR,,/00-偶像大师 ALL IN ONE/2-灰姑娘女孩/灰姑娘女孩CD/3 漫画 广播剧/[2016-2019] WILD WIND GIRL Original Manga Songs/[2018.03.08] WILD WIND GIRL (05) オリジナル CD.rar,https://pan.baidu.com/netdisk/share?surl=x1dJTLkIMEaChyE3QMDCEQ&pwd=imas,imas,永久,可用,2026-07-16,6510
resource-948532e41b0a,灰姑娘女孩,CD,[2016-2019] WILD WIND GIRL Original Manga Songs,[2019.03.08] WILD WIND GIRL (06) オリジナル CD,,2019,RAR,,/00-偶像大师 ALL IN ONE/2-灰姑娘女孩/灰姑娘女孩CD/3 漫画 广播剧/[2016-2019] WILD WIND GIRL Original Manga Songs/[2019.03.08] WILD WIND GIRL (06) オリジナル CD.rar,https://pan.baidu.com/netdisk/share?surl=6jk4JZlycVW7_gV4JgO9qQ&pwd=imas,imas,永久,可用,2026-07-16,6520
resource-b104ab2b3e61,灰姑娘女孩,CD,[2017-2018] MASTER SEASONS Original Songs,[2017.08.09] MASTER SEASONS SUMMER!,,2017,RAR,,/00-偶像大师 ALL IN ONE/2-灰姑娘女孩/灰姑娘女孩CD/3 漫画 广播剧/[2017-2018] MASTER SEASONS Original Songs/[2017.08.09] MASTER SEASONS SUMMER!.rar,https://pan.baidu.com/netdisk/share?surl=qrY5Rpooryn2Dl0tviNQ2Q&pwd=imas,imas,永久,可用,2026-07-16,6530
resource-19eaf2007815,灰姑娘女孩,CD,[2017-2018] MASTER SEASONS Original Songs,[2017.10.18] MASTER SEASONS AUTUMN!,,2017,RAR,,/00-偶像大师 ALL IN ONE/2-灰姑娘女孩/灰姑娘女孩CD/3 漫画 广播剧/[2017-2018] MASTER SEASONS Original Songs/[2017.10.18] MASTER SEASONS AUTUMN!.rar,https://pan.baidu.com/netdisk/share?surl=ZXaSBAnNVeaPebr87PUJWA&pwd=imas,imas,永久,可用,2026-07-16,6540
resource-6155457e15f4,灰姑娘女孩,CD,[2017-2018] MASTER SEASONS Original Songs,[2017.12.13] MASTER SEASONS WINTER!,,2017,RAR,,/00-偶像大师 ALL IN ONE/2-灰姑娘女孩/灰姑娘女孩CD/3 漫画 广播剧/[2017-2018] MASTER SEASONS Original Songs/[2017.12.13] MASTER SEASONS WINTER!.rar,https://pan.baidu.com/netdisk/share?surl=LgvoNis4QZ6t1pqgdOO8vw&pwd=imas,imas,永久,可用,2026-07-16,6550
resource-992637e913e7,灰姑娘女孩,CD,[2017-2018] MASTER SEASONS Original Songs,[2018.04.11] MASTER SEASONS SPRING!,,2018,RAR,,/00-偶像大师 ALL IN ONE/2-灰姑娘女孩/灰姑娘女孩CD/3 漫画 广播剧/[2017-2018] MASTER SEASONS Original Songs/[2018.04.11] MASTER SEASONS SPRING!.rar,https://pan.baidu.com/netdisk/share?surl=baYntQWmXQA5n-tvzhtyVg&pwd=imas,imas,永久,可用,2026-07-16,6560
resource-25c1577e4c17,灰姑娘女孩,CD,[2017-2022] U149 Original Manga Songs,[2017.07.28] U149 (01) オリジナル CD,,2017,RAR,,/00-偶像大师 ALL IN ONE/2-灰姑娘女孩/灰姑娘女孩CD/3 漫画 广播剧/[2017-2022] U149 Original Manga Songs/[2017.07.28] U149 (01) オリジナル CD.rar,https://pan.baidu.com/netdisk/share?surl=lwgxUbS-iHnI5eKD1pzpFA&pwd=imas,imas,永久,可用,2026-07-16,6570
resource-5d8ac029f207,灰姑娘女孩,CD,[2017-2022] U149 Original Manga Songs,[2018.01.30] U149 (02) オリジナル CD,,2018,RAR,,/00-偶像大师 ALL IN ONE/2-灰姑娘女孩/灰姑娘女孩CD/3 漫画 广播剧/[2017-2022] U149 Original Manga Songs/[2018.01.30] U149 (02) オリジナル CD.rar,https://pan.baidu.com/netdisk/share?surl=I7syQzsUfru0Fmk6KKkpWQ&pwd=imas,imas,永久,可用,2026-07-16,6580
resource-3814833f9d8d,灰姑娘女孩,CD,[2017-2022] U149 Original Manga Songs,[2018.05.30] U149 (03) オリジナル CD,,2018,RAR,,/00-偶像大师 ALL IN ONE/2-灰姑娘女孩/灰姑娘女孩CD/3 漫画 广播剧/[2017-2022] U149 Original Manga Songs/[2018.05.30] U149 (03) オリジナル CD.rar,https://pan.baidu.com/netdisk/share?surl=lqea9_1E8WrFnJM2zjFBJA&pwd=imas,imas,永久,可用,2026-07-16,6590
resource-737601f86f09,灰姑娘女孩,CD,[2017-2022] U149 Original Manga Songs,[2018.10.31] U149 (04) オリジナル CD,,2018,RAR,,/00-偶像大师 ALL IN ONE/2-灰姑娘女孩/灰姑娘女孩CD/3 漫画 广播剧/[2017-2022] U149 Original Manga Songs/[2018.10.31] U149 (04) オリジナル CD.rar,https://pan.baidu.com/netdisk/share?surl=DQ9AuN7AHtEo2OxqdJ5UQQ&pwd=imas,imas,永久,可用,2026-07-16,6600
resource-5ee61d4df6e6,灰姑娘女孩,CD,[2017-2022] U149 Original Manga Songs,[2019.05.30] U149 (05) オリジナル CD,,2019,RAR,,/00-偶像大师 ALL IN ONE/2-灰姑娘女孩/灰姑娘女孩CD/3 漫画 广播剧/[2017-2022] U149 Original Manga Songs/[2019.05.30] U149 (05) オリジナル CD.rar,https://pan.baidu.com/netdisk/share?surl=QWdw8XKlKCuD_igH2rpLlQ&pwd=imas,imas,永久,可用,2026-07-16,6610
resource-3629d9dd66c8,灰姑娘女孩,CD,[2017-2022] U149 Original Manga Songs,[2020.04.30] U149 (06) オリジナル CD,,2020,RAR,,/00-偶像大师 ALL IN ONE/2-灰姑娘女孩/灰姑娘女孩CD/3 漫画 广播剧/[2017-2022] U149 Original Manga Songs/[2020.04.30] U149 (06) オリジナル CD.rar,https://pan.baidu.com/netdisk/share?surl=yNOIREAo_iVEnP27tYk_vQ&pwd=imas,imas,永久,可用,2026-07-16,6620
resource-f0e61ae75d5c,灰姑娘女孩,CD,[2017-2022] U149 Original Manga Songs,[2021.04.30] U149 (07) オリジナル CD,,2021,RAR,,/00-偶像大师 ALL IN ONE/2-灰姑娘女孩/灰姑娘女孩CD/3 漫画 广播剧/[2017-2022] U149 Original Manga Songs/[2021.04.30] U149 (07) オリジナル CD.rar,https://pan.baidu.com/netdisk/share?surl=2U-xcS6esyNeILGV72uthg&pwd=imas,imas,永久,可用,2026-07-16,6630
resource-42ca8a258088,灰姑娘女孩,CD,[2017-2022] U149 Original Manga Songs,[2021.04.30] U149 (08) オリジナル CD,,2021,RAR,,/00-偶像大师 ALL IN ONE/2-灰姑娘女孩/灰姑娘女孩CD/3 漫画 广播剧/[2017-2022] U149 Original Manga Songs/[2021.04.30] U149 (08) オリジナル CD.rar,https://pan.baidu.com/netdisk/share?surl=cswcmeTQwDjsT24oco3Fuw&pwd=imas,imas,永久,可用,2026-07-16,6640
resource-95041c990664,灰姑娘女孩,CD,[2017-2022] U149 Original Manga Songs,[2022.04.08] U149 (09) オリジナル CD,,2022,RAR,,/00-偶像大师 ALL IN ONE/2-灰姑娘女孩/灰姑娘女孩CD/3 漫画 广播剧/[2017-2022] U149 Original Manga Songs/[2022.04.08] U149 (09) オリジナル CD.rar,https://pan.baidu.com/netdisk/share?surl=LzcjVynKDEQpkTaxS4T6yw&pwd=imas,imas,永久,可用,2026-07-16,6650
resource-a7e6667dc5cd,灰姑娘女孩,CD,[2017-2022] U149 Original Manga Songs,[2022.04.08] U149 (10) オリジナル CD,,2022,RAR,,/00-偶像大师 ALL IN ONE/2-灰姑娘女孩/灰姑娘女孩CD/3 漫画 广播剧/[2017-2022] U149 Original Manga Songs/[2022.04.08] U149 (10) オリジナル CD.rar,https://pan.baidu.com/netdisk/share?surl=fffRHl2QkBsUW2iB_SuS4w&pwd=imas,imas,永久,可用,2026-07-16,6660
resource-ed4600f632f8,灰姑娘女孩,CD,[2016-2020] STARLIGHT MASTER Original Songs,[2016.03.30] STARLIGHT MASTER 01 Snow Wings,,2016,RAR,,/00-偶像大师 ALL IN ONE/2-灰姑娘女孩/灰姑娘女孩CD/4 STARLIGHT MASTER 系列/[2016-2020] STARLIGHT MASTER Original Songs/[2016.03.30] STARLIGHT MASTER 01 Snow Wings.rar,https://pan.baidu.com/netdisk/share?surl=F8jjU6_bC6T5xWtASRUdkQ&pwd=imas,imas,永久,可用,2026-07-16,6670
resource-1b9d32fdde54,灰姑娘女孩,CD,[2016-2020] STARLIGHT MASTER Original Songs,[2016.05.18] STARLIGHT MASTER 02 Tulip,,2016,RAR,,/00-偶像大师 ALL IN ONE/2-灰姑娘女孩/灰姑娘女孩CD/4 STARLIGHT MASTER 系列/[2016-2020] STARLIGHT MASTER Original Songs/[2016.05.18] STARLIGHT MASTER 02 Tulip.rar,https://pan.baidu.com/netdisk/share?surl=nJAr_Y3kyizm47_LY7wJnQ&pwd=imas,imas,永久,可用,2026-07-16,6680
resource-68c3f37069d7,灰姑娘女孩,CD,[2016-2020] STARLIGHT MASTER Original Songs,[2016.06.22] STARLIGHT MASTER 03 ハイファイ☆デイズ,,2016,RAR,,/00-偶像大师 ALL IN ONE/2-灰姑娘女孩/灰姑娘女孩CD/4 STARLIGHT MASTER 系列/[2016-2020] STARLIGHT MASTER Original Songs/[2016.06.22] STARLIGHT MASTER 03 ハイファイ☆デイズ.rar,https://pan.baidu.com/netdisk/share?surl=XTIfoMRPPGr6Yd90M-tHmw&pwd=imas,imas,永久,可用,2026-07-16,6690
resource-d7515d008b09,灰姑娘女孩,CD,[2016-2020] STARLIGHT MASTER Original Songs,[2016.07.27] STARLIGHT MASTER 04 生存本能ヴァルキュリア,,2016,RAR,,/00-偶像大师 ALL IN ONE/2-灰姑娘女孩/灰姑娘女孩CD/4 STARLIGHT MASTER 系列/[2016-2020] STARLIGHT MASTER Original Songs/[2016.07.27] STARLIGHT MASTER 04 生存本能ヴァルキュリア.rar,https://pan.baidu.com/netdisk/share?surl=_OQAnUCp-ukb1dsRFJOqDA&pwd=imas,imas,永久,可用,2026-07-16,6700
resource-62814d3baf30,灰姑娘女孩,CD,[2016-2020] STARLIGHT MASTER Original Songs,[2016.08.31] STARLIGHT MASTER 05 純情 Midnight 伝説,,2016,RAR,,/00-偶像大师 ALL IN ONE/2-灰姑娘女孩/灰姑娘女孩CD/4 STARLIGHT MASTER 系列/[2016-2020] STARLIGHT MASTER Original Songs/[2016.08.31] STARLIGHT MASTER 05 純情 Midnight 伝説.rar,https://pan.baidu.com/netdisk/share?surl=s7o_uvl1P7t_X4BiO8I3Hg&pwd=imas,imas,永久,可用,2026-07-16,6710
resource-41c6a4ec572f,灰姑娘女孩,CD,[2016-2020] STARLIGHT MASTER Original Songs,[2016.10.26] STARLIGHT MASTER 06 Love∞Destiny,,2016,RAR,,/00-偶像大师 ALL IN ONE/2-灰姑娘女孩/灰姑娘女孩CD/4 STARLIGHT MASTER 系列/[2016-2020] STARLIGHT MASTER Original Songs/[2016.10.26] STARLIGHT MASTER 06 Love∞Destiny.rar,https://pan.baidu.com/netdisk/share?surl=aya4AVOuvo9HUDpOqo0luQ&pwd=imas,imas,永久,可用,2026-07-16,6720
resource-00e75d956122,灰姑娘女孩,CD,[2016-2020] STARLIGHT MASTER Original Songs,[2016.12.07] STARLIGHT MASTER 07 サマカニ !!,,2016,RAR,,/00-偶像大师 ALL IN ONE/2-灰姑娘女孩/灰姑娘女孩CD/4 STARLIGHT MASTER 系列/[2016-2020] STARLIGHT MASTER Original Songs/[2016.12.07] STARLIGHT MASTER 07 サマカニ !!.rar,https://pan.baidu.com/netdisk/share?surl=vejd1tlmuI8mfLfGbvQi9A&pwd=imas,imas,永久,可用,2026-07-16,6730
resource-79bbd584fe47,灰姑娘女孩,CD,[2016-2020] STARLIGHT MASTER Original Songs,[2017.02.01] STARLIGHT MASTER 08 BEYOND THE STARLIGHT,,2017,RAR,,/00-偶像大师 ALL IN ONE/2-灰姑娘女孩/灰姑娘女孩CD/4 STARLIGHT MASTER 系列/[2016-2020] STARLIGHT MASTER Original Songs/[2017.02.01] STARLIGHT MASTER 08 BEYOND THE STARLIGHT.rar,https://pan.baidu.com/netdisk/share?surl=40wdpmnhq18a_BgtnZB_sQ&pwd=imas,imas,永久,可用,2026-07-16,6740
resource-678797d5d8d2,灰姑娘女孩,CD,[2016-2020] STARLIGHT MASTER Original Songs,[2017.03.01] STARLIGHT MASTER 09 ラブレター,,2017,RAR,,/00-偶像大师 ALL IN ONE/2-灰姑娘女孩/灰姑娘女孩CD/4 STARLIGHT MASTER 系列/[2016-2020] STARLIGHT MASTER Original Songs/[2017.03.01] STARLIGHT MASTER 09 ラブレター.rar,https://pan.baidu.com/netdisk/share?surl=nVDSFu9dU56b3sOzhTDCSQ&pwd=imas,imas,永久,可用,2026-07-16,6750
resource-f877e703643f,灰姑娘女孩,CD,[2016-2020] STARLIGHT MASTER Original Songs,[2017.04.19] STARLIGHT MASTER 10 Jet to the Future,,2017,RAR,,/00-偶像大师 ALL IN ONE/2-灰姑娘女孩/灰姑娘女孩CD/4 STARLIGHT MASTER 系列/[2016-2020] STARLIGHT MASTER Original Songs/[2017.04.19] STARLIGHT MASTER 10 Jet to the Future.rar,https://pan.baidu.com/netdisk/share?surl=PxkA-rhPTxaq1BH__SMP3A&pwd=imas,imas,永久,可用,2026-07-16,6760
resource-ba4022289978,灰姑娘女孩,CD,[2016-2020] STARLIGHT MASTER Original Songs,[2017.05.31] STARLIGHT MASTER 11 あんきら⁉ 狂騒曲,,2017,RAR,,/00-偶像大师 ALL IN ONE/2-灰姑娘女孩/灰姑娘女孩CD/4 STARLIGHT MASTER 系列/[2016-2020] STARLIGHT MASTER Original Songs/[2017.05.31] STARLIGHT MASTER 11 あんきら⁉ 狂騒曲.rar,https://pan.baidu.com/netdisk/share?surl=6iZhdbRCVUeZ_rZ8OuGFIw&pwd=imas,imas,永久,可用,2026-07-16,6770
resource-18dc1c9f00b7,灰姑娘女孩,CD,[2016-2020] STARLIGHT MASTER Original Songs,[2017.08.09] STARLIGHT MASTER 12 命燃やして恋せよ乙女,,2017,RAR,,/00-偶像大师 ALL IN ONE/2-灰姑娘女孩/灰姑娘女孩CD/4 STARLIGHT MASTER 系列/[2016-2020] STARLIGHT MASTER Original Songs/[2017.08.09] STARLIGHT MASTER 12 命燃やして恋せよ乙女.rar,https://pan.baidu.com/netdisk/share?surl=4IcmsVNPMckh33jaH-M87g&pwd=imas,imas,永久,可用,2026-07-16,6780
resource-582eee13d332,灰姑娘女孩,CD,[2016-2020] STARLIGHT MASTER Original Songs,[2017.09.13] STARLIGHT MASTER 13 Sweet Witches' Night,,2017,RAR,,/00-偶像大师 ALL IN ONE/2-灰姑娘女孩/灰姑娘女孩CD/4 STARLIGHT MASTER 系列/[2016-2020] STARLIGHT MASTER Original Songs/[2017.09.13] STARLIGHT MASTER 13 Sweet Witches' Night.rar,https://pan.baidu.com/netdisk/share?surl=S_DBdEACPr-4fEMiFLbtWg&pwd=imas,imas,永久,可用,2026-07-16,6790
resource-a2b5ac8169f8,灰姑娘女孩,CD,[2016-2020] STARLIGHT MASTER Original Songs,[2017.11.08] STARLIGHT MASTER 14 情熱ファンファンファーレ,,2017,RAR,,/00-偶像大师 ALL IN ONE/2-灰姑娘女孩/灰姑娘女孩CD/4 STARLIGHT MASTER 系列/[2016-2020] STARLIGHT MASTER Original Songs/[2017.11.08] STARLIGHT MASTER 14 情熱ファンファンファーレ.rar,https://pan.baidu.com/netdisk/share?surl=5b1GVlbsNszt7KprmNSfqQ&pwd=imas,imas,永久,可用,2026-07-16,6800
resource-cd22325f7c68,灰姑娘女孩,CD,[2016-2020] STARLIGHT MASTER Original Songs,[2018.03.14] STARLIGHT MASTER 15 桜の頃,,2018,RAR,,/00-偶像大师 ALL IN ONE/2-灰姑娘女孩/灰姑娘女孩CD/4 STARLIGHT MASTER 系列/[2016-2020] STARLIGHT MASTER Original Songs/[2018.03.14] STARLIGHT MASTER 15 桜の頃.rar,https://pan.baidu.com/netdisk/share?surl=_lTkvjo2O8w1S92xZD1SNw&pwd=imas,imas,永久,可用,2026-07-16,6810
resource-818484bbe654,灰姑娘女孩,CD,[2016-2020] STARLIGHT MASTER Original Songs,[2018.04.18] STARLIGHT MASTER 16 ∀NSWER,,2018,RAR,,/00-偶像大师 ALL IN ONE/2-灰姑娘女孩/灰姑娘女孩CD/4 STARLIGHT MASTER 系列/[2016-2020] STARLIGHT MASTER Original Songs/[2018.04.18] STARLIGHT MASTER 16 ∀NSWER.rar,https://pan.baidu.com/netdisk/share?surl=pg3eRbSRIV0dTZb7HeLFdQ&pwd=imas,imas,永久,可用,2026-07-16,6820
resource-157f61448acf,灰姑娘女孩,CD,[2016-2020] STARLIGHT MASTER Original Songs,[2018.05.23] STARLIGHT MASTER 17 Nothing but You,,2018,RAR,,/00-偶像大师 ALL IN ONE/2-灰姑娘女孩/灰姑娘女孩CD/4 STARLIGHT MASTER 系列/[2016-2020] STARLIGHT MASTER Original Songs/[2018.05.23] STARLIGHT MASTER 17 Nothing but You.rar,https://pan.baidu.com/netdisk/share?surl=wlpdN0IX1KR_tJ2Uv9yK_g&pwd=imas,imas,永久,可用,2026-07-16,6830
resource-1c3d186bfae0,灰姑娘女孩,CD,[2016-2020] STARLIGHT MASTER Original Songs,[2018.06.20] STARLIGHT MASTER 18 モーレツ★世直しギルティ!,,2018,RAR,,/00-偶像大师 ALL IN ONE/2-灰姑娘女孩/灰姑娘女孩CD/4 STARLIGHT MASTER 系列/[2016-2020] STARLIGHT MASTER Original Songs/[2018.06.20] STARLIGHT MASTER 18 モーレツ★世直しギルティ!.rar,https://pan.baidu.com/netdisk/share?surl=w7bd_5T1O38R3Uou972FiQ&pwd=imas,imas,永久,可用,2026-07-16,6840
resource-51c1058b8705,灰姑娘女孩,CD,[2016-2020] STARLIGHT MASTER Original Songs,[2018.07.18] STARLIGHT MASTER 19 With Love,,2018,RAR,,/00-偶像大师 ALL IN ONE/2-灰姑娘女孩/灰姑娘女孩CD/4 STARLIGHT MASTER 系列/[2016-2020] STARLIGHT MASTER Original Songs/[2018.07.18] STARLIGHT MASTER 19 With Love.rar,https://pan.baidu.com/netdisk/share?surl=VQ8tXfdPy4IATs5_-vxfgg&pwd=imas,imas,永久,可用,2026-07-16,6850
resource-479049ab90c8,灰姑娘女孩,CD,[2016-2020] STARLIGHT MASTER Original Songs,[2018.08.22] STARLIGHT MASTER 20 リトルリドル,,2018,RAR,,/00-偶像大师 ALL IN ONE/2-灰姑娘女孩/灰姑娘女孩CD/4 STARLIGHT MASTER 系列/[2016-2020] STARLIGHT MASTER Original Songs/[2018.08.22] STARLIGHT MASTER 20 リトルリドル.rar,https://pan.baidu.com/netdisk/share?surl=ZXeMw8r6PQDv2sYmBvAgzg&pwd=imas,imas,永久,可用,2026-07-16,6860
resource-a2c2b50c8d52,灰姑娘女孩,CD,[2016-2020] STARLIGHT MASTER Original Songs,[2018.09.19] STARLIGHT MASTER 21 Kawaii make MY day!,,2018,RAR,,/00-偶像大师 ALL IN ONE/2-灰姑娘女孩/灰姑娘女孩CD/4 STARLIGHT MASTER 系列/[2016-2020] STARLIGHT MASTER Original Songs/[2018.09.19] STARLIGHT MASTER 21 Kawaii make MY day!.rar,https://pan.baidu.com/netdisk/share?surl=5jVQkGJWOPOPfo9Gn5u6Ow&pwd=imas,imas,永久,可用,2026-07-16,6870
resource-aa307012b3c2,灰姑娘女孩,CD,[2016-2020] STARLIGHT MASTER Original Songs,[2018.10.17] STARLIGHT MASTER 22 双翼の独奏歌,,2018,RAR,,/00-偶像大师 ALL IN ONE/2-灰姑娘女孩/灰姑娘女孩CD/4 STARLIGHT MASTER 系列/[2016-2020] STARLIGHT MASTER Original Songs/[2018.10.17] STARLIGHT MASTER 22 双翼の独奏歌.rar,https://pan.baidu.com/netdisk/share?surl=pR4Ou694QQWoMDIw5ZvmvA&pwd=imas,imas,永久,可用,2026-07-16,6880
resource-8f64f362ad0d,灰姑娘女孩,CD,[2016-2020] STARLIGHT MASTER Original Songs,[2018.11.21] STARLIGHT MASTER 23 Twin☆くるっ★テール,,2018,RAR,,/00-偶像大师 ALL IN ONE/2-灰姑娘女孩/灰姑娘女孩CD/4 STARLIGHT MASTER 系列/[2016-2020] STARLIGHT MASTER Original Songs/[2018.11.21] STARLIGHT MASTER 23 Twin☆くるっ★テール.rar,https://pan.baidu.com/netdisk/share?surl=5ixgBhMiynBA_Qq0h7zgYw&pwd=imas,imas,永久,可用,2026-07-16,6890
resource-c6f3f73869da,灰姑娘女孩,CD,[2016-2020] STARLIGHT MASTER Original Songs,[2018.12.12] STARLIGHT MASTER 24 Trinity Field,,2018,RAR,,/00-偶像大师 ALL IN ONE/2-灰姑娘女孩/灰姑娘女孩CD/4 STARLIGHT MASTER 系列/[2016-2020] STARLIGHT MASTER Original Songs/[2018.12.12] STARLIGHT MASTER 24 Trinity Field.rar,https://pan.baidu.com/netdisk/share?surl=4UnMA09DGS_1z3o9hFi1OQ&pwd=imas,imas,永久,可用,2026-07-16,6900
resource-568adfc7c07f,灰姑娘女孩,CD,[2016-2020] STARLIGHT MASTER Original Songs,[2019.01.23] STARLIGHT MASTER 25 Happy New Yeah!,,2019,RAR,,/00-偶像大师 ALL IN ONE/2-灰姑娘女孩/灰姑娘女孩CD/4 STARLIGHT MASTER 系列/[2016-2020] STARLIGHT MASTER Original Songs/[2019.01.23] STARLIGHT MASTER 25 Happy New Yeah!.rar,https://pan.baidu.com/netdisk/share?surl=VB6IFEwXe4tr_D974YeoBA&pwd=imas,imas,永久,可用,2026-07-16,6910
resource-49a6512fc023,灰姑娘女孩,CD,[2016-2020] STARLIGHT MASTER Original Songs,[2019.02.20] STARLIGHT MASTER 26 美に入り彩を穿つ,,2019,RAR,,/00-偶像大师 ALL IN ONE/2-灰姑娘女孩/灰姑娘女孩CD/4 STARLIGHT MASTER 系列/[2016-2020] STARLIGHT MASTER Original Songs/[2019.02.20] STARLIGHT MASTER 26 美に入り彩を穿つ.rar,https://pan.baidu.com/netdisk/share?surl=OMUI4q4HBlXDtd7BE6R9FQ&pwd=imas,imas,永久,可用,2026-07-16,6920
resource-a2dcc8aba2f2,灰姑娘女孩,CD,[2016-2020] STARLIGHT MASTER Original Songs,[2019.03.20] STARLIGHT MASTER 27 Vast world,,2019,RAR,,/00-偶像大师 ALL IN ONE/2-灰姑娘女孩/灰姑娘女孩CD/4 STARLIGHT MASTER 系列/[2016-2020] STARLIGHT MASTER Original Songs/[2019.03.20] STARLIGHT MASTER 27 Vast world.rar,https://pan.baidu.com/netdisk/share?surl=jfIle3oaW7lzt80lJBm4nA&pwd=imas,imas,永久,可用,2026-07-16,6930
resource-30b3c7a2b051,灰姑娘女孩,CD,[2016-2020] STARLIGHT MASTER Original Songs,[2019.05.01] STARLIGHT MASTER 28 凸凹スピードスター,,2019,RAR,,/00-偶像大师 ALL IN ONE/2-灰姑娘女孩/灰姑娘女孩CD/4 STARLIGHT MASTER 系列/[2016-2020] STARLIGHT MASTER Original Songs/[2019.05.01] STARLIGHT MASTER 28 凸凹スピードスター.rar,https://pan.baidu.com/netdisk/share?surl=soidRwCHffXzJploGGMq5Q&pwd=imas,imas,永久,可用,2026-07-16,6940
resource-70b75f3b6da7,灰姑娘女孩,CD,[2016-2020] STARLIGHT MASTER Original Songs,[2019.06.19] STARLIGHT MASTER 29 クレイジークレイジー,,2019,RAR,,/00-偶像大师 ALL IN ONE/2-灰姑娘女孩/灰姑娘女孩CD/4 STARLIGHT MASTER 系列/[2016-2020] STARLIGHT MASTER Original Songs/[2019.06.19] STARLIGHT MASTER 29 クレイジークレイジー.rar,https://pan.baidu.com/netdisk/share?surl=0qAze8My-kKR5L7pP8UFvg&pwd=imas,imas,永久,可用,2026-07-16,6950
resource-9e43aee21e07,灰姑娘女孩,CD,[2016-2020] STARLIGHT MASTER Original Songs,[2019.07.17] STARLIGHT MASTER 30 ガールズ・イン・ザ・フロンティア,,2019,RAR,,/00-偶像大师 ALL IN ONE/2-灰姑娘女孩/灰姑娘女孩CD/4 STARLIGHT MASTER 系列/[2016-2020] STARLIGHT MASTER Original Songs/[2019.07.17] STARLIGHT MASTER 30 ガールズ・イン・ザ・フロンティア.rar,https://pan.baidu.com/netdisk/share?surl=sDLUXasepOR1Fcsa1BkY3Q&pwd=imas,imas,永久,可用,2026-07-16,6960
resource-a58f2ec865bb,灰姑娘女孩,CD,[2016-2020] STARLIGHT MASTER Original Songs,[2019.08.14] STARLIGHT MASTER 31 Pretty Liar,,2019,RAR,,/00-偶像大师 ALL IN ONE/2-灰姑娘女孩/灰姑娘女孩CD/4 STARLIGHT MASTER 系列/[2016-2020] STARLIGHT MASTER Original Songs/[2019.08.14] STARLIGHT MASTER 31 Pretty Liar.rar,https://pan.baidu.com/netdisk/share?surl=KGFWpMr0CVjh_mKpqxvvDQ&pwd=imas,imas,永久,可用,2026-07-16,6970
resource-8b910b8d7803,灰姑娘女孩,CD,[2016-2020] STARLIGHT MASTER Original Songs,[2019.09.18] STARLIGHT MASTER 32 アンデッド・ダンスロック,,2019,RAR,,/00-偶像大师 ALL IN ONE/2-灰姑娘女孩/灰姑娘女孩CD/4 STARLIGHT MASTER 系列/[2016-2020] STARLIGHT MASTER Original Songs/[2019.09.18] STARLIGHT MASTER 32 アンデッド・ダンスロック.rar,https://pan.baidu.com/netdisk/share?surl=4qtbBXAlMOQYco4fXgJ1qw&pwd=imas,imas,永久,可用,2026-07-16,6980
resource-68ac7adc4db0,灰姑娘女孩,CD,[2016-2020] STARLIGHT MASTER Original Songs,[2019.10.23] STARLIGHT MASTER 33 Starry-Go-Round,,2019,RAR,,/00-偶像大师 ALL IN ONE/2-灰姑娘女孩/灰姑娘女孩CD/4 STARLIGHT MASTER 系列/[2016-2020] STARLIGHT MASTER Original Songs/[2019.10.23] STARLIGHT MASTER 33 Starry-Go-Round.rar,https://pan.baidu.com/netdisk/share?surl=2eTjQckGkl4hueHIB12FAA&pwd=imas,imas,永久,可用,2026-07-16,6990
resource-88cf6710e923,灰姑娘女孩,CD,[2016-2020] STARLIGHT MASTER Original Songs,[2019.12.11] STARLIGHT MASTER 34 Sunshine See May,,2019,RAR,,/00-偶像大师 ALL IN ONE/2-灰姑娘女孩/灰姑娘女孩CD/4 STARLIGHT MASTER 系列/[2016-2020] STARLIGHT MASTER Original Songs/[2019.12.11] STARLIGHT MASTER 34 Sunshine See May.rar,https://pan.baidu.com/netdisk/share?surl=qC8ZsOwhRD78xxrwtu5dFA&pwd=imas,imas,永久,可用,2026-07-16,7000
resource-e23e4464d9f7,灰姑娘女孩,CD,[2016-2020] STARLIGHT MASTER Original Songs,[2020.01.08] STARLIGHT MASTER 35 Palette,,2020,RAR,,/00-偶像大师 ALL IN ONE/2-灰姑娘女孩/灰姑娘女孩CD/4 STARLIGHT MASTER 系列/[2016-2020] STARLIGHT MASTER Original Songs/[2020.01.08] STARLIGHT MASTER 35 Palette.rar,https://pan.baidu.com/netdisk/share?surl=u-QKdBHDuhMphtEzVcOvxQ&pwd=imas,imas,永久,可用,2026-07-16,7010
resource-d97e5ad1aca6,灰姑娘女孩,CD,[2016-2020] STARLIGHT MASTER Original Songs,[2020.02.19] STARLIGHT MASTER 36 義勇忍侠花吹雪,,2020,RAR,,/00-偶像大师 ALL IN ONE/2-灰姑娘女孩/灰姑娘女孩CD/4 STARLIGHT MASTER 系列/[2016-2020] STARLIGHT MASTER Original Songs/[2020.02.19] STARLIGHT MASTER 36 義勇忍侠花吹雪.rar,https://pan.baidu.com/netdisk/share?surl=X1ZsxIgsj7GP46PrpJ3GAQ&pwd=imas,imas,永久,可用,2026-07-16,7020
resource-3bb7b555638b,灰姑娘女孩,CD,[2016-2020] STARLIGHT MASTER Original Songs,[2020.03.18] STARLIGHT MASTER 37 Needle Light,,2020,RAR,,/00-偶像大师 ALL IN ONE/2-灰姑娘女孩/灰姑娘女孩CD/4 STARLIGHT MASTER 系列/[2016-2020] STARLIGHT MASTER Original Songs/[2020.03.18] STARLIGHT MASTER 37 Needle Light.rar,https://pan.baidu.com/netdisk/share?surl=K7Mbygah-YI03vF3LvIhKA&pwd=imas,imas,永久,可用,2026-07-16,7030
resource-59d3fb150bd9,灰姑娘女孩,CD,[2016-2020] STARLIGHT MASTER Original Songs,[2020.04.15] STARLIGHT MASTER 38 Fascinate,,2020,RAR,,/00-偶像大师 ALL IN ONE/2-灰姑娘女孩/灰姑娘女孩CD/4 STARLIGHT MASTER 系列/[2016-2020] STARLIGHT MASTER Original Songs/[2020.04.15] STARLIGHT MASTER 38 Fascinate.rar,https://pan.baidu.com/netdisk/share?surl=x4IWNcLVK_iBWkQTUv6eNw&pwd=imas,imas,永久,可用,2026-07-16,7040
resource-0383f4ff273c,灰姑娘女孩,CD,[2016-2020] STARLIGHT MASTER Original Songs,[2020.06.10] STARLIGHT MASTER 39 O-Ku-Ri-Mo-No Sunday!,,2020,RAR,,/00-偶像大师 ALL IN ONE/2-灰姑娘女孩/灰姑娘女孩CD/4 STARLIGHT MASTER 系列/[2016-2020] STARLIGHT MASTER Original Songs/[2020.06.10] STARLIGHT MASTER 39 O-Ku-Ri-Mo-No Sunday!.rar,https://pan.baidu.com/netdisk/share?surl=Kafyv9JvoG-IspZkU97hFA&pwd=imas,imas,永久,可用,2026-07-16,7050
resource-0376e4b5fe9c,灰姑娘女孩,CD,[2016-2020] STARLIGHT MASTER Original Songs,[2020.07.15] STARLIGHT MASTER 40 バベル,,2020,RAR,,/00-偶像大师 ALL IN ONE/2-灰姑娘女孩/灰姑娘女孩CD/4 STARLIGHT MASTER 系列/[2016-2020] STARLIGHT MASTER Original Songs/[2020.07.15] STARLIGHT MASTER 40 バベル.rar,https://pan.baidu.com/netdisk/share?surl=-o5s1VuLT9v6xR1EPyDxBg&pwd=imas,imas,永久,可用,2026-07-16,7060
resource-0421bbc0776d,灰姑娘女孩,CD,[2019-2020] STARLIGHT MASTER for the NEXT!,[2019.10.23] SM for the NEXT! 01 TRUE COLORS,,2019,RAR,,/00-偶像大师 ALL IN ONE/2-灰姑娘女孩/灰姑娘女孩CD/4 STARLIGHT MASTER 系列/[2019-2020] STARLIGHT MASTER for the NEXT!/[2019.10.23] SM for the NEXT! 01 TRUE COLORS.rar,https://pan.baidu.com/netdisk/share?surl=bJnrUmhggoKPxvjdwcuq3A&pwd=imas,imas,永久,可用,2026-07-16,7070
resource-4e4f6e4b45e2,灰姑娘女孩,CD,[2019-2020] STARLIGHT MASTER for the NEXT!,[2019.11.13] SM for the NEXT! 02 ステップ & スキップ,,2019,RAR,,/00-偶像大师 ALL IN ONE/2-灰姑娘女孩/灰姑娘女孩CD/4 STARLIGHT MASTER 系列/[2019-2020] STARLIGHT MASTER for the NEXT!/[2019.11.13] SM for the NEXT! 02 ステップ & スキップ.rar,https://pan.baidu.com/netdisk/share?surl=DI5Xqr0T7QAGVd4WScmBng&pwd=imas,imas,永久,可用,2026-07-16,7080
resource-8b956d11c7ec,灰姑娘女孩,CD,[2019-2020] STARLIGHT MASTER for the NEXT!,[2019.11.20] SM for the NEXT! 03 Gossip Club,,2019,RAR,,/00-偶像大师 ALL IN ONE/2-灰姑娘女孩/灰姑娘女孩CD/4 STARLIGHT MASTER 系列/[2019-2020] STARLIGHT MASTER for the NEXT!/[2019.11.20] SM for the NEXT! 03 Gossip Club.rar,https://pan.baidu.com/netdisk/share?surl=Z3lhobNE-hmZgfMCbC7VRw&pwd=imas,imas,永久,可用,2026-07-16,7090
resource-cb0738700c16,灰姑娘女孩,CD,[2019-2020] STARLIGHT MASTER for the NEXT!,[2019.12.25] SM for the NEXT! 04 Secret Daybreak,,2019,RAR,,/00-偶像大师 ALL IN ONE/2-灰姑娘女孩/灰姑娘女孩CD/4 STARLIGHT MASTER 系列/[2019-2020] STARLIGHT MASTER for the NEXT!/[2019.12.25] SM for the NEXT! 04 Secret Daybreak.rar,https://pan.baidu.com/netdisk/share?surl=r9WGqrpPMxSXuXm6J9nQkQ&pwd=imas,imas,永久,可用,2026-07-16,7100
resource-cee40c228dab,灰姑娘女孩,CD,[2019-2020] STARLIGHT MASTER for the NEXT!,[2020.02.05] SM for the NEXT! 05 ギュっとMilky Way,,2020,RAR,,/00-偶像大师 ALL IN ONE/2-灰姑娘女孩/灰姑娘女孩CD/4 STARLIGHT MASTER 系列/[2019-2020] STARLIGHT MASTER for the NEXT!/[2020.02.05] SM for the NEXT! 05 ギュっとMilky Way.rar,https://pan.baidu.com/netdisk/share?surl=vwQ7iQpOrCxm5lg9DW7_tA&pwd=imas,imas,永久,可用,2026-07-16,7110
resource-54cfaa203068,灰姑娘女孩,CD,[2019-2020] STARLIGHT MASTER for the NEXT!,[2020.03.25] SM for the NEXT! 06 幸せの法則 ～ルール～,,2020,RAR,,/00-偶像大师 ALL IN ONE/2-灰姑娘女孩/灰姑娘女孩CD/4 STARLIGHT MASTER 系列/[2019-2020] STARLIGHT MASTER for the NEXT!/[2020.03.25] SM for the NEXT! 06 幸せの法則 ～ルール～.rar,https://pan.baidu.com/netdisk/share?surl=XIjbK7wEVTC3j00uHTnuyw&pwd=imas,imas,永久,可用,2026-07-16,7120
resource-ddee2f0e1e4f,灰姑娘女孩,CD,[2019-2020] STARLIGHT MASTER for the NEXT!,[2020.04.22] SM for the NEXT! 07 Gaze and Gaze,,2020,RAR,,/00-偶像大师 ALL IN ONE/2-灰姑娘女孩/灰姑娘女孩CD/4 STARLIGHT MASTER 系列/[2019-2020] STARLIGHT MASTER for the NEXT!/[2020.04.22] SM for the NEXT! 07 Gaze and Gaze.rar,https://pan.baidu.com/netdisk/share?surl=HQbLQ7oxEtjsrR33ZcY5FA&pwd=imas,imas,永久,可用,2026-07-16,7130
resource-32206e52ecdc,灰姑娘女孩,CD,[2019-2020] STARLIGHT MASTER for the NEXT!,[2020.04.29] SM for the NEXT! 08 輝け！ビートシューター,,2020,RAR,,/00-偶像大师 ALL IN ONE/2-灰姑娘女孩/灰姑娘女孩CD/4 STARLIGHT MASTER 系列/[2019-2020] STARLIGHT MASTER for the NEXT!/[2020.04.29] SM for the NEXT! 08 輝け！ビートシューター.rar,https://pan.baidu.com/netdisk/share?surl=_xzYjcNM8hzHj3k7nLi4Kw&pwd=imas,imas,永久,可用,2026-07-16,7140
resource-d3d86c3f5534,灰姑娘女孩,CD,[2019-2020] STARLIGHT MASTER for the NEXT!,[2020.07.15] SM for the NEXT! 09 オタク is LOVE!,,2020,RAR,,/00-偶像大师 ALL IN ONE/2-灰姑娘女孩/灰姑娘女孩CD/4 STARLIGHT MASTER 系列/[2019-2020] STARLIGHT MASTER for the NEXT!/[2020.07.15] SM for the NEXT! 09 オタク is LOVE!.rar,https://pan.baidu.com/netdisk/share?surl=FdsrI7VoGwggQ-RF44dsqA&pwd=imas,imas,永久,可用,2026-07-16,7150
resource-5823cd82a258,灰姑娘女孩,CD,[2019-2020] STARLIGHT MASTER for the NEXT!,[2020.08.12] SM for the NEXT! 10 ほほえみDiary,,2020,RAR,,/00-偶像大师 ALL IN ONE/2-灰姑娘女孩/灰姑娘女孩CD/4 STARLIGHT MASTER 系列/[2019-2020] STARLIGHT MASTER for the NEXT!/[2020.08.12] SM for the NEXT! 10 ほほえみDiary.rar,https://pan.baidu.com/netdisk/share?surl=nMJkQOBoc07iNJOjRD_ofQ&pwd=imas,imas,永久,可用,2026-07-16,7160
resource-4f13249c57fd,灰姑娘女孩,CD,[2019-2024] STARLIGHT MASTER COLLABORATION!,[2019.11.06] SM COLLABORATION! 無重力シャトル,,2019,RAR,,/00-偶像大师 ALL IN ONE/2-灰姑娘女孩/灰姑娘女孩CD/4 STARLIGHT MASTER 系列/[2019-2024] STARLIGHT MASTER COLLABORATION!/[2019.11.06] SM COLLABORATION! 無重力シャトル.rar,https://pan.baidu.com/netdisk/share?surl=_mEUwGIE37_XOOMMS1NxOQ&pwd=imas,imas,永久,可用,2026-07-16,7170
resource-1d12e1321b1d,灰姑娘女孩,CD,[2019-2024] STARLIGHT MASTER COLLABORATION!,[2021.03.03] SM COLLABORATION! Great Journey,,2021,RAR,,/00-偶像大师 ALL IN ONE/2-灰姑娘女孩/灰姑娘女孩CD/4 STARLIGHT MASTER 系列/[2019-2024] STARLIGHT MASTER COLLABORATION!/[2021.03.03] SM COLLABORATION! Great Journey.rar,https://pan.baidu.com/netdisk/share?surl=K7yDUIlS1txfKBS9leNkDg&pwd=imas,imas,永久,可用,2026-07-16,7180
resource-5ff172c814c9,灰姑娘女孩,CD,[2019-2024] STARLIGHT MASTER COLLABORATION!,[2021.03.17] SM COLLABORATION! ハーモニクス,,2021,RAR,,/00-偶像大师 ALL IN ONE/2-灰姑娘女孩/灰姑娘女孩CD/4 STARLIGHT MASTER 系列/[2019-2024] STARLIGHT MASTER COLLABORATION!/[2021.03.17] SM COLLABORATION! ハーモニクス.rar,https://pan.baidu.com/netdisk/share?surl=8t_batK7QmV2BsCXvHE3_A&pwd=imas,imas,永久,可用,2026-07-16,7190
resource-9ebb01bc1063,灰姑娘女孩,CD,[2019-2024] STARLIGHT MASTER COLLABORATION!,[2024.05.15] SM COLLABORATION! ジュビリー,,2024,RAR,,/00-偶像大师 ALL IN ONE/2-灰姑娘女孩/灰姑娘女孩CD/4 STARLIGHT MASTER 系列/[2019-2024] STARLIGHT MASTER COLLABORATION!/[2024.05.15] SM COLLABORATION! ジュビリー.rar,https://pan.baidu.com/netdisk/share?surl=oujsm5oQ-BZN-kgU2IIHCQ&pwd=imas,imas,永久,可用,2026-07-16,7200
resource-9346bdad4233,灰姑娘女孩,CD,[2020-2021] STARLIGHT MASTER GOLD RUSH!,[2020.09.16] SM GOLD RUSH! 01 Go Just Go!,,2020,RAR,,/00-偶像大师 ALL IN ONE/2-灰姑娘女孩/灰姑娘女孩CD/4 STARLIGHT MASTER 系列/[2020-2021] STARLIGHT MASTER GOLD RUSH!/[2020.09.16] SM GOLD RUSH! 01 Go Just Go!.rar,https://pan.baidu.com/netdisk/share?surl=SGAGWy-onBDYrKmNTAerCg&pwd=imas,imas,永久,可用,2026-07-16,7210
resource-0bd0138b439d,灰姑娘女孩,CD,[2020-2021] STARLIGHT MASTER GOLD RUSH!,[2020.10.07] SM GOLD RUSH! 02 太陽の絵の具箱,,2020,RAR,,/00-偶像大师 ALL IN ONE/2-灰姑娘女孩/灰姑娘女孩CD/4 STARLIGHT MASTER 系列/[2020-2021] STARLIGHT MASTER GOLD RUSH!/[2020.10.07] SM GOLD RUSH! 02 太陽の絵の具箱.rar,https://pan.baidu.com/netdisk/share?surl=fk1hhv_vnt5_wuYVVcCcoA&pwd=imas,imas,永久,可用,2026-07-16,7220
resource-be0c4395c22c,灰姑娘女孩,CD,[2020-2021] STARLIGHT MASTER GOLD RUSH!,[2020.10.21] SM GOLD RUSH! 03 Joker,,2020,RAR,,/00-偶像大师 ALL IN ONE/2-灰姑娘女孩/灰姑娘女孩CD/4 STARLIGHT MASTER 系列/[2020-2021] STARLIGHT MASTER GOLD RUSH!/[2020.10.21] SM GOLD RUSH! 03 Joker.rar,https://pan.baidu.com/netdisk/share?surl=2jefSvD8yTAKUge6MCVPzQ&pwd=imas,imas,永久,可用,2026-07-16,7230
resource-f2d2f0701717,灰姑娘女孩,CD,[2020-2021] STARLIGHT MASTER GOLD RUSH!,[2020.11.11] SM GOLD RUSH! 04 ヒーローヴァーサスレイナンジョー,,2020,RAR,,/00-偶像大师 ALL IN ONE/2-灰姑娘女孩/灰姑娘女孩CD/4 STARLIGHT MASTER 系列/[2020-2021] STARLIGHT MASTER GOLD RUSH!/[2020.11.11] SM GOLD RUSH! 04 ヒーローヴァーサスレイナンジョー.rar,https://pan.baidu.com/netdisk/share?surl=7cIuOftdYNYd9HojxAeYeQ&pwd=imas,imas,永久,可用,2026-07-16,7240
resource-014b4296f708,灰姑娘女孩,CD,[2020-2021] STARLIGHT MASTER GOLD RUSH!,[2020.12.16] SM GOLD RUSH! 05 オレンジタイム,,2020,RAR,,/00-偶像大师 ALL IN ONE/2-灰姑娘女孩/灰姑娘女孩CD/4 STARLIGHT MASTER 系列/[2020-2021] STARLIGHT MASTER GOLD RUSH!/[2020.12.16] SM GOLD RUSH! 05 オレンジタイム.rar,https://pan.baidu.com/netdisk/share?surl=GoS4vKI-Gt5hBEd-Cu81JA&pwd=imas,imas,永久,可用,2026-07-16,7250
resource-b60d63c6a036,灰姑娘女孩,CD,[2020-2021] STARLIGHT MASTER GOLD RUSH!,[2021.02.03] SM GOLD RUSH! 06 THE VILLAIN'S NIGHT,,2021,RAR,,/00-偶像大师 ALL IN ONE/2-灰姑娘女孩/灰姑娘女孩CD/4 STARLIGHT MASTER 系列/[2020-2021] STARLIGHT MASTER GOLD RUSH!/[2021.02.03] SM GOLD RUSH! 06 THE VILLAIN'S NIGHT.rar,https://pan.baidu.com/netdisk/share?surl=24uKRUV6pL8q_a0lb9xsxA&pwd=imas,imas,永久,可用,2026-07-16,7260
resource-a0d02431e252,灰姑娘女孩,CD,[2020-2021] STARLIGHT MASTER GOLD RUSH!,[2021.04.07] SM GOLD RUSH! 07 Wish you Happiness!!,,2021,RAR,,/00-偶像大师 ALL IN ONE/2-灰姑娘女孩/灰姑娘女孩CD/4 STARLIGHT MASTER 系列/[2020-2021] STARLIGHT MASTER GOLD RUSH!/[2021.04.07] SM GOLD RUSH! 07 Wish you Happiness!!.rar,https://pan.baidu.com/netdisk/share?surl=FvJAd3G_ZJ4_CbNb9eLjQA&pwd=imas,imas,永久,可用,2026-07-16,7270
resource-9b62fba08d9e,灰姑娘女孩,CD,[2020-2021] STARLIGHT MASTER GOLD RUSH!,[2021.04.28] SM GOLD RUSH! 08 EVIL LIVE,,2021,RAR,,/00-偶像大师 ALL IN ONE/2-灰姑娘女孩/灰姑娘女孩CD/4 STARLIGHT MASTER 系列/[2020-2021] STARLIGHT MASTER GOLD RUSH!/[2021.04.28] SM GOLD RUSH! 08 EVIL LIVE.rar,https://pan.baidu.com/netdisk/share?surl=jiqCqkK-60E_skpdHRil8A&pwd=imas,imas,永久,可用,2026-07-16,7280
resource-6d19c348667c,灰姑娘女孩,CD,[2020-2021] STARLIGHT MASTER GOLD RUSH!,[2021.07.28] SM GOLD RUSH! 09 Just Us Justice,,2021,RAR,,/00-偶像大师 ALL IN ONE/2-灰姑娘女孩/灰姑娘女孩CD/4 STARLIGHT MASTER 系列/[2020-2021] STARLIGHT MASTER GOLD RUSH!/[2021.07.28] SM GOLD RUSH! 09 Just Us Justice.rar,https://pan.baidu.com/netdisk/share?surl=bvYRctfeu90TyYbt3maQ4g&pwd=imas,imas,永久,可用,2026-07-16,7290
resource-8baf1b36c8f8,灰姑娘女孩,CD,[2020-2021] STARLIGHT MASTER GOLD RUSH!,[2021.09.22] SM GOLD RUSH! 10 Hungry Bambi,,2021,RAR,,/00-偶像大师 ALL IN ONE/2-灰姑娘女孩/灰姑娘女孩CD/4 STARLIGHT MASTER 系列/[2020-2021] STARLIGHT MASTER GOLD RUSH!/[2021.09.22] SM GOLD RUSH! 10 Hungry Bambi.rar,https://pan.baidu.com/netdisk/share?surl=tGh5FRK2fSJ5USbhmK7AHw&pwd=imas,imas,永久,可用,2026-07-16,7300
resource-12476b6c2077,灰姑娘女孩,CD,[2020-2021] STARLIGHT MASTER GOLD RUSH!,[2021.10.13] SM GOLD RUSH! 11 Home Sweet Home,,2021,RAR,,/00-偶像大师 ALL IN ONE/2-灰姑娘女孩/灰姑娘女孩CD/4 STARLIGHT MASTER 系列/[2020-2021] STARLIGHT MASTER GOLD RUSH!/[2021.10.13] SM GOLD RUSH! 11 Home Sweet Home.rar,https://pan.baidu.com/netdisk/share?surl=kYaQgvXJ_5ji0SAhtLRyMw&pwd=imas,imas,永久,可用,2026-07-16,7310
resource-7da959bd76b9,灰姑娘女孩,CD,[2020-2021] STARLIGHT MASTER GOLD RUSH!,[2021.11.17] SM GOLD RUSH! 12 パ・リ・ラ,,2021,RAR,,/00-偶像大师 ALL IN ONE/2-灰姑娘女孩/灰姑娘女孩CD/4 STARLIGHT MASTER 系列/[2020-2021] STARLIGHT MASTER GOLD RUSH!/[2021.11.17] SM GOLD RUSH! 12 パ・リ・ラ.rar,https://pan.baidu.com/netdisk/share?surl=UdHBxKTA8bG9CmynZ2J3Dw&pwd=imas,imas,永久,可用,2026-07-16,7320
resource-a1acfef8effb,灰姑娘女孩,CD,[2020-2021] STARLIGHT MASTER GOLD RUSH!,[2021.12.08] SM GOLD RUSH! 13 Secret Mirage,,2021,RAR,,/00-偶像大师 ALL IN ONE/2-灰姑娘女孩/灰姑娘女孩CD/4 STARLIGHT MASTER 系列/[2020-2021] STARLIGHT MASTER GOLD RUSH!/[2021.12.08] SM GOLD RUSH! 13 Secret Mirage.rar,https://pan.baidu.com/netdisk/share?surl=aaDbP04Y2koOQArgqiYtbQ&pwd=imas,imas,永久,可用,2026-07-16,7330
resource-3d9086564ca2,灰姑娘女孩,CD,[2020-2021] STARLIGHT MASTER GOLD RUSH!,[2021.12.22] SM GOLD RUSH! 14 レッド・ソール,,2021,RAR,,/00-偶像大师 ALL IN ONE/2-灰姑娘女孩/灰姑娘女孩CD/4 STARLIGHT MASTER 系列/[2020-2021] STARLIGHT MASTER GOLD RUSH!/[2021.12.22] SM GOLD RUSH! 14 レッド・ソール.rar,https://pan.baidu.com/netdisk/share?surl=XZTRzTvP2o9OKXsZ7HPy1w&pwd=imas,imas,永久,可用,2026-07-16,7340
resource-881b9ca29da0,灰姑娘女孩,CD,[2022-2023] STARLIGHT MASTER PLATINUM NUMBER,[2022.12.28] SM PLATINUM NUMBER 01 MOTTO!,,2022,RAR,,/00-偶像大师 ALL IN ONE/2-灰姑娘女孩/灰姑娘女孩CD/4 STARLIGHT MASTER 系列/[2022-2023] STARLIGHT MASTER PLATINUM NUMBER/[2022.12.28] SM PLATINUM NUMBER 01 MOTTO!.rar,https://pan.baidu.com/netdisk/share?surl=catJ4k8CWlyD_3hN1LoJ-g&pwd=imas,imas,永久,可用,2026-07-16,7350
resource-aed7336ac793,灰姑娘女孩,CD,[2022-2023] STARLIGHT MASTER PLATINUM NUMBER,[2023.02.15] SM PLATINUM NUMBER 02 UNIQU3 VOICES!!!,,2023,RAR,,/00-偶像大师 ALL IN ONE/2-灰姑娘女孩/灰姑娘女孩CD/4 STARLIGHT MASTER 系列/[2022-2023] STARLIGHT MASTER PLATINUM NUMBER/[2023.02.15] SM PLATINUM NUMBER 02 UNIQU3 VOICES!!!.rar,https://pan.baidu.com/netdisk/share?surl=emRnxuRivDkub85XO1QJ_Q&pwd=imas,imas,永久,可用,2026-07-16,7360
resource-0e438eb0d0be,灰姑娘女孩,CD,[2022-2023] STARLIGHT MASTER PLATINUM NUMBER,[2023.07.12] SM PLATINUM NUMBER 03 ダンシング・デッド,,2023,RAR,,/00-偶像大师 ALL IN ONE/2-灰姑娘女孩/灰姑娘女孩CD/4 STARLIGHT MASTER 系列/[2022-2023] STARLIGHT MASTER PLATINUM NUMBER/[2023.07.12] SM PLATINUM NUMBER 03 ダンシング・デッド.rar,https://pan.baidu.com/netdisk/share?surl=5KMqrKohPLr981900v71RA&pwd=imas,imas,永久,可用,2026-07-16,7370
resource-966ddb114bc4,灰姑娘女孩,CD,[2022-2023] STARLIGHT MASTER PLATINUM NUMBER,[2023.07.23] SM PLATINUM NUMBER 04 Majoram Therapie,,2023,RAR,,/00-偶像大师 ALL IN ONE/2-灰姑娘女孩/灰姑娘女孩CD/4 STARLIGHT MASTER 系列/[2022-2023] STARLIGHT MASTER PLATINUM NUMBER/[2023.07.23] SM PLATINUM NUMBER 04 Majoram Therapie.rar,https://pan.baidu.com/netdisk/share?surl=2OZR-yHlctch5Qs8coUIcw&pwd=imas,imas,永久,可用,2026-07-16,7380
resource-9cb5b9617fe6,灰姑娘女孩,CD,[2022-2023] STARLIGHT MASTER PLATINUM NUMBER,[2023.08.02] SM PLATINUM NUMBER 05 ハートボイルドウォーズ,,2023,RAR,,/00-偶像大师 ALL IN ONE/2-灰姑娘女孩/灰姑娘女孩CD/4 STARLIGHT MASTER 系列/[2022-2023] STARLIGHT MASTER PLATINUM NUMBER/[2023.08.02] SM PLATINUM NUMBER 05 ハートボイルドウォーズ.rar,https://pan.baidu.com/netdisk/share?surl=JIntjzjHptxQlvt1QmPbhg&pwd=imas,imas,永久,可用,2026-07-16,7390
resource-d0502710a3c9,灰姑娘女孩,CD,[2022-2023] STARLIGHT MASTER PLATINUM NUMBER,[2023.08.23] SM PLATINUM NUMBER 06 Isosceles,,2023,RAR,,/00-偶像大师 ALL IN ONE/2-灰姑娘女孩/灰姑娘女孩CD/4 STARLIGHT MASTER 系列/[2022-2023] STARLIGHT MASTER PLATINUM NUMBER/[2023.08.23] SM PLATINUM NUMBER 06 Isosceles.rar,https://pan.baidu.com/netdisk/share?surl=FGJtiJHDWfi9DH5WPaCqZA&pwd=imas,imas,永久,可用,2026-07-16,7400
resource-21d105938d3d,灰姑娘女孩,CD,[2022-2023] STARLIGHT MASTER PLATINUM NUMBER,[2023.09.06] SM PLATINUM NUMBER 07 N.O.R.～Notes of Revolution～,,2023,RAR,,/00-偶像大师 ALL IN ONE/2-灰姑娘女孩/灰姑娘女孩CD/4 STARLIGHT MASTER 系列/[2022-2023] STARLIGHT MASTER PLATINUM NUMBER/[2023.09.06] SM PLATINUM NUMBER 07 N.O.R.～Notes of Revolution～.rar,https://pan.baidu.com/netdisk/share?surl=gobWSG4GzQGuqxK_pXWTcg&pwd=imas,imas,永久,可用,2026-07-16,7410
resource-78db4c11069a,灰姑娘女孩,CD,[2022-2023] STARLIGHT MASTER PLATINUM NUMBER,[2023.09.13] SM PLATINUM NUMBER 08 ミライコンパス,,2023,RAR,,/00-偶像大师 ALL IN ONE/2-灰姑娘女孩/灰姑娘女孩CD/4 STARLIGHT MASTER 系列/[2022-2023] STARLIGHT MASTER PLATINUM NUMBER/[2023.09.13] SM PLATINUM NUMBER 08 ミライコンパス.rar,https://pan.baidu.com/netdisk/share?surl=JNjrfJT2l6-wSXTsckuNiw&pwd=imas,imas,永久,可用,2026-07-16,7420
resource-252c243b9e33,灰姑娘女孩,CD,[2022-2023] STARLIGHT MASTER PLATINUM NUMBER,[2023.09.20] SM PLATINUM NUMBER 09 さやけき花の生命に,,2023,RAR,,/00-偶像大师 ALL IN ONE/2-灰姑娘女孩/灰姑娘女孩CD/4 STARLIGHT MASTER 系列/[2022-2023] STARLIGHT MASTER PLATINUM NUMBER/[2023.09.20] SM PLATINUM NUMBER 09 さやけき花の生命に.rar,https://pan.baidu.com/netdisk/share?surl=84rArnDzbpO8PFlo1kKEvw&pwd=imas,imas,永久,可用,2026-07-16,7430
resource-768879fe70f7,灰姑娘女孩,CD,[2022-2023] STARLIGHT MASTER PLATINUM NUMBER,[2023.10.04] SM PLATINUM NUMBER 10 全開！ミラクルアドベンチャー！,,2023,RAR,,/00-偶像大师 ALL IN ONE/2-灰姑娘女孩/灰姑娘女孩CD/4 STARLIGHT MASTER 系列/[2022-2023] STARLIGHT MASTER PLATINUM NUMBER/[2023.10.04] SM PLATINUM NUMBER 10 全開！ミラクルアドベンチャー！.rar,https://pan.baidu.com/netdisk/share?surl=0gAye4dgOPPSxVR4kZ1NeQ&pwd=imas,imas,永久,可用,2026-07-16,7440
resource-01eb7b2ee414,灰姑娘女孩,CD,[2022-2023] STARLIGHT MASTER PLATINUM NUMBER,[2023.11.01] SM PLATINUM NUMBER 11 悠久星涼,,2023,RAR,,/00-偶像大师 ALL IN ONE/2-灰姑娘女孩/灰姑娘女孩CD/4 STARLIGHT MASTER 系列/[2022-2023] STARLIGHT MASTER PLATINUM NUMBER/[2023.11.01] SM PLATINUM NUMBER 11 悠久星涼.rar,https://pan.baidu.com/netdisk/share?surl=DEWXPTinnnZotesppgUmWQ&pwd=imas,imas,永久,可用,2026-07-16,7450
resource-abf7f93434b2,灰姑娘女孩,CD,[2022-2023] STARLIGHT MASTER PLATINUM NUMBER,[2023.11.15] SM PLATINUM NUMBER 12 Night Time Wander,,2023,RAR,,/00-偶像大师 ALL IN ONE/2-灰姑娘女孩/灰姑娘女孩CD/4 STARLIGHT MASTER 系列/[2022-2023] STARLIGHT MASTER PLATINUM NUMBER/[2023.11.15] SM PLATINUM NUMBER 12 Night Time Wander.rar,https://pan.baidu.com/netdisk/share?surl=KMxdUqrPc3DSMZtiLeno8g&pwd=imas,imas,永久,可用,2026-07-16,7460
resource-b3609ed9583b,灰姑娘女孩,CD,[2022-2023] STARLIGHT MASTER PLATINUM NUMBER,[2023.12.13] SM PLATINUM NUMBER 13 ノートの中のテラリウム,,2023,RAR,,/00-偶像大师 ALL IN ONE/2-灰姑娘女孩/灰姑娘女孩CD/4 STARLIGHT MASTER 系列/[2022-2023] STARLIGHT MASTER PLATINUM NUMBER/[2023.12.13] SM PLATINUM NUMBER 13 ノートの中のテラリウム.rar,https://pan.baidu.com/netdisk/share?surl=aPbe-pm7zJT7pVZWr2-1pg&pwd=imas,imas,永久,可用,2026-07-16,7470
resource-374eebd105da,灰姑娘女孩,CD,[2022-2023] STARLIGHT MASTER R-LOCK ON!,[2022.01.12] SM R-LOCK ON! 01 星環世界,,2022,RAR,,/00-偶像大师 ALL IN ONE/2-灰姑娘女孩/灰姑娘女孩CD/4 STARLIGHT MASTER 系列/[2022-2023] STARLIGHT MASTER R-LOCK ON!/[2022.01.12] SM R-LOCK ON! 01 星環世界.rar,https://pan.baidu.com/netdisk/share?surl=G8WbD-sTw4urH_c5UTVpVA&pwd=imas,imas,永久,可用,2026-07-16,7480
resource-937aac3bdab3,灰姑娘女孩,CD,[2022-2023] STARLIGHT MASTER R-LOCK ON!,[2022.02.16] SM R-LOCK ON! 02 Drastic Melody,,2022,RAR,,/00-偶像大师 ALL IN ONE/2-灰姑娘女孩/灰姑娘女孩CD/4 STARLIGHT MASTER 系列/[2022-2023] STARLIGHT MASTER R-LOCK ON!/[2022.02.16] SM R-LOCK ON! 02 Drastic Melody.rar,https://pan.baidu.com/netdisk/share?surl=4I2_Y9hYRyoLti4bUrhJNQ&pwd=imas,imas,永久,可用,2026-07-16,7490
resource-f8cc00c18564,灰姑娘女孩,CD,[2022-2023] STARLIGHT MASTER R-LOCK ON!,[2022.03.16] SM R-LOCK ON! 03 かぼちゃ姫,,2022,RAR,,/00-偶像大师 ALL IN ONE/2-灰姑娘女孩/灰姑娘女孩CD/4 STARLIGHT MASTER 系列/[2022-2023] STARLIGHT MASTER R-LOCK ON!/[2022.03.16] SM R-LOCK ON! 03 かぼちゃ姫.rar,https://pan.baidu.com/netdisk/share?surl=x-GT-EpW4ApHDvqjtYMOpQ&pwd=imas,imas,永久,可用,2026-07-16,7500
resource-158f3a871411,灰姑娘女孩,CD,[2022-2023] STARLIGHT MASTER R-LOCK ON!,[2022.04.20] SM R-LOCK ON! 04 堕ちる果実,,2022,RAR,,/00-偶像大师 ALL IN ONE/2-灰姑娘女孩/灰姑娘女孩CD/4 STARLIGHT MASTER 系列/[2022-2023] STARLIGHT MASTER R-LOCK ON!/[2022.04.20] SM R-LOCK ON! 04 堕ちる果実.rar,https://pan.baidu.com/netdisk/share?surl=l2ytkNArQWXXwfKRbYPISA&pwd=imas,imas,永久,可用,2026-07-16,7510
resource-e22519d5ae08,灰姑娘女孩,CD,[2022-2023] STARLIGHT MASTER R-LOCK ON!,[2022.05.25] SM R-LOCK ON! 05 トロピカルガール,,2022,RAR,,/00-偶像大师 ALL IN ONE/2-灰姑娘女孩/灰姑娘女孩CD/4 STARLIGHT MASTER 系列/[2022-2023] STARLIGHT MASTER R-LOCK ON!/[2022.05.25] SM R-LOCK ON! 05 トロピカルガール.rar,https://pan.baidu.com/netdisk/share?surl=e9WYNBclQVpaYcPNeXtT_A&pwd=imas,imas,永久,可用,2026-07-16,7520
resource-579254f82251,灰姑娘女孩,CD,[2022-2023] STARLIGHT MASTER R-LOCK ON!,[2022.06.29] SM R-LOCK ON! 06 Demolish,,2022,RAR,,/00-偶像大师 ALL IN ONE/2-灰姑娘女孩/灰姑娘女孩CD/4 STARLIGHT MASTER 系列/[2022-2023] STARLIGHT MASTER R-LOCK ON!/[2022.06.29] SM R-LOCK ON! 06 Demolish.rar,https://pan.baidu.com/netdisk/share?surl=enepZegV0qQnSS_Qq6v24g&pwd=imas,imas,永久,可用,2026-07-16,7530
resource-da9417a257cd,灰姑娘女孩,CD,[2022-2023] STARLIGHT MASTER R-LOCK ON!,[2022.08.03] SM R-LOCK ON! 07 ストリート・ランウェイ,,2022,RAR,,/00-偶像大师 ALL IN ONE/2-灰姑娘女孩/灰姑娘女孩CD/4 STARLIGHT MASTER 系列/[2022-2023] STARLIGHT MASTER R-LOCK ON!/[2022.08.03] SM R-LOCK ON! 07 ストリート・ランウェイ.rar,https://pan.baidu.com/netdisk/share?surl=06MFqiRUOp3XbB4p-6ekAg&pwd=imas,imas,永久,可用,2026-07-16,7540
resource-8c110a8f0158,灰姑娘女孩,CD,[2022-2023] STARLIGHT MASTER R-LOCK ON!,[2022.09.21] SM R-LOCK ON! 08 ラビューダ♡トライアングル,,2022,RAR,,/00-偶像大师 ALL IN ONE/2-灰姑娘女孩/灰姑娘女孩CD/4 STARLIGHT MASTER 系列/[2022-2023] STARLIGHT MASTER R-LOCK ON!/[2022.09.21] SM R-LOCK ON! 08 ラビューダ♡トライアングル.rar,https://pan.baidu.com/netdisk/share?surl=mLnTw1UbZ6v7VoCcry8DoQ&pwd=imas,imas,永久,可用,2026-07-16,7550
resource-6d02db5727b7,灰姑娘女孩,CD,[2022-2023] STARLIGHT MASTER R-LOCK ON!,[2022.10.19] SM R-LOCK ON! 09 New bright stars,,2022,RAR,,/00-偶像大师 ALL IN ONE/2-灰姑娘女孩/灰姑娘女孩CD/4 STARLIGHT MASTER 系列/[2022-2023] STARLIGHT MASTER R-LOCK ON!/[2022.10.19] SM R-LOCK ON! 09 New bright stars.rar,https://pan.baidu.com/netdisk/share?surl=w4pDCteAeRiP37G2dgdeWQ&pwd=imas,imas,永久,可用,2026-07-16,7560
resource-c6380e6c63b1,灰姑娘女孩,CD,[2022-2023] STARLIGHT MASTER R-LOCK ON!,[2022.11.09] SM R-LOCK ON! 10 まほうのまくら,,2022,RAR,,/00-偶像大师 ALL IN ONE/2-灰姑娘女孩/灰姑娘女孩CD/4 STARLIGHT MASTER 系列/[2022-2023] STARLIGHT MASTER R-LOCK ON!/[2022.11.09] SM R-LOCK ON! 10 まほうのまくら.rar,https://pan.baidu.com/netdisk/share?surl=ghJn2XHsFJWrsm-u-eDBWA&pwd=imas,imas,永久,可用,2026-07-16,7570
resource-3d32eb048159,灰姑娘女孩,CD,[2022-2023] STARLIGHT MASTER R-LOCK ON!,[2022.12.14] SM R-LOCK ON! 11 メモリーブロッサム,,2022,RAR,,/00-偶像大师 ALL IN ONE/2-灰姑娘女孩/灰姑娘女孩CD/4 STARLIGHT MASTER 系列/[2022-2023] STARLIGHT MASTER R-LOCK ON!/[2022.12.14] SM R-LOCK ON! 11 メモリーブロッサム.rar,https://pan.baidu.com/netdisk/share?surl=rK5nYeF8Y7JZ4ImVHw5dQg&pwd=imas,imas,永久,可用,2026-07-16,7580
resource-4a4fcd48b040,灰姑娘女孩,CD,[2022-2023] STARLIGHT MASTER R-LOCK ON!,[2023.01.11] SM R-LOCK ON! 12 No One Knows,,2023,RAR,,/00-偶像大师 ALL IN ONE/2-灰姑娘女孩/灰姑娘女孩CD/4 STARLIGHT MASTER 系列/[2022-2023] STARLIGHT MASTER R-LOCK ON!/[2023.01.11] SM R-LOCK ON! 12 No One Knows.rar,https://pan.baidu.com/netdisk/share?surl=kthe-f29W6mIQgg-_2YhWQ&pwd=imas,imas,永久,可用,2026-07-16,7590
resource-ef3e6ee920e2,灰姑娘女孩,CD,[2022-2023] STARLIGHT MASTER R-LOCK ON!,[2023.03.01] SM R-LOCK ON! 13 チカラ！イズ！ぱわー!!,,2023,RAR,,/00-偶像大师 ALL IN ONE/2-灰姑娘女孩/灰姑娘女孩CD/4 STARLIGHT MASTER 系列/[2022-2023] STARLIGHT MASTER R-LOCK ON!/[2023.03.01] SM R-LOCK ON! 13 チカラ！イズ！ぱわー!!.rar,https://pan.baidu.com/netdisk/share?surl=jeu9ugTvOgU1xAd7SoOfOA&pwd=imas,imas,永久,可用,2026-07-16,7600
resource-5b52bfe3f628,灰姑娘女孩,CD,[2022-2023] STARLIGHT MASTER R-LOCK ON!,[2023.03.29] SM R-LOCK ON! 14 ささのはに、うたかたに。,,2023,RAR,,/00-偶像大师 ALL IN ONE/2-灰姑娘女孩/灰姑娘女孩CD/4 STARLIGHT MASTER 系列/[2022-2023] STARLIGHT MASTER R-LOCK ON!/[2023.03.29] SM R-LOCK ON! 14 ささのはに、うたかたに。.rar,https://pan.baidu.com/netdisk/share?surl=3MYq4iSwNUO_zQEuPGk96w&pwd=imas,imas,永久,可用,2026-07-16,7610
resource-c49f3893303a,灰姑娘女孩,CD,[2022-2023] STARLIGHT MASTER R-LOCK ON!,[2023.04.05] SM R-LOCK ON! 15 サマーサイダー,,2023,RAR,,/00-偶像大师 ALL IN ONE/2-灰姑娘女孩/灰姑娘女孩CD/4 STARLIGHT MASTER 系列/[2022-2023] STARLIGHT MASTER R-LOCK ON!/[2023.04.05] SM R-LOCK ON! 15 サマーサイダー.rar,https://pan.baidu.com/netdisk/share?surl=xMrddBmDt9rl8i5tdiAdrw&pwd=imas,imas,永久,可用,2026-07-16,7620
resource-a50d88a4912f,灰姑娘女孩,CD,[2022-2023] STARLIGHT MASTER R-LOCK ON!,[2023.05.17] SM R-LOCK ON! 16 ギョーてん！しーわーるど！,,2023,RAR,,/00-偶像大师 ALL IN ONE/2-灰姑娘女孩/灰姑娘女孩CD/4 STARLIGHT MASTER 系列/[2022-2023] STARLIGHT MASTER R-LOCK ON!/[2023.05.17] SM R-LOCK ON! 16 ギョーてん！しーわーるど！.rar,https://pan.baidu.com/netdisk/share?surl=rq09rdNMdnppDcKTgHPNYg&pwd=imas,imas,永久,可用,2026-07-16,7630
resource-b78fece880b5,灰姑娘女孩,CD,[2022-2023] STARLIGHT MASTER R-LOCK ON!,[2023.06.14] SM R-LOCK ON! 17 廻談詣り,,2023,RAR,,/00-偶像大师 ALL IN ONE/2-灰姑娘女孩/灰姑娘女孩CD/4 STARLIGHT MASTER 系列/[2022-2023] STARLIGHT MASTER R-LOCK ON!/[2023.06.14] SM R-LOCK ON! 17 廻談詣り.rar,https://pan.baidu.com/netdisk/share?surl=rvTU9depzM-faWg7raXG-w&pwd=imas,imas,永久,可用,2026-07-16,7640
resource-d774e3acd3cf,灰姑娘女孩,CD,[2023-2024] STARLIGHT MASTER HEART TICKER!,[2023.11.22] SM HEART TICKER! 01 無限L∞PだLOVE♡,,2023,RAR,,/00-偶像大师 ALL IN ONE/2-灰姑娘女孩/灰姑娘女孩CD/4 STARLIGHT MASTER 系列/[2023-2024] STARLIGHT MASTER HEART TICKER!/[2023.11.22] SM HEART TICKER! 01 無限L∞PだLOVE♡.rar,https://pan.baidu.com/netdisk/share?surl=bo4M25054ojZdLk8SpsMtw&pwd=imas,imas,永久,可用,2026-07-16,7650
resource-a21d88ebdc58,灰姑娘女孩,CD,[2023-2024] STARLIGHT MASTER HEART TICKER!,[2024.01.17] SM HEART TICKER! 02 Hardcore Toyworld,,2024,RAR,,/00-偶像大师 ALL IN ONE/2-灰姑娘女孩/灰姑娘女孩CD/4 STARLIGHT MASTER 系列/[2023-2024] STARLIGHT MASTER HEART TICKER!/[2024.01.17] SM HEART TICKER! 02 Hardcore Toyworld.rar,https://pan.baidu.com/netdisk/share?surl=vHdBENVNKHytje5SDKHMYQ&pwd=imas,imas,永久,可用,2026-07-16,7660
resource-6142f895a731,灰姑娘女孩,CD,[2023-2024] STARLIGHT MASTER HEART TICKER!,[2024.02.14] SM HEART TICKER! 03 HELLOWEEN GAME,,2024,RAR,,/00-偶像大师 ALL IN ONE/2-灰姑娘女孩/灰姑娘女孩CD/4 STARLIGHT MASTER 系列/[2023-2024] STARLIGHT MASTER HEART TICKER!/[2024.02.14] SM HEART TICKER! 03 HELLOWEEN GAME.rar,https://pan.baidu.com/netdisk/share?surl=YsQvXXb0XVfrEtc3MoSvQA&pwd=imas,imas,永久,可用,2026-07-16,7670
resource-46bee889d267,灰姑娘女孩,CD,[2023-2024] STARLIGHT MASTER HEART TICKER!,[2024.03.20] SM HEART TICKER! 04 D-ark L-ily's Grin,,2024,RAR,,/00-偶像大师 ALL IN ONE/2-灰姑娘女孩/灰姑娘女孩CD/4 STARLIGHT MASTER 系列/[2023-2024] STARLIGHT MASTER HEART TICKER!/[2024.03.20] SM HEART TICKER! 04 D-ark L-ily's Grin.rar,https://pan.baidu.com/netdisk/share?surl=N6BvnzLylS_rpnyqRJ0baA&pwd=imas,imas,永久,可用,2026-07-16,7680
resource-00a4e7f32666,灰姑娘女孩,CD,[2023-2024] STARLIGHT MASTER HEART TICKER!,[2024.04.10] SM HEART TICKER! 05 Teeenage☆Groovin',,2024,RAR,,/00-偶像大师 ALL IN ONE/2-灰姑娘女孩/灰姑娘女孩CD/4 STARLIGHT MASTER 系列/[2023-2024] STARLIGHT MASTER HEART TICKER!/[2024.04.10] SM HEART TICKER! 05 Teeenage☆Groovin'.rar,https://pan.baidu.com/netdisk/share?surl=nV7HkrpSTs0_w9YZNTuAyA&pwd=imas,imas,永久,可用,2026-07-16,7690
resource-cdc1c59b7dae,灰姑娘女孩,CD,[2023-2024] STARLIGHT MASTER HEART TICKER!,[2024.05.15] SM HEART TICKER! 06 Come to you,,2024,RAR,,/00-偶像大师 ALL IN ONE/2-灰姑娘女孩/灰姑娘女孩CD/4 STARLIGHT MASTER 系列/[2023-2024] STARLIGHT MASTER HEART TICKER!/[2024.05.15] SM HEART TICKER! 06 Come to you.rar,https://pan.baidu.com/netdisk/share?surl=pqYAZTJC1p7VHgln4IKZ7w&pwd=imas,imas,永久,可用,2026-07-16,7700
resource-b12b9dfd2960,灰姑娘女孩,CD,[2023-2024] STARLIGHT MASTER HEART TICKER!,[2024.06.19] SM HEART TICKER! 07 ワタシ御伽ばなシ,,2024,RAR,,/00-偶像大师 ALL IN ONE/2-灰姑娘女孩/灰姑娘女孩CD/4 STARLIGHT MASTER 系列/[2023-2024] STARLIGHT MASTER HEART TICKER!/[2024.06.19] SM HEART TICKER! 07 ワタシ御伽ばなシ.rar,https://pan.baidu.com/netdisk/share?surl=R5pG40AZo-TOdYUxCflaBQ&pwd=imas,imas,永久,可用,2026-07-16,7710
resource-feb6bdd4ca15,灰姑娘女孩,CD,[2023-2024] STARLIGHT MASTER HEART TICKER!,[2024.07.17] SM HEART TICKER! 08 スバル,,2024,RAR,,/00-偶像大师 ALL IN ONE/2-灰姑娘女孩/灰姑娘女孩CD/4 STARLIGHT MASTER 系列/[2023-2024] STARLIGHT MASTER HEART TICKER!/[2024.07.17] SM HEART TICKER! 08 スバル.rar,https://pan.baidu.com/netdisk/share?surl=HYxtlt2yFN5MpGXxI-iG0Q&pwd=imas,imas,永久,可用,2026-07-16,7720
resource-35154639acb9,灰姑娘女孩,CD,[2023-2024] STARLIGHT MASTER HEART TICKER!,[2024.09.11] SM HEART TICKER! 09 神様！絶対だよ,,2024,RAR,,/00-偶像大师 ALL IN ONE/2-灰姑娘女孩/灰姑娘女孩CD/4 STARLIGHT MASTER 系列/[2023-2024] STARLIGHT MASTER HEART TICKER!/[2024.09.11] SM HEART TICKER! 09 神様！絶対だよ.rar,https://pan.baidu.com/netdisk/share?surl=u03TtKMN3SrXVTpN6VifjA&pwd=imas,imas,永久,可用,2026-07-16,7730
resource-59d4e9e6f153,灰姑娘女孩,CD,[2023-2024] STARLIGHT MASTER HEART TICKER!,[2024.10.16] SM HEART TICKER! 10 流星浪漫,,2024,RAR,,/00-偶像大师 ALL IN ONE/2-灰姑娘女孩/灰姑娘女孩CD/4 STARLIGHT MASTER 系列/[2023-2024] STARLIGHT MASTER HEART TICKER!/[2024.10.16] SM HEART TICKER! 10 流星浪漫.rar,https://pan.baidu.com/netdisk/share?surl=SaMtO4gaEShpAszsKHd-Mg&pwd=imas,imas,永久,可用,2026-07-16,7740
resource-a24d344734e1,灰姑娘女孩,CD,[2023-2024] STARLIGHT MASTER HEART TICKER!,[2024.11.13] SM HEART TICKER! 11 バラカストーリア ～月と太陽に祝福を～,,2024,RAR,,/00-偶像大师 ALL IN ONE/2-灰姑娘女孩/灰姑娘女孩CD/4 STARLIGHT MASTER 系列/[2023-2024] STARLIGHT MASTER HEART TICKER!/[2024.11.13] SM HEART TICKER! 11 バラカストーリア ～月と太陽に祝福を～.rar,https://pan.baidu.com/netdisk/share?surl=MzsangDljoacpJZzkYfNOQ&pwd=imas,imas,永久,可用,2026-07-16,7750
resource-f5903eddf64a,灰姑娘女孩,CD,[2023-2024] STARLIGHT MASTER HEART TICKER!,[2024.12.11] SM HEART TICKER! 12 モラトリアム,,2024,RAR,,/00-偶像大师 ALL IN ONE/2-灰姑娘女孩/灰姑娘女孩CD/4 STARLIGHT MASTER 系列/[2023-2024] STARLIGHT MASTER HEART TICKER!/[2024.12.11] SM HEART TICKER! 12 モラトリアム.rar,https://pan.baidu.com/netdisk/share?surl=R_WM1gGyAnVr8Ddr9B7jXw&pwd=imas,imas,永久,可用,2026-07-16,7760
resource-32706dfd226a,灰姑娘女孩,CD,[2024-2025] STARLIGHT MASTER CRYSTAL QUALIA,[2024.09.25] SM CRYSTAL QUALIA 01 Fantasia for the Girls,,2024,RAR,,/00-偶像大师 ALL IN ONE/2-灰姑娘女孩/灰姑娘女孩CD/4 STARLIGHT MASTER 系列/[2024-2025] STARLIGHT MASTER CRYSTAL QUALIA/[2024.09.25] SM CRYSTAL QUALIA 01 Fantasia for the Girls.rar,https://pan.baidu.com/netdisk/share?surl=blZlY-y6_Soi8oKKqLEFpQ&pwd=imas,imas,永久,可用,2026-07-16,7770
resource-d58a2f3025a1,灰姑娘女孩,CD,[2024-2025] STARLIGHT MASTER CRYSTAL QUALIA,[2025.02.12] SM CRYSTAL QUALIA 02 Fin[e] ～美しき終焉～,,2025,RAR,,/00-偶像大师 ALL IN ONE/2-灰姑娘女孩/灰姑娘女孩CD/4 STARLIGHT MASTER 系列/[2024-2025] STARLIGHT MASTER CRYSTAL QUALIA/[2025.02.12] SM CRYSTAL QUALIA 02 Fin[e] ～美しき終焉～.rar,https://pan.baidu.com/netdisk/share?surl=eyfqSabMI_i8thxutT82CQ&pwd=imas,imas,永久,可用,2026-07-16,7780
resource-39c72adb9d09,灰姑娘女孩,CD,[2024-2025] STARLIGHT MASTER CRYSTAL QUALIA,[2025.03.19] SM CRYSTAL QUALIA 03 EPHEMERAL AЯROW,,2025,RAR,,/00-偶像大师 ALL IN ONE/2-灰姑娘女孩/灰姑娘女孩CD/4 STARLIGHT MASTER 系列/[2024-2025] STARLIGHT MASTER CRYSTAL QUALIA/[2025.03.19] SM CRYSTAL QUALIA 03 EPHEMERAL AЯROW.rar,https://pan.baidu.com/netdisk/share?surl=ODoHQ8vsO1r5C39ApQJe8A&pwd=imas,imas,永久,可用,2026-07-16,7790
resource-7a8e6b27cf69,灰姑娘女孩,CD,[2024-2025] STARLIGHT MASTER CRYSTAL QUALIA,[2025.04.16] SM CRYSTAL QUALIA 04 We wish your smile,,2025,RAR,,/00-偶像大师 ALL IN ONE/2-灰姑娘女孩/灰姑娘女孩CD/4 STARLIGHT MASTER 系列/[2024-2025] STARLIGHT MASTER CRYSTAL QUALIA/[2025.04.16] SM CRYSTAL QUALIA 04 We wish your smile.rar,https://pan.baidu.com/netdisk/share?surl=1zx73wC9IGsUUsyYOONsnw&pwd=imas,imas,永久,可用,2026-07-16,7800
resource-33d2d41f8ce5,灰姑娘女孩,CD,[2024-2025] STARLIGHT MASTER CRYSTAL QUALIA,[2025.05.21] SM CRYSTAL QUALIA 05 スマイルファンタジー,,2025,RAR,,/00-偶像大师 ALL IN ONE/2-灰姑娘女孩/灰姑娘女孩CD/4 STARLIGHT MASTER 系列/[2024-2025] STARLIGHT MASTER CRYSTAL QUALIA/[2025.05.21] SM CRYSTAL QUALIA 05 スマイルファンタジー.rar,https://pan.baidu.com/netdisk/share?surl=hI-Z9S9jkYW16MEjLJ_alw&pwd=imas,imas,永久,可用,2026-07-16,7810
resource-189868fb932a,灰姑娘女孩,CD,[2024-2025] STARLIGHT MASTER CRYSTAL QUALIA,[2025.06.11] SM CRYSTAL QUALIA 06 イーリャンサンキュー,,2025,RAR,,/00-偶像大师 ALL IN ONE/2-灰姑娘女孩/灰姑娘女孩CD/4 STARLIGHT MASTER 系列/[2024-2025] STARLIGHT MASTER CRYSTAL QUALIA/[2025.06.11] SM CRYSTAL QUALIA 06 イーリャンサンキュー.rar,https://pan.baidu.com/netdisk/share?surl=O3KhyobLjUdoO0aLBvxFaQ&pwd=imas,imas,永久,可用,2026-07-16,7820
resource-1009d1cd2dd8,灰姑娘女孩,CD,[2024-2025] STARLIGHT MASTER CRYSTAL QUALIA,[2025.07.23] SM CRYSTAL QUALIA 07 スターライトステージ,,2025,RAR,,/00-偶像大师 ALL IN ONE/2-灰姑娘女孩/灰姑娘女孩CD/4 STARLIGHT MASTER 系列/[2024-2025] STARLIGHT MASTER CRYSTAL QUALIA/[2025.07.23] SM CRYSTAL QUALIA 07 スターライトステージ.rar,https://pan.baidu.com/netdisk/share?surl=9h2Os52dsuVebMKyyqAR-w&pwd=imas,imas,永久,可用,2026-07-16,7830
resource-008e3d163b5f,灰姑娘女孩,CD,[2024-2025] STARLIGHT MASTER CRYSTAL QUALIA,[2025.08.20] SM CRYSTAL QUALIA 08 禍魂朧夜,,2025,RAR,,/00-偶像大师 ALL IN ONE/2-灰姑娘女孩/灰姑娘女孩CD/4 STARLIGHT MASTER 系列/[2024-2025] STARLIGHT MASTER CRYSTAL QUALIA/[2025.08.20] SM CRYSTAL QUALIA 08 禍魂朧夜.rar,https://pan.baidu.com/netdisk/share?surl=I06xw9z7pDUf_kxTpT_dxQ&pwd=imas,imas,永久,可用,2026-07-16,7840
resource-704d546f85a8,灰姑娘女孩,CD,[2024-2025] STARLIGHT MASTER CRYSTAL QUALIA,[2025.09.17] SM CRYSTAL QUALIA 09 Morgana,,2025,RAR,,/00-偶像大师 ALL IN ONE/2-灰姑娘女孩/灰姑娘女孩CD/4 STARLIGHT MASTER 系列/[2024-2025] STARLIGHT MASTER CRYSTAL QUALIA/[2025.09.17] SM CRYSTAL QUALIA 09 Morgana.rar,https://pan.baidu.com/netdisk/share?surl=F9OSQww9ubsl-EzI5hmLYA&pwd=imas,imas,永久,可用,2026-07-16,7850
resource-332bbf50375a,灰姑娘女孩,CD,[2024-2025] STARLIGHT MASTER CRYSTAL QUALIA,[2025.10.29] SM CRYSTAL QUALIA 10 オトメゴコロ更新中,,2025,RAR,,/00-偶像大师 ALL IN ONE/2-灰姑娘女孩/灰姑娘女孩CD/4 STARLIGHT MASTER 系列/[2024-2025] STARLIGHT MASTER CRYSTAL QUALIA/[2025.10.29] SM CRYSTAL QUALIA 10 オトメゴコロ更新中.rar,https://pan.baidu.com/netdisk/share?surl=I4Z9bJwlJF7QnzcLvVM95Q&pwd=imas,imas,永久,可用,2026-07-16,7860
resource-a1b3368af842,灰姑娘女孩,CD,[2024-2025] STARLIGHT MASTER CRYSTAL QUALIA,[2025.12.10] SM CRYSTAL QUALIA 11 がおちゅー♪さふぁりぱーく！,,2025,RAR,,/00-偶像大师 ALL IN ONE/2-灰姑娘女孩/灰姑娘女孩CD/4 STARLIGHT MASTER 系列/[2024-2025] STARLIGHT MASTER CRYSTAL QUALIA/[2025.12.10] SM CRYSTAL QUALIA 11 がおちゅー♪さふぁりぱーく！.rar,https://pan.baidu.com/netdisk/share?surl=bZchlHpjFx942JTCvdeJvg&pwd=imas,imas,永久,可用,2026-07-16,7870
resource-c4c1d3004e8b,灰姑娘女孩,CD,其他找不到的可能在这里,2013.04.13 [IMCG-1001] PAMPHLET ラジオ THE iDOLM@STER CINDERELLA GIRLS「デレラジ」はじめまして、プロデューサーさん! 特典CD「ぱーっしょん!」,,2013,FLAC,,/00-偶像大师 ALL IN ONE/2-灰姑娘女孩/灰姑娘女孩CD/其他找不到的可能在这里/2013.04.13 [IMCG-1001] PAMPHLET ラジオ THE iDOLM@STER CINDERELLA GIRLS「デレラジ」はじめまして、プロデューサーさん! 特典CD「ぱーっしょん!」,,imas,永久,待分享,,7880
resource-6e6e1b86c526,灰姑娘女孩,CD,其他找不到的可能在这里,2013.08.31 [N／A] THE iDOLM@STER CINDERELLA GIRLS コミックアンソロジーcool Vol.2 クールなドラマCD,,2013,FLAC,,/00-偶像大师 ALL IN ONE/2-灰姑娘女孩/灰姑娘女孩CD/其他找不到的可能在这里/2013.08.31 [N／A] THE iDOLM@STER CINDERELLA GIRLS コミックアンソロジーcool Vol.2 クールなドラマCD,,imas,永久,待分享,,7890
resource-e0fd3cc0d91d,灰姑娘女孩,CD,其他找不到的可能在这里,2013.09.30 [N／A] THE iDOLM@STER CINDERELLA GIRLS コミックアンソロジーcute Vol.2 キュートなドラマCD,,2013,FLAC,,/00-偶像大师 ALL IN ONE/2-灰姑娘女孩/灰姑娘女孩CD/其他找不到的可能在这里/2013.09.30 [N／A] THE iDOLM@STER CINDERELLA GIRLS コミックアンソロジーcute Vol.2 キュートなドラマCD,,imas,永久,待分享,,7900
resource-ac1c09921dda,灰姑娘女孩,CD,其他找不到的可能在这里,2013.10.31 [N／A] THE iDOLM@STER CINDERELLA GIRLS コミックアンソロジーpassion Vol.2 パッションなドラマCD,,2013,FLAC,,/00-偶像大师 ALL IN ONE/2-灰姑娘女孩/灰姑娘女孩CD/其他找不到的可能在这里/2013.10.31 [N／A] THE iDOLM@STER CINDERELLA GIRLS コミックアンソロジーpassion Vol.2 パッションなドラマCD,,imas,永久,待分享,,7910
resource-51987b03f2cf,灰姑娘女孩,CD,其他找不到的可能在这里,2013.11.27 [IMCG-0003C] RADIO THE iDOLM@STER CINDERELLA GIRLS DERERADI HiBiKi EC SHOP! BONUS DISC デレラジ デートツアー in 箱根 ～後日談 CD～,,2013,FLAC,,/00-偶像大师 ALL IN ONE/2-灰姑娘女孩/灰姑娘女孩CD/其他找不到的可能在这里/2013.11.27 [IMCG-0003C] RADIO THE iDOLM@STER CINDERELLA GIRLS DERERADI HiBiKi EC SHOP! BONUS DISC デレラジ デートツアー in 箱根 ～後日談 CD～,,imas,永久,待分享,,7920
resource-322d409ba465,灰姑娘女孩,CD,其他找不到的可能在这里,2014.04.05 [BNGI-00120] THE iDOLM@STER CINDERELLA GIRLS WONDERFUL M@GIC SPECIALドラマCD,,2014,FLAC,,/00-偶像大师 ALL IN ONE/2-灰姑娘女孩/灰姑娘女孩CD/其他找不到的可能在这里/2014.04.05 [BNGI-00120] THE iDOLM@STER CINDERELLA GIRLS WONDERFUL M@GIC SPECIALドラマCD,,imas,永久,待分享,,7930
resource-507114c0d515,灰姑娘女孩,CD,其他找不到的可能在这里,2014.04.05 [SACX-1028] THE iDOLM@STER CINDERELLA GIRLS 1st LIVE WONDERFUL M@GIC!!,,2014,FLAC,,/00-偶像大师 ALL IN ONE/2-灰姑娘女孩/灰姑娘女孩CD/其他找不到的可能在这里/2014.04.05 [SACX-1028] THE iDOLM@STER CINDERELLA GIRLS 1st LIVE WONDERFUL M@GIC!!,,imas,永久,待分享,,7940
resource-256c76df7a80,灰姑娘女孩,CD,其他找不到的可能在这里,2014.08.15 [GES-15007] THE iDOLM@STER CINDERELLA GIRLS「Cool Summer Vacation!」スペシャルドラマCD,,2014,FLAC,,/00-偶像大师 ALL IN ONE/2-灰姑娘女孩/灰姑娘女孩CD/其他找不到的可能在这里/2014.08.15 [GES-15007] THE iDOLM@STER CINDERELLA GIRLS「Cool Summer Vacation!」スペシャルドラマCD,,imas,永久,待分享,,7950
resource-3437c79810e6,灰姑娘女孩,CD,其他找不到的可能在这里,2014.11.05 [ANZX-11512] THE iDOLM@STER CINDERELLA GIRLS -ANIMATION FIRST SET- 特典CD「お願い!シンデレラ -JAZZ Rearrange Mix-」,,2014,FLAC,,/00-偶像大师 ALL IN ONE/2-灰姑娘女孩/灰姑娘女孩CD/其他找不到的可能在这里/2014.11.05 [ANZX-11512] THE iDOLM@STER CINDERELLA GIRLS -ANIMATION FIRST SET- 特典CD「お願い!シンデレラ -JAZZ Rearrange Mix-」,,imas,永久,待分享,,7960
resource-dfa88632df9c,灰姑娘女孩,CD,其他找不到的可能在这里,2014.11.30 [BNGI-00006] THE iDOLM@STER CINDERELLA GIRLS 2ndLIVE PARTY M@GIC!! SPECIALドラマCD PARTY TIMEは終わらない,,2014,FLAC,,/00-偶像大师 ALL IN ONE/2-灰姑娘女孩/灰姑娘女孩CD/其他找不到的可能在这里/2014.11.30 [BNGI-00006] THE iDOLM@STER CINDERELLA GIRLS 2ndLIVE PARTY M@GIC!! SPECIALドラマCD PARTY TIMEは終わらない,,imas,永久,待分享,,7970
resource-72b9194c39b8,灰姑娘女孩,CD,其他找不到的可能在这里,2014.11.30 [SACX-1031] THE iDOLM@STER CINDERELLA GIRLS 2ndLIVE PARTY M@GIC!!,,2014,FLAC,,/00-偶像大师 ALL IN ONE/2-灰姑娘女孩/灰姑娘女孩CD/其他找不到的可能在这里/2014.11.30 [SACX-1031] THE iDOLM@STER CINDERELLA GIRLS 2ndLIVE PARTY M@GIC!!,,imas,永久,待分享,,7980
resource-52755feb90a6,灰姑娘女孩,CD,其他找不到的可能在这里,2014.12.28 [GES-15053] THE iDOLM@STER CINDERELLA GIRLS「Passion Winter Activity!」スペシャルドラマCD,,2014,FLAC,,/00-偶像大师 ALL IN ONE/2-灰姑娘女孩/灰姑娘女孩CD/其他找不到的可能在这里/2014.12.28 [GES-15053] THE iDOLM@STER CINDERELLA GIRLS「Passion Winter Activity!」スペシャルドラマCD,,imas,永久,待分享,,7990
resource-332c268fe9e6,灰姑娘女孩,CD,其他找不到的可能在这里,2015.04.23 [ANZX-11902] THE iDOLM@STER CINDERELLA GIRLS ボーカルCD「346Pro IDOL selection vol.1」,,2015,FLAC,,/00-偶像大师 ALL IN ONE/2-灰姑娘女孩/灰姑娘女孩CD/其他找不到的可能在这里/2015.04.23 [ANZX-11902] THE iDOLM@STER CINDERELLA GIRLS ボーカルCD「346Pro IDOL selection vol.1」,,imas,永久,待分享,,8000
resource-11d50360644a,灰姑娘女孩,CD,其他找不到的可能在这里,2015.06.25 [ANZX-11904] THE iDOLM@STER CINDERELLA GIRLS ドラマCD「What would you like to do？」,,2015,FLAC,,/00-偶像大师 ALL IN ONE/2-灰姑娘女孩/灰姑娘女孩CD/其他找不到的可能在这里/2015.06.25 [ANZX-11904] THE iDOLM@STER CINDERELLA GIRLS ドラマCD「What would you like to do？」,,imas,永久,待分享,,8010
resource-078758c50132,灰姑娘女孩,CD,其他找不到的可能在这里,2015.07.23 [ANZX-11906] THE iDOLM@STER CINDERELLA GIRLS ボーカルCD「346Pro IDOL selection vol.2」,,2015,FLAC,,/00-偶像大师 ALL IN ONE/2-灰姑娘女孩/灰姑娘女孩CD/其他找不到的可能在这里/2015.07.23 [ANZX-11906] THE iDOLM@STER CINDERELLA GIRLS ボーカルCD「346Pro IDOL selection vol.2」,,imas,永久,待分享,,8020
resource-908f919d03c1,灰姑娘女孩,CD,其他找不到的可能在这里,2015.08.02 [GES-15123] THE iDOLM@STER CINDERELLA GIRLS SUMMER FESTIV@L 2015 TOKYO LIVE MUSIC!! @リスアニLIVE 4 SPECIAL CD,,2015,FLAC,,/00-偶像大师 ALL IN ONE/2-灰姑娘女孩/灰姑娘女孩CD/其他找不到的可能在这里/2015.08.02 [GES-15123] THE iDOLM@STER CINDERELLA GIRLS SUMMER FESTIV@L 2015 TOKYO LIVE MUSIC!! @リスアニLIVE 4 SPECIAL CD,,imas,永久,待分享,,8030
resource-c11b17fcaba5,灰姑娘女孩,CD,其他找不到的可能在这里,2015.08.02 [SACX-1035~6] THE iDOLM@STER CINDERELLA GIRLS NO MAKE,,2015,FLAC,,/00-偶像大师 ALL IN ONE/2-灰姑娘女孩/灰姑娘女孩CD/其他找不到的可能在这里/2015.08.02 [SACX-1035~6] THE iDOLM@STER CINDERELLA GIRLS NO MAKE,,imas,永久,待分享,,8040
resource-a87dfc1b0cfd,灰姑娘女孩,CD,其他找不到的可能在这里,2015.08.23 [GES-15124] THE iDOLM@STER CINDERELLA GIRLS SUMMER FESTIV@L 2015 OSAKA LIVE MUSIC!! @リスアニLIVE 5 SPECIAL CD,,2015,FLAC,,/00-偶像大师 ALL IN ONE/2-灰姑娘女孩/灰姑娘女孩CD/其他找不到的可能在这里/2015.08.23 [GES-15124] THE iDOLM@STER CINDERELLA GIRLS SUMMER FESTIV@L 2015 OSAKA LIVE MUSIC!! @リスアニLIVE 5 SPECIAL CD,,imas,永久,待分享,,8050
resource-29c51b1dc5fd,灰姑娘女孩,CD,其他找不到的可能在这里,2015.08.27 [ANZX-11908] THE iDOLM@STER CINDERELLA GIRLS ドラマCD「Sometimes sweet become bittersweet」,,2015,FLAC,,/00-偶像大师 ALL IN ONE/2-灰姑娘女孩/灰姑娘女孩CD/其他找不到的可能在这里/2015.08.27 [ANZX-11908] THE iDOLM@STER CINDERELLA GIRLS ドラマCD「Sometimes sweet become bittersweet」,,imas,永久,待分享,,8060
resource-e9c23e5e9029,灰姑娘女孩,CD,其他找不到的可能在这里,2015.09.12 [GES-15138] THE iDOLM@STER CINDERELLA GIRLS サガン鳥栖 サポートソング「青空エール」,,2015,FLAC,,/00-偶像大师 ALL IN ONE/2-灰姑娘女孩/灰姑娘女孩CD/其他找不到的可能在这里/2015.09.12 [GES-15138] THE iDOLM@STER CINDERELLA GIRLS サガン鳥栖 サポートソング「青空エール」,,imas,永久,待分享,,8070
resource-a67ce18acb56,灰姑娘女孩,CD,其他找不到的可能在这里,2015.09.25 [ANZX-11910] THE iDOLM@STER CINDERELLA GIRLS ボーカルCD「346Pro IDOL selection vol.3」,,2015,FLAC,,/00-偶像大师 ALL IN ONE/2-灰姑娘女孩/灰姑娘女孩CD/其他找不到的可能在这里/2015.09.25 [ANZX-11910] THE iDOLM@STER CINDERELLA GIRLS ボーカルCD「346Pro IDOL selection vol.3」,,imas,永久,待分享,,8080
resource-f64d7bce454b,灰姑娘女孩,CD,其他找不到的可能在这里,2015.10.23 [PRCL-10096] THE iDOLM@STER CINDERELLA GIRLS ANIMATION PROJECT 打ち上げパーティ シンデレラの祝賀会,,2015,FLAC,,/00-偶像大师 ALL IN ONE/2-灰姑娘女孩/灰姑娘女孩CD/其他找不到的可能在这里/2015.10.23 [PRCL-10096] THE iDOLM@STER CINDERELLA GIRLS ANIMATION PROJECT 打ち上げパーティ シンデレラの祝賀会,,imas,永久,待分享,,8090
resource-dede236e8afa,灰姑娘女孩,CD,其他找不到的可能在这里,2015.11.26 [ANZX-11912] THE iDOLM@STER CINDERELLA GIRLS ドラマCD「Treasure of Exploration」,,2015,FLAC,,/00-偶像大师 ALL IN ONE/2-灰姑娘女孩/灰姑娘女孩CD/其他找不到的可能在这里/2015.11.26 [ANZX-11912] THE iDOLM@STER CINDERELLA GIRLS ドラマCD「Treasure of Exploration」,,imas,永久,待分享,,8100
resource-650b4e04cd7b,灰姑娘女孩,CD,其他找不到的可能在这里,2015.11.28 [SACX-1039] THE iDOLM@STER CINDERELLA GIRLS 3rdLIVE シンデレラの舞踏会 Power of Smile,,2015,FLAC,,/00-偶像大师 ALL IN ONE/2-灰姑娘女孩/灰姑娘女孩CD/其他找不到的可能在这里/2015.11.28 [SACX-1039] THE iDOLM@STER CINDERELLA GIRLS 3rdLIVE シンデレラの舞踏会 Power of Smile,,imas,永久,待分享,,8110
resource-683baf1d6c0c,灰姑娘女孩,CD,其他找不到的可能在这里,2015.12.23 [ANZX-11914] THE iDOLM@STER CINDERELLA GIRLS ボーカルCD「346Pro IDOL selection vol.4」,,2015,FLAC,,/00-偶像大师 ALL IN ONE/2-灰姑娘女孩/灰姑娘女孩CD/其他找不到的可能在这里/2015.12.23 [ANZX-11914] THE iDOLM@STER CINDERELLA GIRLS ボーカルCD「346Pro IDOL selection vol.4」,,imas,永久,待分享,,8120
resource-40e85c8f6c45,灰姑娘女孩,CD,其他找不到的可能在这里,2016.01.28 [ANZX-11916] THE iDOLM@STER CINDERELLA GIRLS ドラマCD「Challenges to change」,,2016,FLAC,,/00-偶像大师 ALL IN ONE/2-灰姑娘女孩/灰姑娘女孩CD/其他找不到的可能在这里/2016.01.28 [ANZX-11916] THE iDOLM@STER CINDERELLA GIRLS ドラマCD「Challenges to change」,,imas,永久,待分享,,8130
resource-74d308262ea9,灰姑娘女孩,CD,其他找不到的可能在这里,2016.02.25 [ANZX-11918] THE iDOLM@STER CINDERELLA GIRLS ボーカルCD「346Pro IDOL selection vol.5」,,2016,FLAC,,/00-偶像大师 ALL IN ONE/2-灰姑娘女孩/灰姑娘女孩CD/其他找不到的可能在这里/2016.02.25 [ANZX-11918] THE iDOLM@STER CINDERELLA GIRLS ボーカルCD「346Pro IDOL selection vol.5」,,imas,永久,待分享,,8140
resource-1d5ceb59964c,灰姑娘女孩,CD,其他找不到的可能在这里,2016.04.30 [CINDERELLA01] THE iDOLM@STER CINDERELLA GIRLS 一番くじオリジナルCD,,2016,FLAC,,/00-偶像大师 ALL IN ONE/2-灰姑娘女孩/灰姑娘女孩CD/其他找不到的可能在这里/2016.04.30 [CINDERELLA01] THE iDOLM@STER CINDERELLA GIRLS 一番くじオリジナルCD,,imas,永久,待分享,,8150
resource-63311e96f052,灰姑娘女孩,CD,其他找不到的可能在这里,2016.09.01 [GES-15276] THE iDOLM@STER CINDERELLA GIRLS WILD WIND GIRL 1 オリジナル CD,,2016,FLAC,,/00-偶像大师 ALL IN ONE/2-灰姑娘女孩/灰姑娘女孩CD/其他找不到的可能在这里/2016.09.01 [GES-15276] THE iDOLM@STER CINDERELLA GIRLS WILD WIND GIRL 1 オリジナル CD,,imas,永久,待分享,,8160
resource-092b6c18c986,灰姑娘女孩,CD,其他找不到的可能在这里,2016.09.02 [SACX-1040] THE iDOLM@STER CINDERELLA GIRLS 4thLIVE TriCastle Story Starlight Castle,,2016,FLAC,,/00-偶像大师 ALL IN ONE/2-灰姑娘女孩/灰姑娘女孩CD/其他找不到的可能在这里/2016.09.02 [SACX-1040] THE iDOLM@STER CINDERELLA GIRLS 4thLIVE TriCastle Story Starlight Castle,,imas,永久,待分享,,8170
resource-1e32aa13ab9e,灰姑娘女孩,CD,其他找不到的可能在这里,2016.10.14 [SACX-1041] THE iDOLM@STER CINDERELLA GIRLS 4thLIVE TriCastle Story Brand new Castle 絶対ピンクな小箱,,2016,FLAC,,/00-偶像大师 ALL IN ONE/2-灰姑娘女孩/灰姑娘女孩CD/其他找不到的可能在这里/2016.10.14 [SACX-1041] THE iDOLM@STER CINDERELLA GIRLS 4thLIVE TriCastle Story Brand new Castle 絶対ピンクな小箱,,imas,永久,待分享,,8180
resource-6cb755070b36,灰姑娘女孩,CD,其他找不到的可能在这里,2016.10.14 [SACX-1042~3] THE iDOLM@STER CINDERELLA GIRLS 4thLIVE TriCastle Story 346 Castle NO MAKE 2nd SEASON,,2016,FLAC,,/00-偶像大师 ALL IN ONE/2-灰姑娘女孩/灰姑娘女孩CD/其他找不到的可能在这里/2016.10.14 [SACX-1042~3] THE iDOLM@STER CINDERELLA GIRLS 4thLIVE TriCastle Story 346 Castle NO MAKE 2nd SEASON,,imas,永久,待分享,,8190
resource-0e3a7cf1b5dd,灰姑娘女孩,CD,其他找不到的可能在这里,2016.11.05 [CINDERELLA02] THE iDOLM@STER CINDERELLA GIRLS 一番くじオリジナルCD2,,2016,FLAC,,/00-偶像大师 ALL IN ONE/2-灰姑娘女孩/灰姑娘女孩CD/其他找不到的可能在这里/2016.11.05 [CINDERELLA02] THE iDOLM@STER CINDERELLA GIRLS 一番くじオリジナルCD2,,imas,永久,待分享,,8200
resource-d117cc79ffd5,灰姑娘女孩,CD,其他找不到的可能在这里,2016.12.03 [CINDERELLA03] THE iDOLM@STER CINDERELLA GIRLS 一番くじオリジナルCD3,,2016,FLAC,,/00-偶像大师 ALL IN ONE/2-灰姑娘女孩/灰姑娘女孩CD/其他找不到的可能在这里/2016.12.03 [CINDERELLA03] THE iDOLM@STER CINDERELLA GIRLS 一番くじオリジナルCD3,,imas,永久,待分享,,8210
resource-ef2da3cc043a,灰姑娘女孩,CD,其他找不到的可能在这里,2017.02.08 [GES-15299] THE iDOLM@STER CINDERELLA GIRLS WILD WIND GIRL 2 オリジナル CD,,2017,FLAC,,/00-偶像大师 ALL IN ONE/2-灰姑娘女孩/灰姑娘女孩CD/其他找不到的可能在这里/2017.02.08 [GES-15299] THE iDOLM@STER CINDERELLA GIRLS WILD WIND GIRL 2 オリジナル CD,,imas,永久,待分享,,8220
resource-fff89a9fc21a,灰姑娘女孩,CD,其他找不到的可能在这里,2017.05.24 [CIN-0004C] THE iDOLM@STER CINDERELLA GIRLS THEATER 1st SEASON I SPECIAL CD,,2017,FLAC,,/00-偶像大师 ALL IN ONE/2-灰姑娘女孩/灰姑娘女孩CD/其他找不到的可能在这里/2017.05.24 [CIN-0004C] THE iDOLM@STER CINDERELLA GIRLS THEATER 1st SEASON I SPECIAL CD,,imas,永久,待分享,,8230
resource-549b7f2d5f70,灰姑娘女孩,CD,其他找不到的可能在这里,2017.06.08 [GES-15322] THE iDOLM@STER CINDERELLA GIRLS WILD WIND GIRL 3 オリジナル CD,,2017,FLAC,,/00-偶像大师 ALL IN ONE/2-灰姑娘女孩/灰姑娘女孩CD/其他找不到的可能在这里/2017.06.08 [GES-15322] THE iDOLM@STER CINDERELLA GIRLS WILD WIND GIRL 3 オリジナル CD,,imas,永久,待分享,,8240
resource-1d0f671de6a6,灰姑娘女孩,CD,其他找不到的可能在这里,2017.07.26 [CIN-0006C] THE iDOLM@STER CINDERELLA GIRLS THEATER 1st SEASON III SPECIAL CD,,2017,FLAC,,/00-偶像大师 ALL IN ONE/2-灰姑娘女孩/灰姑娘女孩CD/其他找不到的可能在这里/2017.07.26 [CIN-0006C] THE iDOLM@STER CINDERELLA GIRLS THEATER 1st SEASON III SPECIAL CD,,imas,永久,待分享,,8250
resource-19a39cf5383d,灰姑娘女孩,CD,其他找不到的可能在这里,2017.07.28 [GES-15393] THE iDOLM@STER CINDERELLA GIRLS U149 1 オリジナル CD,,2017,FLAC,,/00-偶像大师 ALL IN ONE/2-灰姑娘女孩/灰姑娘女孩CD/其他找不到的可能在这里/2017.07.28 [GES-15393] THE iDOLM@STER CINDERELLA GIRLS U149 1 オリジナル CD,,imas,永久,待分享,,8260
resource-3d497ebf8b37,灰姑娘女孩,CD,其他找不到的可能在这里,2017.08.30 [PRCL-10134] THE iDOLM@STER CINDERELLA GIRLS 4thLIVE TriCastle Story SPECIAL LIVE ALBUM,,2017,FLAC,,/00-偶像大师 ALL IN ONE/2-灰姑娘女孩/灰姑娘女孩CD/其他找不到的可能在这里/2017.08.30 [PRCL-10134] THE iDOLM@STER CINDERELLA GIRLS 4thLIVE TriCastle Story SPECIAL LIVE ALBUM,,imas,永久,待分享,,8270
resource-8224385d9c8a,灰姑娘女孩,CD,其他找不到的可能在这里,2017.11.08 [GES-15421] THE iDOLM@STER CINDERELLA GIRLS WILD WIND GIRL 4 オリジナル CD,,2017,FLAC,,/00-偶像大师 ALL IN ONE/2-灰姑娘女孩/灰姑娘女孩CD/其他找不到的可能在这里/2017.11.08 [GES-15421] THE iDOLM@STER CINDERELLA GIRLS WILD WIND GIRL 4 オリジナル CD,,imas,永久,待分享,,8280
resource-0a5a4d6dc4c0,灰姑娘女孩,CD,其他找不到的可能在这里,2017.11.29 [CIN-0007C] THE iDOLM@STER CINDERELLA GIRLS THEATER 2nd SEASON I SPECIAL CD,,2017,FLAC,,/00-偶像大师 ALL IN ONE/2-灰姑娘女孩/灰姑娘女孩CD/其他找不到的可能在这里/2017.11.29 [CIN-0007C] THE iDOLM@STER CINDERELLA GIRLS THEATER 2nd SEASON I SPECIAL CD,,imas,永久,待分享,,8290
resource-d432149e84e9,灰姑娘女孩,CD,其他找不到的可能在这里,2017.12.22 [CIN-0008C] THE iDOLM@STER CINDERELLA GIRLS THEATER 2nd SEASON II SPECIAL CD,,2017,FLAC,,/00-偶像大师 ALL IN ONE/2-灰姑娘女孩/灰姑娘女孩CD/其他找不到的可能在这里/2017.12.22 [CIN-0008C] THE iDOLM@STER CINDERELLA GIRLS THEATER 2nd SEASON II SPECIAL CD,,imas,永久,待分享,,8300
resource-c1160c4dda46,灰姑娘女孩,CD,其他找不到的可能在这里,2018.01.24 [CIN-0009C] THE iDOLM@STER CINDERELLA GIRLS THEATER 2nd SEASON III SPECIAL CD,,2018,FLAC,,/00-偶像大师 ALL IN ONE/2-灰姑娘女孩/灰姑娘女孩CD/其他找不到的可能在这里/2018.01.24 [CIN-0009C] THE iDOLM@STER CINDERELLA GIRLS THEATER 2nd SEASON III SPECIAL CD,,imas,永久,待分享,,8310
resource-684d5159ca20,灰姑娘女孩,CD,其他找不到的可能在这里,2018.01.30 [GES-15429] THE iDOLM@STER CINDERELLA GIRLS U149 2 オリジナル CD,,2018,FLAC,,/00-偶像大师 ALL IN ONE/2-灰姑娘女孩/灰姑娘女孩CD/其他找不到的可能在这里/2018.01.30 [GES-15429] THE iDOLM@STER CINDERELLA GIRLS U149 2 オリジナル CD,,imas,永久,待分享,,8320
resource-5e0cc37d0092,灰姑娘女孩,CD,其他找不到的可能在这里,2018.03.03 [SACX-1051] THE iDOLM@STER CINDERELLA GIRLS THEATER SPRING FESTIVAL 2018,,2018,FLAC,,/00-偶像大师 ALL IN ONE/2-灰姑娘女孩/灰姑娘女孩CD/其他找不到的可能在这里/2018.03.03 [SACX-1051] THE iDOLM@STER CINDERELLA GIRLS THEATER SPRING FESTIVAL 2018,,imas,永久,待分享,,8330
resource-cfcce41d58f6,灰姑娘女孩,CD,其他找不到的可能在这里,2018.03.08 [GES-15438] THE iDOLM@STER CINDERELLA GIRLS WILD WIND GIRL 5 オリジナル CD,,2018,FLAC,,/00-偶像大师 ALL IN ONE/2-灰姑娘女孩/灰姑娘女孩CD/其他找不到的可能在这里/2018.03.08 [GES-15438] THE iDOLM@STER CINDERELLA GIRLS WILD WIND GIRL 5 オリジナル CD,,imas,永久,待分享,,8340
resource-c8bf02d53374,灰姑娘女孩,CD,其他找不到的可能在这里,2018.05.30 [GES-15457] THE iDOLM@STER CINDERELLA GIRLS U149 3 オリジナル CD,,2018,FLAC,,/00-偶像大师 ALL IN ONE/2-灰姑娘女孩/灰姑娘女孩CD/其他找不到的可能在这里/2018.05.30 [GES-15457] THE iDOLM@STER CINDERELLA GIRLS U149 3 オリジナル CD,,imas,永久,待分享,,8350
resource-19ab64ed17b7,灰姑娘女孩,CD,其他找不到的可能在这里,2018.06.27 [PRCL-10149] THE iDOLM@STER CINDERELLA GIRLS 5thLIVE TOUR Serendipity Parade!!! SPECIAL LIVE ALBUM Vol.1,,2018,FLAC,,/00-偶像大师 ALL IN ONE/2-灰姑娘女孩/灰姑娘女孩CD/其他找不到的可能在这里/2018.06.27 [PRCL-10149] THE iDOLM@STER CINDERELLA GIRLS 5thLIVE TOUR Serendipity Parade!!! SPECIAL LIVE ALBUM Vol.1,,imas,永久,待分享,,8360
resource-52f3309f724c,灰姑娘女孩,CD,其他找不到的可能在这里,2018.08.08 [PRCL-10150] THE iDOLM@STER CINDERELLA GIRLS 5thLIVE TOUR Serendipity Parade!!! SPECIAL LIVE ALBUM Vol.2,,2018,FLAC,,/00-偶像大师 ALL IN ONE/2-灰姑娘女孩/灰姑娘女孩CD/其他找不到的可能在这里/2018.08.08 [PRCL-10150] THE iDOLM@STER CINDERELLA GIRLS 5thLIVE TOUR Serendipity Parade!!! SPECIAL LIVE ALBUM Vol.2,,imas,永久,待分享,,8370
resource-f0eb54044b0d,灰姑娘女孩,CD,其他找不到的可能在这里,2018.08.24 [CIN-0010C] THE iDOLM@STER CINDERELLA GIRLS THEATER 3rd SEASON I SPECIAL CD,,2018,FLAC,,/00-偶像大师 ALL IN ONE/2-灰姑娘女孩/灰姑娘女孩CD/其他找不到的可能在这里/2018.08.24 [CIN-0010C] THE iDOLM@STER CINDERELLA GIRLS THEATER 3rd SEASON I SPECIAL CD,,imas,永久,待分享,,8380
resource-8778c0019020,灰姑娘女孩,CD,其他找不到的可能在这里,2018.08.29 [PRCL-10151] THE iDOLM@STER CINDERELLA GIRLS 5thLIVE TOUR Serendipity Parade!!! SPECIAL LIVE ALBUM Vol.3,,2018,FLAC,,/00-偶像大师 ALL IN ONE/2-灰姑娘女孩/灰姑娘女孩CD/其他找不到的可能在这里/2018.08.29 [PRCL-10151] THE iDOLM@STER CINDERELLA GIRLS 5thLIVE TOUR Serendipity Parade!!! SPECIAL LIVE ALBUM Vol.3,,imas,永久,待分享,,8390
resource-a31030c28f55,灰姑娘女孩,CD,其他找不到的可能在这里,2018.09.08 [SACX-1054] THE iDOLM@STER CINDERELLA GIRLS SS3A Live Sound Booth♪,,2018,FLAC,,/00-偶像大师 ALL IN ONE/2-灰姑娘女孩/灰姑娘女孩CD/其他找不到的可能在这里/2018.09.08 [SACX-1054] THE iDOLM@STER CINDERELLA GIRLS SS3A Live Sound Booth♪,,imas,永久,待分享,,8400
resource-8610e057c905,灰姑娘女孩,CD,其他找不到的可能在这里,2018.09.18 [GES-15479] THE iDOLM@STER CINDERELLA GIRLS スパイスパラダイス ～カレーメシ ver.～,,2018,FLAC,,/00-偶像大师 ALL IN ONE/2-灰姑娘女孩/灰姑娘女孩CD/其他找不到的可能在这里/2018.09.18 [GES-15479] THE iDOLM@STER CINDERELLA GIRLS スパイスパラダイス ～カレーメシ ver.～,,imas,永久,待分享,,8410
resource-e6bc13f02986,灰姑娘女孩,CD,其他找不到的可能在这里,2018.09.26 [CIN-0011C] THE iDOLM@STER CINDERELLA GIRLS THEATER 3rd SEASON II SPECIAL CD,,2018,FLAC,,/00-偶像大师 ALL IN ONE/2-灰姑娘女孩/灰姑娘女孩CD/其他找不到的可能在这里/2018.09.26 [CIN-0011C] THE iDOLM@STER CINDERELLA GIRLS THEATER 3rd SEASON II SPECIAL CD,,imas,永久,待分享,,8420
resource-5b2d152a59a1,灰姑娘女孩,CD,其他找不到的可能在这里,2018.10.24 [CIN-0012C] THE iDOLM@STER CINDERELLA GIRLS THEATER 3rd SEASON III SPECIAL CD,,2018,FLAC,,/00-偶像大师 ALL IN ONE/2-灰姑娘女孩/灰姑娘女孩CD/其他找不到的可能在这里/2018.10.24 [CIN-0012C] THE iDOLM@STER CINDERELLA GIRLS THEATER 3rd SEASON III SPECIAL CD,,imas,永久,待分享,,8430
resource-74c976b4ed26,灰姑娘女孩,CD,其他找不到的可能在这里,2018.10.31 [GES-15482] THE iDOLM@STER CINDERELLA GIRLS U149 4 オリジナル CD,,2018,FLAC,,/00-偶像大师 ALL IN ONE/2-灰姑娘女孩/灰姑娘女孩CD/其他找不到的可能在这里/2018.10.31 [GES-15482] THE iDOLM@STER CINDERELLA GIRLS U149 4 オリジナル CD,,imas,永久,待分享,,8440
resource-49dde0318e02,灰姑娘女孩,CD,其他找不到的可能在这里,2018.11.09 [SACX-1055] THE iDOLM@STER CINDERELLA GIRLS MERRY-GO-ROUNDOME!!! MASTER SEASONS SPRING! SOLO REMIX,,2018,FLAC,,/00-偶像大师 ALL IN ONE/2-灰姑娘女孩/灰姑娘女孩CD/其他找不到的可能在这里/2018.11.09 [SACX-1055] THE iDOLM@STER CINDERELLA GIRLS MERRY-GO-ROUNDOME!!! MASTER SEASONS SPRING! SOLO REMIX,,imas,永久,待分享,,8450
resource-4d848bf99065,灰姑娘女孩,CD,其他找不到的可能在这里,2018.11.09 [SACX-1056] THE iDOLM@STER CINDERELLA GIRLS MERRY-GO-ROUNDOME!!! MASTER SEASONS SUMMER! SOLO REMIX,,2018,FLAC,,/00-偶像大师 ALL IN ONE/2-灰姑娘女孩/灰姑娘女孩CD/其他找不到的可能在这里/2018.11.09 [SACX-1056] THE iDOLM@STER CINDERELLA GIRLS MERRY-GO-ROUNDOME!!! MASTER SEASONS SUMMER! SOLO REMIX,,imas,永久,待分享,,8460
resource-312b729c7825,灰姑娘女孩,CD,其他找不到的可能在这里,2018.11.30 [SACX-1057] THE iDOLM@STER CINDERELLA GIRLS MERRY-GO-ROUNDOME!!! MASTER SEASONS AUTUMN! SOLO REMIX,,2018,FLAC,,/00-偶像大师 ALL IN ONE/2-灰姑娘女孩/灰姑娘女孩CD/其他找不到的可能在这里/2018.11.30 [SACX-1057] THE iDOLM@STER CINDERELLA GIRLS MERRY-GO-ROUNDOME!!! MASTER SEASONS AUTUMN! SOLO REMIX,,imas,永久,待分享,,8470
resource-b2db0da56468,灰姑娘女孩,CD,其他找不到的可能在这里,2018.11.30 [SACX-1058] THE iDOLM@STER CINDERELLA GIRLS MERRY-GO-ROUNDOME!!! MASTER SEASONS WINTER! SOLO REMIX,,2018,FLAC,,/00-偶像大师 ALL IN ONE/2-灰姑娘女孩/灰姑娘女孩CD/其他找不到的可能在这里/2018.11.30 [SACX-1058] THE iDOLM@STER CINDERELLA GIRLS MERRY-GO-ROUNDOME!!! MASTER SEASONS WINTER! SOLO REMIX,,imas,永久,待分享,,8480
resource-0e6de77cba88,灰姑娘女孩,CD,其他找不到的可能在这里,2018.12.28 [GES-15497] THE iDOLM@STER CINDERELLA GIRLS After20 II オリジナルCD,,2018,FLAC,,/00-偶像大师 ALL IN ONE/2-灰姑娘女孩/灰姑娘女孩CD/其他找不到的可能在这里/2018.12.28 [GES-15497] THE iDOLM@STER CINDERELLA GIRLS After20 II オリジナルCD,,imas,永久,待分享,,8490
resource-190f4342f85c,灰姑娘女孩,CD,其他找不到的可能在这里,2019.03.08 [GES-15504] THE iDOLM@STER CINDERELLA GIRLS WILD WIND GIRL 6 オリジナル CD,,2019,FLAC,,/00-偶像大师 ALL IN ONE/2-灰姑娘女孩/灰姑娘女孩CD/其他找不到的可能在这里/2019.03.08 [GES-15504] THE iDOLM@STER CINDERELLA GIRLS WILD WIND GIRL 6 オリジナル CD,,imas,永久,待分享,,8500
resource-0f297a55b78a,灰姑娘女孩,CD,其他找不到的可能在这里,2019.04.24 [TDCL-92038] THE iDOLM@STER CINDERELLA GIRLS SS3A Live Sound Booth♪ SPECIAL LIVE ALBUM,,2019,FLAC,,/00-偶像大师 ALL IN ONE/2-灰姑娘女孩/灰姑娘女孩CD/其他找不到的可能在这里/2019.04.24 [TDCL-92038] THE iDOLM@STER CINDERELLA GIRLS SS3A Live Sound Booth♪ SPECIAL LIVE ALBUM,,imas,永久,待分享,,8510
resource-36c9763f01bc,灰姑娘女孩,CD,其他找不到的可能在这里,2019.05.30 [GES-15514] THE iDOLM@STER CINDERELLA GIRLS U149 5 オリジナル CD,,2019,FLAC,,/00-偶像大师 ALL IN ONE/2-灰姑娘女孩/灰姑娘女孩CD/其他找不到的可能在这里/2019.05.30 [GES-15514] THE iDOLM@STER CINDERELLA GIRLS U149 5 オリジナル CD,,imas,永久,待分享,,8520
resource-1a8df53f38b8,灰姑娘女孩,CD,其他找不到的可能在这里,2019.06.14 [GES-15510~2] THE iDOLM@STER CINDERELLA GIRLS STARLIGHT STAGE Original BGM Collection,,2019,FLAC,,/00-偶像大师 ALL IN ONE/2-灰姑娘女孩/灰姑娘女孩CD/其他找不到的可能在这里/2019.06.14 [GES-15510~2] THE iDOLM@STER CINDERELLA GIRLS STARLIGHT STAGE Original BGM Collection,,imas,永久,待分享,,8530
resource-c565a63cfcd1,灰姑娘女孩,CD,其他找不到的可能在这里,2019.06.26 [CIN-0014C] THE iDOLM@STER CINDERELLA GIRLS THEATER CLIMAX SEASON I SPECIAL CD,,2019,FLAC,,/00-偶像大师 ALL IN ONE/2-灰姑娘女孩/灰姑娘女孩CD/其他找不到的可能在这里/2019.06.26 [CIN-0014C] THE iDOLM@STER CINDERELLA GIRLS THEATER CLIMAX SEASON I SPECIAL CD,,imas,永久,待分享,,8540
resource-517f492fcb22,灰姑娘女孩,CD,其他找不到的可能在这里,2019.07.24 [CIN-0015C] THE iDOLM@STER CINDERELLA GIRLS THEATER CLIMAX SEASON II SPECIAL CD,,2019,FLAC,,/00-偶像大师 ALL IN ONE/2-灰姑娘女孩/灰姑娘女孩CD/其他找不到的可能在这里/2019.07.24 [CIN-0015C] THE iDOLM@STER CINDERELLA GIRLS THEATER CLIMAX SEASON II SPECIAL CD,,imas,永久,待分享,,8550
resource-3752cead0966,灰姑娘女孩,CD,其他找不到的可能在这里,2019.08.07 [PRCL-10173] THE iDOLM@STER CINDERELLA GIRLS 6th LIVE MERRY-GO-ROUNDOME!!! @METLIFE DOME SPECIAL LIVE ALBUM,,2019,FLAC,,/00-偶像大师 ALL IN ONE/2-灰姑娘女孩/灰姑娘女孩CD/其他找不到的可能在这里/2019.08.07 [PRCL-10173] THE iDOLM@STER CINDERELLA GIRLS 6th LIVE MERRY-GO-ROUNDOME!!! @METLIFE DOME SPECIAL LIVE ALBUM,,imas,永久,待分享,,8560
resource-4e539c846323,灰姑娘女孩,CD,其他找不到的可能在这里,2019.08.07 [PRCL-10174] THE iDOLM@STER CINDERELLA GIRLS 6th LIVE MERRY-GO-ROUNDOME!!! @NAGOYA DOME SPECIAL LIVE ALBUM,,2019,FLAC,,/00-偶像大师 ALL IN ONE/2-灰姑娘女孩/灰姑娘女孩CD/其他找不到的可能在这里/2019.08.07 [PRCL-10174] THE iDOLM@STER CINDERELLA GIRLS 6th LIVE MERRY-GO-ROUNDOME!!! @NAGOYA DOME SPECIAL LIVE ALBUM,,imas,永久,待分享,,8570
resource-28b5a968df94,灰姑娘女孩,CD,其他找不到的可能在这里,2019.08.23 [CIN-0016C] THE iDOLM@STER CINDERELLA GIRLS THEATER CLIMAX SEASON III SPECIAL CD,,2019,FLAC,,/00-偶像大师 ALL IN ONE/2-灰姑娘女孩/灰姑娘女孩CD/其他找不到的可能在这里/2019.08.23 [CIN-0016C] THE iDOLM@STER CINDERELLA GIRLS THEATER CLIMAX SEASON III SPECIAL CD,,imas,永久,待分享,,8580
resource-2506013f71ab,灰姑娘女孩,CD,其他找不到的可能在这里,2019.09.03 [SACX-1060] THE iDOLM@STER CINDERELLA GIRLS 7thLIVE TOUR Special 3chord♪ Comical Pops!,,2019,FLAC,,/00-偶像大师 ALL IN ONE/2-灰姑娘女孩/灰姑娘女孩CD/其他找不到的可能在这里/2019.09.03 [SACX-1060] THE iDOLM@STER CINDERELLA GIRLS 7thLIVE TOUR Special 3chord♪ Comical Pops!,,imas,永久,待分享,,8590
resource-dedf3420df9f,灰姑娘女孩,CD,其他找不到的可能在这里,2020.02.14 [SACX-1062] THE iDOLM@STER CINDERELLA GIRLS 7thLIVE TOUR Special 3chord♪ Glowing Rock!,,2020,FLAC,,/00-偶像大师 ALL IN ONE/2-灰姑娘女孩/灰姑娘女孩CD/其他找不到的可能在这里/2020.02.14 [SACX-1062] THE iDOLM@STER CINDERELLA GIRLS 7thLIVE TOUR Special 3chord♪ Glowing Rock!,,imas,永久,待分享,,8600
resource-c0b71eed6bc0,灰姑娘女孩,CD,其他找不到的可能在这里,2020.04.15 [PRCL-10191] THE iDOLM@STER CINDERELLA GIRLS 7thLIVE TOUR Special 3chord♪ Comical Pops! @MAKUHARI MESSE SPECIAL LIVE ALBUM,,2020,FLAC,,/00-偶像大师 ALL IN ONE/2-灰姑娘女孩/灰姑娘女孩CD/其他找不到的可能在这里/2020.04.15 [PRCL-10191] THE iDOLM@STER CINDERELLA GIRLS 7thLIVE TOUR Special 3chord♪ Comical Pops! @MAKUHARI MESSE SPECIAL LIVE ALBUM,,imas,永久,待分享,,8610
resource-f65b336b2096,灰姑娘女孩,CD,其他找不到的可能在这里,2020.04.30 [GES-15584] THE iDOLM@STER CINDERELLA GIRLS U149 6 オリジナル CD,,2020,FLAC,,/00-偶像大师 ALL IN ONE/2-灰姑娘女孩/灰姑娘女孩CD/其他找不到的可能在这里/2020.04.30 [GES-15584] THE iDOLM@STER CINDERELLA GIRLS U149 6 オリジナル CD,,imas,永久,待分享,,8620
resource-0a9916165d31,灰姑娘女孩,CD,其他找不到的可能在这里,2020.06.17 [PRCL-10194] THE iDOLM@STER CINDERELLA GIRLS 7thLIVE TOUR Special 3chord♪ Funky Dancing! @NAGOYA DOME SPECIAL LIVE ALBUM,,2020,FLAC,,/00-偶像大师 ALL IN ONE/2-灰姑娘女孩/灰姑娘女孩CD/其他找不到的可能在这里/2020.06.17 [PRCL-10194] THE iDOLM@STER CINDERELLA GIRLS 7thLIVE TOUR Special 3chord♪ Funky Dancing! @NAGOYA DOME SPECIAL LIVE ALBUM,,imas,永久,待分享,,8630
resource-06b71ed11dfa,灰姑娘女孩,CD,其他找不到的可能在这里,2020.08.12 [PRCL-10195] THE iDOLM@STER CINDERELLA GIRLS 7thLIVE TOUR Special 3chord♪ Glowing Rock! @KYOCERA DOME OSAKA SPECIAL LIVE ALBUM,,2020,FLAC,,/00-偶像大师 ALL IN ONE/2-灰姑娘女孩/灰姑娘女孩CD/其他找不到的可能在这里/2020.08.12 [PRCL-10195] THE iDOLM@STER CINDERELLA GIRLS 7thLIVE TOUR Special 3chord♪ Glowing Rock! @KYOCERA DOME OSAKA SPECIAL LIVE ALBUM,,imas,永久,待分享,,8640
resource-b5efad21644d,灰姑娘女孩,CD,其他找不到的可能在这里,2020.08.26 [CIN-9001CA] THE iDOLM@STER CINDERELLA GIRLS THEATER Blu-ray BOX SPECIAL CD,,2020,FLAC,,/00-偶像大师 ALL IN ONE/2-灰姑娘女孩/灰姑娘女孩CD/其他找不到的可能在这里/2020.08.26 [CIN-9001CA] THE iDOLM@STER CINDERELLA GIRLS THEATER Blu-ray BOX SPECIAL CD,,imas,永久,待分享,,8650
resource-c4f87d1e85de,灰姑娘女孩,CD,其他找不到的可能在这里,2020.08.26 [CIN-9001CR] THE iDOLM@STER CINDERELLA GIRLS THEATER Blu-ray BOX SPECIAL CD-ROM,,2020,FLAC,,/00-偶像大师 ALL IN ONE/2-灰姑娘女孩/灰姑娘女孩CD/其他找不到的可能在这里/2020.08.26 [CIN-9001CR] THE iDOLM@STER CINDERELLA GIRLS THEATER Blu-ray BOX SPECIAL CD-ROM,,imas,永久,待分享,,8660
resource-38f5dd4f82ea,灰姑娘女孩,CD,其他找不到的可能在这里,2020.09.01 [IMS-1003] THE iDOLM@STER CINDERELLA GIRLS × TAGO STUDIO High Resolution Music Special,,2020,FLAC,,/00-偶像大师 ALL IN ONE/2-灰姑娘女孩/灰姑娘女孩CD/其他找不到的可能在这里/2020.09.01 [IMS-1003] THE iDOLM@STER CINDERELLA GIRLS × TAGO STUDIO High Resolution Music Special,,imas,永久,待分享,,8670
resource-4a1a6dd6c742,灰姑娘女孩,CD,其他找不到的可能在这里,2020.10.07 [SACX-1066] THE iDOLM@STER CINDERELLA GIRLS Live Broadcast 24magic ～シンデレラたちの24時間生放送!～,,2020,FLAC,,/00-偶像大师 ALL IN ONE/2-灰姑娘女孩/灰姑娘女孩CD/其他找不到的可能在这里/2020.10.07 [SACX-1066] THE iDOLM@STER CINDERELLA GIRLS Live Broadcast 24magic ～シンデレラたちの24時間生放送!～,,imas,永久,待分享,,8680
resource-67c145e07de4,灰姑娘女孩,CD,其他找不到的可能在这里,2021.08.11 [PRCL-10203] THE iDOLM@STER CINDERELLA GIRLS Broadcast & LIVE Happy New Yell !!! SPECIAL LIVE ALBUM,,2021,FLAC,,/00-偶像大师 ALL IN ONE/2-灰姑娘女孩/灰姑娘女孩CD/其他找不到的可能在这里/2021.08.11 [PRCL-10203] THE iDOLM@STER CINDERELLA GIRLS Broadcast & LIVE Happy New Yell !!! SPECIAL LIVE ALBUM,,imas,永久,待分享,,8690
resource-5349d6e3c3c2,灰姑娘女孩,CD,其他找不到的可能在这里,2021.11.10 [SACX-1077~8] THE iDOLM@STER CINDERELLA GIRLS 10th ANNIVERSARY M@GICAL WONDERLAND TOUR!!! MerryMaerchen Land,,2021,FLAC,,/00-偶像大师 ALL IN ONE/2-灰姑娘女孩/灰姑娘女孩CD/其他找不到的可能在这里/2021.11.10 [SACX-1077~8] THE iDOLM@STER CINDERELLA GIRLS 10th ANNIVERSARY M@GICAL WONDERLAND TOUR!!! MerryMaerchen Land,,imas,永久,待分享,,8700
resource-02a45e72a5c2,灰姑娘女孩,CD,其他找不到的可能在这里,2021.12.22 [SACX-1079] THE iDOLM@STER CINDERELLA GIRLS 10th ANNIVERSARY M@GICAL WONDERLAND TOUR!!! Celebration Land,,2021,FLAC,,/00-偶像大师 ALL IN ONE/2-灰姑娘女孩/灰姑娘女孩CD/其他找不到的可能在这里/2021.12.22 [SACX-1079] THE iDOLM@STER CINDERELLA GIRLS 10th ANNIVERSARY M@GICAL WONDERLAND TOUR!!! Celebration Land,,imas,永久,待分享,,8710
resource-fc10f4208d64,灰姑娘女孩,CD,其他找不到的可能在这里,2022.01.19 [SACX-1080] THE iDOLM@STER CINDERELLA GIRLS 10th ANNIVERSARY M@GICAL WONDERLAND TOUR!!! CosmoStar Land,,2022,FLAC,,/00-偶像大师 ALL IN ONE/2-灰姑娘女孩/灰姑娘女孩CD/其他找不到的可能在这里/2022.01.19 [SACX-1080] THE iDOLM@STER CINDERELLA GIRLS 10th ANNIVERSARY M@GICAL WONDERLAND TOUR!!! CosmoStar Land,,imas,永久,待分享,,8720
resource-1173ae03aff0,灰姑娘女孩,CD,其他找不到的可能在这里,2022.02.16 [SACX-1081] THE iDOLM@STER CINDERELLA GIRLS 10th ANNIVERSARY M@GICAL WONDERLAND TOUR!!! Tropical Land,,2022,FLAC,,/00-偶像大师 ALL IN ONE/2-灰姑娘女孩/灰姑娘女孩CD/其他找不到的可能在这里/2022.02.16 [SACX-1081] THE iDOLM@STER CINDERELLA GIRLS 10th ANNIVERSARY M@GICAL WONDERLAND TOUR!!! Tropical Land,,imas,永久,待分享,,8730
resource-556119a2521a,灰姑娘女孩,CD,其他找不到的可能在这里,2022.02.16 [SACX-1081] THE iDOLM@STER CINDERELLA GIRLS 10th ANNIVERSARY M@GICAL WONDERLAND TOUR!!! Tropical Land(1),,2022,FLAC,,/00-偶像大师 ALL IN ONE/2-灰姑娘女孩/灰姑娘女孩CD/其他找不到的可能在这里/2022.02.16 [SACX-1081] THE iDOLM@STER CINDERELLA GIRLS 10th ANNIVERSARY M@GICAL WONDERLAND TOUR!!! Tropical Land(1),,imas,永久,待分享,,8740
resource-8d2d4a9c8813,灰姑娘女孩,CD,其他找不到的可能在这里,2022.04.02 [SACX-1082] THE iDOLM@STER CINDERELLA GIRLS TO D@NCE TO TOO!,,2022,FLAC,,/00-偶像大师 ALL IN ONE/2-灰姑娘女孩/灰姑娘女孩CD/其他找不到的可能在这里/2022.04.02 [SACX-1082] THE iDOLM@STER CINDERELLA GIRLS TO D@NCE TO TOO!,,imas,永久,待分享,,8750
resource-f11efaabda34,灰姑娘女孩,CD,其他找不到的可能在这里,2022.04.08 [GES-15964] THE iDOLM@STER CINDERELLA GIRLS U149 9 オリジナル CD,,2022,FLAC,,/00-偶像大师 ALL IN ONE/2-灰姑娘女孩/灰姑娘女孩CD/其他找不到的可能在这里/2022.04.08 [GES-15964] THE iDOLM@STER CINDERELLA GIRLS U149 9 オリジナル CD,,imas,永久,待分享,,8760
resource-4e452aa9b943,灰姑娘女孩,CD,其他找不到的可能在这里,2022.04.08 [GES-15968] THE iDOLM@STER CINDERELLA GIRLS U149 10 オリジナル CD,,2022,FLAC,,/00-偶像大师 ALL IN ONE/2-灰姑娘女孩/灰姑娘女孩CD/其他找不到的可能在这里/2022.04.08 [GES-15968] THE iDOLM@STER CINDERELLA GIRLS U149 10 オリジナル CD,,imas,永久,待分享,,8770
resource-f2819d8decfd,灰姑娘女孩,CD,其他找不到的可能在这里,2022.07.06 [PRCL-10212] THE iDOLM@STER CINDERELLA GIRLS 10th ANNIVERSARY M@GICAL WONDERLAND TOUR!!! MerryMaerchen Land SPECIAL LIVE ALBUM,,2022,FLAC,,/00-偶像大师 ALL IN ONE/2-灰姑娘女孩/灰姑娘女孩CD/其他找不到的可能在这里/2022.07.06 [PRCL-10212] THE iDOLM@STER CINDERELLA GIRLS 10th ANNIVERSARY M@GICAL WONDERLAND TOUR!!! MerryMaerchen Land SPECIAL LIVE ALBUM,,imas,永久,待分享,,8780
resource-b20c8b70db11,灰姑娘女孩,CD,其他找不到的可能在这里,2022.07.06 [PRCL-10213] THE iDOLM@STER CINDERELLA GIRLS 10th ANNIVERSARY M@GICAL WONDERLAND TOUR!!! Celebration Land SPECIAL LIVE ALBUM,,2022,FLAC,,/00-偶像大师 ALL IN ONE/2-灰姑娘女孩/灰姑娘女孩CD/其他找不到的可能在这里/2022.07.06 [PRCL-10213] THE iDOLM@STER CINDERELLA GIRLS 10th ANNIVERSARY M@GICAL WONDERLAND TOUR!!! Celebration Land SPECIAL LIVE ALBUM,,imas,永久,待分享,,8790
resource-063d45ec2dbd,灰姑娘女孩,CD,其他找不到的可能在这里,2022.09.03 [SACX-1085] THE iDOLM@STER CINDERELLA GIRLS LIKE4LIVE #cg_ootd,,2022,FLAC,,/00-偶像大师 ALL IN ONE/2-灰姑娘女孩/灰姑娘女孩CD/其他找不到的可能在这里/2022.09.03 [SACX-1085] THE iDOLM@STER CINDERELLA GIRLS LIKE4LIVE #cg_ootd,,imas,永久,待分享,,8800
resource-2067d5c6f272,灰姑娘女孩,CD,其他找不到的可能在这里,2022.10.12 [PRCL-10218] THE iDOLM@STER CINDERELLA GIRLS 10th ANNIVERSARY M@GICAL WONDERLAND TOUR!!! CosmoStar Land SPECIAL LIVE ALBUM,,2022,FLAC,,/00-偶像大师 ALL IN ONE/2-灰姑娘女孩/灰姑娘女孩CD/其他找不到的可能在这里/2022.10.12 [PRCL-10218] THE iDOLM@STER CINDERELLA GIRLS 10th ANNIVERSARY M@GICAL WONDERLAND TOUR!!! CosmoStar Land SPECIAL LIVE ALBUM,,imas,永久,待分享,,8810
resource-0a16fa16dafa,灰姑娘女孩,CD,其他找不到的可能在这里,2022.10.12 [PRCL-10219] THE iDOLM@STER CINDERELLA GIRLS 10th ANNIVERSARY M@GICAL WONDERLAND TOUR!!! Tropical Land SPECIAL LIVE ALBUM,,2022,FLAC,,/00-偶像大师 ALL IN ONE/2-灰姑娘女孩/灰姑娘女孩CD/其他找不到的可能在这里/2022.10.12 [PRCL-10219] THE iDOLM@STER CINDERELLA GIRLS 10th ANNIVERSARY M@GICAL WONDERLAND TOUR!!! Tropical Land SPECIAL LIVE ALBUM,,imas,永久,待分享,,8820
resource-846803061458,灰姑娘女孩,CD,其他找不到的可能在这里,2022.11.26 [SACX-1086] THE iDOLM@STER CINDERELLA GIRLS Twinkle LIVE Constellation Gradation,,2022,FLAC,,/00-偶像大师 ALL IN ONE/2-灰姑娘女孩/灰姑娘女孩CD/其他找不到的可能在这里/2022.11.26 [SACX-1086] THE iDOLM@STER CINDERELLA GIRLS Twinkle LIVE Constellation Gradation,,imas,永久,待分享,,8830
resource-96bac911d534,灰姑娘女孩,CD,其他找不到的可能在这里,2022.12.27 [PRCL-10222] THE iDOLM@STER CINDERELLA GIRLS 10th ANNIVERSARY M@GICAL WONDERLAND!!! SPECIAL LIVE ALBUM,,2022,FLAC,,/00-偶像大师 ALL IN ONE/2-灰姑娘女孩/灰姑娘女孩CD/其他找不到的可能在这里/2022.12.27 [PRCL-10222] THE iDOLM@STER CINDERELLA GIRLS 10th ANNIVERSARY M@GICAL WONDERLAND!!! SPECIAL LIVE ALBUM,,imas,永久,待分享,,8840
resource-66d8f5f4b105,灰姑娘女孩,CD,其他找不到的可能在这里,2023.04.19 [PRCL-10230] THE iDOLM@STER CINDERELLA GIRLS LIKE4LIVE #cg_ootd SPECIAL LIVE ALBUM,,2023,FLAC,,/00-偶像大师 ALL IN ONE/2-灰姑娘女孩/灰姑娘女孩CD/其他找不到的可能在这里/2023.04.19 [PRCL-10230] THE iDOLM@STER CINDERELLA GIRLS LIKE4LIVE #cg_ootd SPECIAL LIVE ALBUM,,imas,永久,待分享,,8850
resource-ffaca97f34e2,灰姑娘女孩,CD,其他找不到的可能在这里,2023.06.10 [SACX-1089] THE iDOLM@STER CINDERELLA GIRLS 燿城夜祭 -かがやきよまつり-,,2023,FLAC,,/00-偶像大师 ALL IN ONE/2-灰姑娘女孩/灰姑娘女孩CD/其他找不到的可能在这里/2023.06.10 [SACX-1089] THE iDOLM@STER CINDERELLA GIRLS 燿城夜祭 -かがやきよまつり-,,imas,永久,待分享,,8860
resource-4877034bcab3,灰姑娘女孩,CD,其他找不到的可能在这里,2023.08.30 [CYGX-00016] THE iDOLM@STER CINDERELLA GIRLS U149 Vol.2 Bonus CD,,2023,FLAC,,/00-偶像大师 ALL IN ONE/2-灰姑娘女孩/灰姑娘女孩CD/其他找不到的可能在这里/2023.08.30 [CYGX-00016] THE iDOLM@STER CINDERELLA GIRLS U149 Vol.2 Bonus CD,,imas,永久,待分享,,8870
resource-02d2476fc1a2,灰姑娘女孩,CD,其他,特别感谢 nemuri大佬的自购与整理（内附种子）,,,ZIP,,/00-偶像大师 ALL IN ONE/2-灰姑娘女孩/灰姑娘女孩CD/特别感谢 nemuri大佬的自购与整理（内附种子）.zip,,imas,永久,待分享,,8880
resource-276bd3a3a8a6,灰姑娘女孩,CD,Digital Media,202602 SOLO new albumart,,,FLAC,,/00-偶像大师 ALL IN ONE/2-灰姑娘女孩/灰姑娘女孩CD/Digital Media/202602 SOLO new albumart,https://pan.baidu.com/netdisk/share?surl=vwYZe7RctkI6vSVA6XhwVw&pwd=imas,imas,永久,可用,2026-07-16,8890
resource-b44896dfb298,灰姑娘女孩,CD,Digital Media,202605 シンデレラNo.1,,,FLAC,,/00-偶像大师 ALL IN ONE/2-灰姑娘女孩/灰姑娘女孩CD/Digital Media/202605 シンデレラNo.1,https://pan.baidu.com/netdisk/share?surl=vu3Fszzk6UoA1uLQr7LHoQ&pwd=imas,imas,永久,可用,2026-07-16,8900
resource-68327fa100ba,灰姑娘女孩,Hi-Res,CINDERELLA GIRLS ANIMATION PROJECT Hi-Res,[160330] ORIGINAL SOUNDTRACK [24bit_96kHz] (flac),,2016,ZIP Hi-Res,,/00-偶像大师 ALL IN ONE/2-灰姑娘女孩/Hi-Res/CINDERELLA GIRLS ANIMATION PROJECT Hi-Res/[160330] ORIGINAL SOUNDTRACK [24bit_96kHz] (flac).zip,,imas,永久,待分享,,8910
resource-28074872f3b2,灰姑娘女孩,Hi-Res,CINDERELLA GIRLS ANIMATION PROJECT Hi-Res,[170324] ANIMATION PROJECT 00 [24bit_96kHz] (flac),,2017,ZIP Hi-Res,,/00-偶像大师 ALL IN ONE/2-灰姑娘女孩/Hi-Res/CINDERELLA GIRLS ANIMATION PROJECT Hi-Res/[170324] ANIMATION PROJECT 00 [24bit_96kHz] (flac).zip,,imas,永久,待分享,,8920
resource-1184c9ab67e9,灰姑娘女孩,Hi-Res,CINDERELLA GIRLS ANIMATION PROJECT Hi-Res,[170324] ANIMATION PROJECT 01 [24bit_96kHz] (flac),,2017,ZIP Hi-Res,,/00-偶像大师 ALL IN ONE/2-灰姑娘女孩/Hi-Res/CINDERELLA GIRLS ANIMATION PROJECT Hi-Res/[170324] ANIMATION PROJECT 01 [24bit_96kHz] (flac).zip,,imas,永久,待分享,,8930
resource-75ff584441bd,灰姑娘女孩,Hi-Res,CINDERELLA GIRLS ANIMATION PROJECT Hi-Res,[170526] ANIMATION PROJECT 02 [24bit_96kHz] (flac),,2017,ZIP Hi-Res,,/00-偶像大师 ALL IN ONE/2-灰姑娘女孩/Hi-Res/CINDERELLA GIRLS ANIMATION PROJECT Hi-Res/[170526] ANIMATION PROJECT 02 [24bit_96kHz] (flac).zip,,imas,永久,待分享,,8940
resource-9e3ee4ad91f9,灰姑娘女孩,Hi-Res,CINDERELLA GIRLS ANIMATION PROJECT Hi-Res,[170623] ANIMATION PROJECT 03 [24bit_96kHz] (flac),,2017,ZIP Hi-Res,,/00-偶像大师 ALL IN ONE/2-灰姑娘女孩/Hi-Res/CINDERELLA GIRLS ANIMATION PROJECT Hi-Res/[170623] ANIMATION PROJECT 03 [24bit_96kHz] (flac).zip,,imas,永久,待分享,,8950
resource-62ded01444ab,灰姑娘女孩,Hi-Res,CINDERELLA GIRLS ANIMATION PROJECT Hi-Res,[170623] ANIMATION PROJECT 04 [24bit_96kHz] (flac),,2017,ZIP Hi-Res,,/00-偶像大师 ALL IN ONE/2-灰姑娘女孩/Hi-Res/CINDERELLA GIRLS ANIMATION PROJECT Hi-Res/[170623] ANIMATION PROJECT 04 [24bit_96kHz] (flac).zip,,imas,永久,待分享,,8960
resource-fa9e44e0ebe0,灰姑娘女孩,Hi-Res,CINDERELLA GIRLS ANIMATION PROJECT Hi-Res,[170728] ANIMATION PROJECT 05 [24bit_96kHz] (flac),,2017,ZIP Hi-Res,,/00-偶像大师 ALL IN ONE/2-灰姑娘女孩/Hi-Res/CINDERELLA GIRLS ANIMATION PROJECT Hi-Res/[170728] ANIMATION PROJECT 05 [24bit_96kHz] (flac).zip,,imas,永久,待分享,,8970
resource-50e18f51afbb,灰姑娘女孩,Hi-Res,CINDERELLA GIRLS ANIMATION PROJECT Hi-Res,[170728] ANIMATION PROJECT 06 [24bit_96kHz] (flac),,2017,ZIP Hi-Res,,/00-偶像大师 ALL IN ONE/2-灰姑娘女孩/Hi-Res/CINDERELLA GIRLS ANIMATION PROJECT Hi-Res/[170728] ANIMATION PROJECT 06 [24bit_96kHz] (flac).zip,,imas,永久,待分享,,8980
resource-c7dd5dc9da88,灰姑娘女孩,Hi-Res,CINDERELLA GIRLS ANIMATION PROJECT Hi-Res,[170825] ANIMATION PROJECT 07 [24bit_96kHz] (flac),,2017,ZIP Hi-Res,,/00-偶像大师 ALL IN ONE/2-灰姑娘女孩/Hi-Res/CINDERELLA GIRLS ANIMATION PROJECT Hi-Res/[170825] ANIMATION PROJECT 07 [24bit_96kHz] (flac).zip,,imas,永久,待分享,,8990
resource-d8d6e1b7a9b2,灰姑娘女孩,Hi-Res,CINDERELLA GIRLS ANIMATION PROJECT Hi-Res,[170825] ANIMATION PROJECT 08 [24bit_96kHz] (flac),,2017,ZIP Hi-Res,,/00-偶像大师 ALL IN ONE/2-灰姑娘女孩/Hi-Res/CINDERELLA GIRLS ANIMATION PROJECT Hi-Res/[170825] ANIMATION PROJECT 08 [24bit_96kHz] (flac).zip,,imas,永久,待分享,,9000
resource-79a30848e69c,灰姑娘女孩,Hi-Res,CINDERELLA GIRLS ANIMATION PROJECT Hi-Res,[170922] ANIMATION PROJECT 2nd Season 01 [24bit_96kHz] (flac),,2017,ZIP Hi-Res,,/00-偶像大师 ALL IN ONE/2-灰姑娘女孩/Hi-Res/CINDERELLA GIRLS ANIMATION PROJECT Hi-Res/[170922] ANIMATION PROJECT 2nd Season 01 [24bit_96kHz] (flac).zip,,imas,永久,待分享,,9010
resource-ad299fe7ae34,灰姑娘女孩,Hi-Res,CINDERELLA GIRLS ANIMATION PROJECT Hi-Res,[171027] ANIMATION PROJECT 2nd Season 02 [24bit_96kHz] (flac),,2017,ZIP Hi-Res,,/00-偶像大师 ALL IN ONE/2-灰姑娘女孩/Hi-Res/CINDERELLA GIRLS ANIMATION PROJECT Hi-Res/[171027] ANIMATION PROJECT 2nd Season 02 [24bit_96kHz] (flac).zip,,imas,永久,待分享,,9020
resource-b9ee9bd81367,灰姑娘女孩,Hi-Res,CINDERELLA GIRLS ANIMATION PROJECT Hi-Res,[171124] ANIMATION PROJECT 2nd Season 03 [24bit_96kHz] (flac),,2017,ZIP Hi-Res,,/00-偶像大师 ALL IN ONE/2-灰姑娘女孩/Hi-Res/CINDERELLA GIRLS ANIMATION PROJECT Hi-Res/[171124] ANIMATION PROJECT 2nd Season 03 [24bit_96kHz] (flac).zip,,imas,永久,待分享,,9030
resource-05043b7152d1,灰姑娘女孩,Hi-Res,CINDERELLA GIRLS ANIMATION PROJECT Hi-Res,[171222] ANIMATION PROJECT 2nd Season 04 [24bit_96kHz] (flac),,2017,ZIP Hi-Res,,/00-偶像大师 ALL IN ONE/2-灰姑娘女孩/Hi-Res/CINDERELLA GIRLS ANIMATION PROJECT Hi-Res/[171222] ANIMATION PROJECT 2nd Season 04 [24bit_96kHz] (flac).zip,,imas,永久,待分享,,9040
resource-079bd25e6cee,灰姑娘女孩,Hi-Res,CINDERELLA GIRLS ANIMATION PROJECT Hi-Res,[180126] ANIMATION PROJECT 2nd Season 05 [24bit_96kHz] (flac),,2018,ZIP Hi-Res,,/00-偶像大师 ALL IN ONE/2-灰姑娘女孩/Hi-Res/CINDERELLA GIRLS ANIMATION PROJECT Hi-Res/[180126] ANIMATION PROJECT 2nd Season 05 [24bit_96kHz] (flac).zip,,imas,永久,待分享,,9050
resource-03fc2aafd6bc,灰姑娘女孩,Hi-Res,CINDERELLA GIRLS ANIMATION PROJECT Hi-Res,[180223] ANIMATION PROJECT 2nd Season 06 [24bit_96kHz] (flac),,2018,ZIP Hi-Res,,/00-偶像大师 ALL IN ONE/2-灰姑娘女孩/Hi-Res/CINDERELLA GIRLS ANIMATION PROJECT Hi-Res/[180223] ANIMATION PROJECT 2nd Season 06 [24bit_96kHz] (flac).zip,,imas,永久,待分享,,9060
resource-beb967181f4a,灰姑娘女孩,Hi-Res,CINDERELLA GIRLS ANIMATION PROJECT Hi-Res,[180323] ANIMATION PROJECT 2nd Season 07 [24bit_96kHz] (flac),,2018,ZIP Hi-Res,,/00-偶像大师 ALL IN ONE/2-灰姑娘女孩/Hi-Res/CINDERELLA GIRLS ANIMATION PROJECT Hi-Res/[180323] ANIMATION PROJECT 2nd Season 07 [24bit_96kHz] (flac).zip,,imas,永久,待分享,,9070
resource-97626c481da7,灰姑娘女孩,Hi-Res,CINDERELLA GIRLS jewelries! Hi-Res,[170908] Cool jewelries! 001 [24bit_96kHz] (flac),,2017,ZIP Hi-Res,,/00-偶像大师 ALL IN ONE/2-灰姑娘女孩/Hi-Res/CINDERELLA GIRLS jewelries! Hi-Res/[170908] Cool jewelries! 001 [24bit_96kHz] (flac).zip,,imas,永久,待分享,,9080
resource-3e8dd924a5d0,灰姑娘女孩,Hi-Res,CINDERELLA GIRLS jewelries! Hi-Res,[170908] Cute jewelries! 001 [24bit_96kHz] (flac),,2017,ZIP Hi-Res,,/00-偶像大师 ALL IN ONE/2-灰姑娘女孩/Hi-Res/CINDERELLA GIRLS jewelries! Hi-Res/[170908] Cute jewelries! 001 [24bit_96kHz] (flac).zip,,imas,永久,待分享,,9090
resource-a3bfde71d329,灰姑娘女孩,Hi-Res,CINDERELLA GIRLS jewelries! Hi-Res,[170908] Passion jewelries! 001 [24bit_96kHz] (flac),,2017,ZIP Hi-Res,,/00-偶像大师 ALL IN ONE/2-灰姑娘女孩/Hi-Res/CINDERELLA GIRLS jewelries! Hi-Res/[170908] Passion jewelries! 001 [24bit_96kHz] (flac).zip,,imas,永久,待分享,,9100
resource-828fa13fd176,灰姑娘女孩,Hi-Res,CINDERELLA GIRLS jewelries! Hi-Res,[180511] Cool jewelries! 002 [24bit_96kHz] (flac),,2018,ZIP Hi-Res,,/00-偶像大师 ALL IN ONE/2-灰姑娘女孩/Hi-Res/CINDERELLA GIRLS jewelries! Hi-Res/[180511] Cool jewelries! 002 [24bit_96kHz] (flac).zip,,imas,永久,待分享,,9110
resource-886c5d23400d,灰姑娘女孩,Hi-Res,CINDERELLA GIRLS jewelries! Hi-Res,[180511] Cute jewelries! 002 [24bit_96kHz] (flac),,2018,ZIP Hi-Res,,/00-偶像大师 ALL IN ONE/2-灰姑娘女孩/Hi-Res/CINDERELLA GIRLS jewelries! Hi-Res/[180511] Cute jewelries! 002 [24bit_96kHz] (flac).zip,,imas,永久,待分享,,9120
resource-727c62fd37cf,灰姑娘女孩,Hi-Res,CINDERELLA GIRLS jewelries! Hi-Res,[180511] Passion jewelries! 002 [24bit_96kHz] (flac),,2018,ZIP Hi-Res,,/00-偶像大师 ALL IN ONE/2-灰姑娘女孩/Hi-Res/CINDERELLA GIRLS jewelries! Hi-Res/[180511] Passion jewelries! 002 [24bit_96kHz] (flac).zip,,imas,永久,待分享,,9130
resource-3cb0f1b2e934,灰姑娘女孩,Hi-Res,CINDERELLA GIRLS jewelries! Hi-Res,[190111] Cool jewelries! 003 [24bit_96kHz] (flac),,2019,ZIP Hi-Res,,/00-偶像大师 ALL IN ONE/2-灰姑娘女孩/Hi-Res/CINDERELLA GIRLS jewelries! Hi-Res/[190111] Cool jewelries! 003 [24bit_96kHz] (flac).zip,,imas,永久,待分享,,9140
resource-231e2c1374d5,灰姑娘女孩,Hi-Res,CINDERELLA GIRLS jewelries! Hi-Res,[190111] Cute jewelries! 003 [24bit_96kHz] (flac),,2019,ZIP Hi-Res,,/00-偶像大师 ALL IN ONE/2-灰姑娘女孩/Hi-Res/CINDERELLA GIRLS jewelries! Hi-Res/[190111] Cute jewelries! 003 [24bit_96kHz] (flac).zip,,imas,永久,待分享,,9150
resource-c8971ddc4cb4,灰姑娘女孩,Hi-Res,CINDERELLA GIRLS jewelries! Hi-Res,[190111] Passion jewelries! 003 [24bit_96kHz] (flac),,2019,ZIP Hi-Res,,/00-偶像大师 ALL IN ONE/2-灰姑娘女孩/Hi-Res/CINDERELLA GIRLS jewelries! Hi-Res/[190111] Passion jewelries! 003 [24bit_96kHz] (flac).zip,,imas,永久,待分享,,9160
resource-8d757818d50c,灰姑娘女孩,Hi-Res,CINDERELLA MASTER Character Song Hi-Res,[170310] 001 ｢Never say never｣／渋谷凛 [24bit_96kHz] (flac),,2017,ZIP Hi-Res,,/00-偶像大师 ALL IN ONE/2-灰姑娘女孩/Hi-Res/CINDERELLA MASTER Character Song Hi-Res/[170310] 001 ｢Never say never｣／渋谷凛 [24bit_96kHz] (flac).zip,,imas,永久,待分享,,9170
resource-61f67403cbbd,灰姑娘女孩,Hi-Res,CINDERELLA MASTER Character Song Hi-Res,[170310] 002 ｢あんずのうた｣／双葉杏 [24bit_96kHz] (flac),,2017,ZIP Hi-Res,,/00-偶像大师 ALL IN ONE/2-灰姑娘女孩/Hi-Res/CINDERELLA MASTER Character Song Hi-Res/[170310] 002 ｢あんずのうた｣／双葉杏 [24bit_96kHz] (flac).zip,,imas,永久,待分享,,9180
resource-d0d9a5f6e64e,灰姑娘女孩,Hi-Res,CINDERELLA MASTER Character Song Hi-Res,[170310] 003 ｢ショコラ・ティアラ｣／三村かな子 [24bit_96kHz] (flac),,2017,ZIP Hi-Res,,/00-偶像大师 ALL IN ONE/2-灰姑娘女孩/Hi-Res/CINDERELLA MASTER Character Song Hi-Res/[170310] 003 ｢ショコラ・ティアラ｣／三村かな子 [24bit_96kHz] (flac).zip,,imas,永久,待分享,,9190
resource-9672465cf21f,灰姑娘女孩,Hi-Res,CINDERELLA MASTER Character Song Hi-Res,[170414] 004 ｢こいかぜ｣／高垣楓 [24bit_96kHz] (flac),,2017,ZIP Hi-Res,,/00-偶像大师 ALL IN ONE/2-灰姑娘女孩/Hi-Res/CINDERELLA MASTER Character Song Hi-Res/[170414] 004 ｢こいかぜ｣／高垣楓 [24bit_96kHz] (flac).zip,,imas,永久,待分享,,9200
resource-9d4ab314efc0,灰姑娘女孩,Hi-Res,CINDERELLA MASTER Character Song Hi-Res,[170414] 005 ｢DOKIDOKIリズム｣／城ヶ崎莉嘉 [24bit_96kHz] (flac),,2017,ZIP Hi-Res,,/00-偶像大师 ALL IN ONE/2-灰姑娘女孩/Hi-Res/CINDERELLA MASTER Character Song Hi-Res/[170414] 005 ｢DOKIDOKIリズム｣／城ヶ崎莉嘉 [24bit_96kHz] (flac).zip,,imas,永久,待分享,,9210
resource-af000e2848dc,灰姑娘女孩,Hi-Res,CINDERELLA MASTER Character Song Hi-Res,[170414] 006 ｢華蕾夢ミル狂詩曲 ~魂ノ導~｣／神崎蘭子 [24bit_96kHz] (flac),,2017,ZIP Hi-Res,,/00-偶像大师 ALL IN ONE/2-灰姑娘女孩/Hi-Res/CINDERELLA MASTER Character Song Hi-Res/[170414] 006 ｢華蕾夢ミル狂詩曲 ~魂ノ導~｣／神崎蘭子 [24bit_96kHz] (flac).zip,,imas,永久,待分享,,9220
resource-189ab93f97a0,灰姑娘女孩,Hi-Res,CINDERELLA MASTER Character Song Hi-Res,[170512] 007 ｢おねだり Shall We ~？｣／前川みく [24bit_96kHz] (flac),,2017,ZIP Hi-Res,,/00-偶像大师 ALL IN ONE/2-灰姑娘女孩/Hi-Res/CINDERELLA MASTER Character Song Hi-Res/[170512] 007 ｢おねだり Shall We ~？｣／前川みく [24bit_96kHz] (flac).zip,,imas,永久,待分享,,9230
resource-13868d6e2cb8,灰姑娘女孩,Hi-Res,CINDERELLA MASTER Character Song Hi-Res,[170512] 008 ｢ましゅまろ☆キッス｣／諸星きらり [24bit_96kHz] (flac),,2017,ZIP Hi-Res,,/00-偶像大师 ALL IN ONE/2-灰姑娘女孩/Hi-Res/CINDERELLA MASTER Character Song Hi-Res/[170512] 008 ｢ましゅまろ☆キッス｣／諸星きらり [24bit_96kHz] (flac).zip,,imas,永久,待分享,,9240
resource-3814bb5bea41,灰姑娘女孩,Hi-Res,CINDERELLA MASTER Character Song Hi-Res,[170512] 009 ｢TOKIMEKIエスカレート｣／城ヶ崎美嘉 [24bit_96kHz] (flac),,2017,ZIP Hi-Res,,/00-偶像大师 ALL IN ONE/2-灰姑娘女孩/Hi-Res/CINDERELLA MASTER Character Song Hi-Res/[170512] 009 ｢TOKIMEKIエスカレート｣／城ヶ崎美嘉 [24bit_96kHz] (flac).zip,,imas,永久,待分享,,9250
resource-61fcd655e822,灰姑娘女孩,Hi-Res,CINDERELLA MASTER Character Song Hi-Res,[170609] 010 ｢S(mile)ING!｣／島村卯月 [24bit_96kHz] (flac),,2017,ZIP Hi-Res,,/00-偶像大师 ALL IN ONE/2-灰姑娘女孩/Hi-Res/CINDERELLA MASTER Character Song Hi-Res/[170609] 010 ｢S(mile)ING!｣／島村卯月 [24bit_96kHz] (flac).zip,,imas,永久,待分享,,9260
resource-bf83a83dea3c,灰姑娘女孩,Hi-Res,CINDERELLA MASTER Character Song Hi-Res,[170609] 011 ｢Naked Romance｣／小日向美穂 [24bit_96kHz] (flac),,2017,ZIP Hi-Res,,/00-偶像大师 ALL IN ONE/2-灰姑娘女孩/Hi-Res/CINDERELLA MASTER Character Song Hi-Res/[170609] 011 ｢Naked Romance｣／小日向美穂 [24bit_96kHz] (flac).zip,,imas,永久,待分享,,9270
resource-710a1c835e1d,灰姑娘女孩,Hi-Res,CINDERELLA MASTER Character Song Hi-Res,[170609] 012 ｢Twilight Sky｣／多田李衣菜 [24bit_96kHz] (flac),,2017,ZIP Hi-Res,,/00-偶像大师 ALL IN ONE/2-灰姑娘女孩/Hi-Res/CINDERELLA MASTER Character Song Hi-Res/[170609] 012 ｢Twilight Sky｣／多田李衣菜 [24bit_96kHz] (flac).zip,,imas,永久,待分享,,9280
resource-fe0491d2ccc4,灰姑娘女孩,Hi-Res,CINDERELLA MASTER Character Song Hi-Res,[170714] 013 ｢アップルパイ・プリンセス｣／十時愛梨 [24bit_96kHz] (flac),,2017,ZIP Hi-Res,,/00-偶像大师 ALL IN ONE/2-灰姑娘女孩/Hi-Res/CINDERELLA MASTER Character Song Hi-Res/[170714] 013 ｢アップルパイ・プリンセス｣／十時愛梨 [24bit_96kHz] (flac).zip,,imas,永久,待分享,,9290
resource-890a59bbc5d8,灰姑娘女孩,Hi-Res,CINDERELLA MASTER Character Song Hi-Res,[170714] 014 ｢Angel Breeze｣／川島瑞樹 [24bit_96kHz] (flac),,2017,ZIP Hi-Res,,/00-偶像大师 ALL IN ONE/2-灰姑娘女孩/Hi-Res/CINDERELLA MASTER Character Song Hi-Res/[170714] 014 ｢Angel Breeze｣／川島瑞樹 [24bit_96kHz] (flac).zip,,imas,永久,待分享,,9300
resource-d52bda38f695,灰姑娘女孩,Hi-Res,CINDERELLA MASTER Character Song Hi-Res,[170714] 015 ｢ミツボシ☆☆★｣／本田未央 [24bit_96kHz] (flac),,2017,ZIP Hi-Res,,/00-偶像大师 ALL IN ONE/2-灰姑娘女孩/Hi-Res/CINDERELLA MASTER Character Song Hi-Res/[170714] 015 ｢ミツボシ☆☆★｣／本田未央 [24bit_96kHz] (flac).zip,,imas,永久,待分享,,9310
resource-dfc2caf1fc0f,灰姑娘女孩,Hi-Res,CINDERELLA MASTER Character Song Hi-Res,[171013] 016 ｢熱血乙女A｣／日野茜 [24bit_96kHz] (flac),,2017,ZIP Hi-Res,,/00-偶像大师 ALL IN ONE/2-灰姑娘女孩/Hi-Res/CINDERELLA MASTER Character Song Hi-Res/[171013] 016 ｢熱血乙女A｣／日野茜 [24bit_96kHz] (flac).zip,,imas,永久,待分享,,9320
resource-0a9fa5865f41,灰姑娘女孩,Hi-Res,CINDERELLA MASTER Character Song Hi-Res,[171013] 017 ｢Romantic Now｣／赤城みりあ [24bit_96kHz] (flac),,2017,ZIP Hi-Res,,/00-偶像大师 ALL IN ONE/2-灰姑娘女孩/Hi-Res/CINDERELLA MASTER Character Song Hi-Res/[171013] 017 ｢Romantic Now｣／赤城みりあ [24bit_96kHz] (flac).zip,,imas,永久,待分享,,9330
resource-363d6f53de53,灰姑娘女孩,Hi-Res,CINDERELLA MASTER Character Song Hi-Res,[171110] 018 ｢メルヘンデビュー!｣／安部菜々 [24bit_96kHz] (flac),,2017,ZIP Hi-Res,,/00-偶像大师 ALL IN ONE/2-灰姑娘女孩/Hi-Res/CINDERELLA MASTER Character Song Hi-Res/[171110] 018 ｢メルヘンデビュー!｣／安部菜々 [24bit_96kHz] (flac).zip,,imas,永久,待分享,,9340
resource-787b9a5cff2d,灰姑娘女孩,Hi-Res,CINDERELLA MASTER Character Song Hi-Res,[171110] 019 ｢ヴィーナスシンドローム｣／新田美波 [24bit_96kHz] (flac),,2017,ZIP Hi-Res,,/00-偶像大师 ALL IN ONE/2-灰姑娘女孩/Hi-Res/CINDERELLA MASTER Character Song Hi-Res/[171110] 019 ｢ヴィーナスシンドローム｣／新田美波 [24bit_96kHz] (flac).zip,,imas,永久,待分享,,9350
resource-0376ab192083,灰姑娘女孩,Hi-Res,CINDERELLA MASTER Character Song Hi-Res,[171110] 020 ｢To my darling...｣／輿水幸子 [24bit_96kHz] (flac),,2017,ZIP Hi-Res,,/00-偶像大师 ALL IN ONE/2-灰姑娘女孩/Hi-Res/CINDERELLA MASTER Character Song Hi-Res/[171110] 020 ｢To my darling...｣／輿水幸子 [24bit_96kHz] (flac).zip,,imas,永久,待分享,,9360
resource-f40db47ea565,灰姑娘女孩,Hi-Res,CINDERELLA MASTER Character Song Hi-Res,[171208] 021 ｢エヴリデイドリーム｣／佐久間まゆ [24bit_96kHz] (flac),,2017,ZIP Hi-Res,,/00-偶像大师 ALL IN ONE/2-灰姑娘女孩/Hi-Res/CINDERELLA MASTER Character Song Hi-Res/[171208] 021 ｢エヴリデイドリーム｣／佐久間まゆ [24bit_96kHz] (flac).zip,,imas,永久,待分享,,9370
resource-d557b2eeb9f3,灰姑娘女孩,Hi-Res,CINDERELLA MASTER Character Song Hi-Res,[171208] 022 ｢小さな恋の密室事件｣／白坂小梅 [24bit_96kHz] (flac),,2017,ZIP Hi-Res,,/00-偶像大师 ALL IN ONE/2-灰姑娘女孩/Hi-Res/CINDERELLA MASTER Character Song Hi-Res/[171208] 022 ｢小さな恋の密室事件｣／白坂小梅 [24bit_96kHz] (flac).zip,,imas,永久,待分享,,9380
resource-5dfb209bec68,灰姑娘女孩,Hi-Res,CINDERELLA MASTER Character Song Hi-Res,[180112] 023 ｢風色メロディ｣／緒方智絵里 [24bit_96kHz] (flac),,2018,ZIP Hi-Res,,/00-偶像大师 ALL IN ONE/2-灰姑娘女孩/Hi-Res/CINDERELLA MASTER Character Song Hi-Res/[180112] 023 ｢風色メロディ｣／緒方智絵里 [24bit_96kHz] (flac).zip,,imas,永久,待分享,,9390
resource-3cecd07a1f73,灰姑娘女孩,Hi-Res,CINDERELLA MASTER Character Song Hi-Res,[180112] 024 ｢You're stars shine on me｣／アナスタシア [24bit_96kHz] (flac),,2018,ZIP Hi-Res,,/00-偶像大师 ALL IN ONE/2-灰姑娘女孩/Hi-Res/CINDERELLA MASTER Character Song Hi-Res/[180112] 024 ｢You're stars shine on me｣／アナスタシア [24bit_96kHz] (flac).zip,,imas,永久,待分享,,9400
resource-22d3e6033661,灰姑娘女孩,Hi-Res,CINDERELLA MASTER Character Song Hi-Res,[180112] 025 ｢お散歩カメラ｣／高森藍子 [24bit_96kHz] (flac),,2018,ZIP Hi-Res,,/00-偶像大师 ALL IN ONE/2-灰姑娘女孩/Hi-Res/CINDERELLA MASTER Character Song Hi-Res/[180112] 025 ｢お散歩カメラ｣／高森藍子 [24bit_96kHz] (flac).zip,,imas,永久,待分享,,9410
resource-ca7f3b5996f3,灰姑娘女孩,Hi-Res,CINDERELLA MASTER Character Song Hi-Res,[180209] 026 ｢毒茸伝説｣／星輝子 [24bit_96kHz] (flac),,2018,ZIP Hi-Res,,/00-偶像大师 ALL IN ONE/2-灰姑娘女孩/Hi-Res/CINDERELLA MASTER Character Song Hi-Res/[180209] 026 ｢毒茸伝説｣／星輝子 [24bit_96kHz] (flac).zip,,imas,永久,待分享,,9420
resource-b97ff3099a1d,灰姑娘女孩,Hi-Res,CINDERELLA MASTER Character Song Hi-Res,[180209] 027 ｢2nd SIDE｣／神谷奈緒 [24bit_96kHz] (flac),,2018,ZIP Hi-Res,,/00-偶像大师 ALL IN ONE/2-灰姑娘女孩/Hi-Res/CINDERELLA MASTER Character Song Hi-Res/[180209] 027 ｢2nd SIDE｣／神谷奈緒 [24bit_96kHz] (flac).zip,,imas,永久,待分享,,9430
resource-21d07ec3f488,灰姑娘女孩,Hi-Res,CINDERELLA MASTER Character Song Hi-Res,[180309] 028 ｢薄荷 -ハッカ｣／北条加蓮 [24bit_96kHz] (flac),,2018,ZIP Hi-Res,,/00-偶像大师 ALL IN ONE/2-灰姑娘女孩/Hi-Res/CINDERELLA MASTER Character Song Hi-Res/[180309] 028 ｢薄荷 -ハッカ｣／北条加蓮 [24bit_96kHz] (flac).zip,,imas,永久,待分享,,9440
resource-259dced6b9ca,灰姑娘女孩,Hi-Res,CINDERELLA MASTER Character Song Hi-Res,[180309] 029 ｢花簪 HANAKANZASHI｣／小早川紗枝 [24bit_96kHz] (flac),,2018,ZIP Hi-Res,,/00-偶像大师 ALL IN ONE/2-灰姑娘女孩/Hi-Res/CINDERELLA MASTER Character Song Hi-Res/[180309] 029 ｢花簪 HANAKANZASHI｣／小早川紗枝 [24bit_96kHz] (flac).zip,,imas,永久,待分享,,9450
resource-ffde1872790e,灰姑娘女孩,Hi-Res,CINDERELLA MASTER Character Song Hi-Res,[180309] 030 ｢ミラクルテレパシー｣／堀裕子 [24bit_96kHz] (flac),,2018,ZIP Hi-Res,,/00-偶像大师 ALL IN ONE/2-灰姑娘女孩/Hi-Res/CINDERELLA MASTER Character Song Hi-Res/[180309] 030 ｢ミラクルテレパシー｣／堀裕子 [24bit_96kHz] (flac).zip,,imas,永久,待分享,,9460
resource-cb67be9e26b8,灰姑娘女孩,Hi-Res,CINDERELLA MASTER Character Song Hi-Res,[180608] 031 ｢Bright Blue｣／鷺沢文香 [24bit_96kHz] (flac),,2018,ZIP Hi-Res,,/00-偶像大师 ALL IN ONE/2-灰姑娘女孩/Hi-Res/CINDERELLA MASTER Character Song Hi-Res/[180608] 031 ｢Bright Blue｣／鷺沢文香 [24bit_96kHz] (flac).zip,,imas,永久,待分享,,9470
resource-388a8d5de19b,灰姑娘女孩,Hi-Res,CINDERELLA MASTER Character Song Hi-Res,[180608] 032 ｢気持ちいいよね 一等賞!｣／姫川友紀 [24bit_96kHz] (flac),,2018,ZIP Hi-Res,,/00-偶像大师 ALL IN ONE/2-灰姑娘女孩/Hi-Res/CINDERELLA MASTER Character Song Hi-Res/[180608] 032 ｢気持ちいいよね 一等賞!｣／姫川友紀 [24bit_96kHz] (flac).zip,,imas,永久,待分享,,9480
resource-28cd22cf1ed0,灰姑娘女孩,Hi-Res,CINDERELLA MASTER Character Song Hi-Res,[180713] 033 ｢き・ま・ぐ・れ☆Cafe au lait!｣／宮本フレデリカ [24bit_96kHz] (flac),,2018,ZIP Hi-Res,,/00-偶像大师 ALL IN ONE/2-灰姑娘女孩/Hi-Res/CINDERELLA MASTER Character Song Hi-Res/[180713] 033 ｢き・ま・ぐ・れ☆Cafe au lait!｣／宮本フレデリカ [24bit_96kHz] (flac).zip,,imas,永久,待分享,,9490
resource-7874c8676540,灰姑娘女孩,Hi-Res,CINDERELLA MASTER Character Song Hi-Res,[180713] 034 ｢Hotel Moonside｣／速水奏 [24bit_96kHz] (flac),,2018,ZIP Hi-Res,,/00-偶像大师 ALL IN ONE/2-灰姑娘女孩/Hi-Res/CINDERELLA MASTER Character Song Hi-Res/[180713] 034 ｢Hotel Moonside｣／速水奏 [24bit_96kHz] (flac).zip,,imas,永久,待分享,,9500
resource-acd97fb0132f,灰姑娘女孩,Hi-Res,CINDERELLA MASTER Character Song Hi-Res,[180713] 035 ｢みんなのきもち｣／市原仁奈 [24bit_96kHz] (flac),,2018,ZIP Hi-Res,,/00-偶像大师 ALL IN ONE/2-灰姑娘女孩/Hi-Res/CINDERELLA MASTER Character Song Hi-Res/[180713] 035 ｢みんなのきもち｣／市原仁奈 [24bit_96kHz] (flac).zip,,imas,永久,待分享,,9510
resource-055b825983a6,灰姑娘女孩,Hi-Res,CINDERELLA MASTER Character Song Hi-Res,[180914] 036 ｢in fact｣／橘ありす [24bit_96kHz] (flac),,2018,ZIP Hi-Res,,/00-偶像大师 ALL IN ONE/2-灰姑娘女孩/Hi-Res/CINDERELLA MASTER Character Song Hi-Res/[180914] 036 ｢in fact｣／橘ありす [24bit_96kHz] (flac).zip,,imas,永久,待分享,,9520
resource-9c1f474dd6cf,灰姑娘女孩,Hi-Res,CINDERELLA MASTER Character Song Hi-Res,[180914] 037 ｢Can't Stop!!｣／片桐早苗 [24bit_96kHz] (flac),,2018,ZIP Hi-Res,,/00-偶像大师 ALL IN ONE/2-灰姑娘女孩/Hi-Res/CINDERELLA MASTER Character Song Hi-Res/[180914] 037 ｢Can't Stop!!｣／片桐早苗 [24bit_96kHz] (flac).zip,,imas,永久,待分享,,9530
resource-cad9ebc82be3,灰姑娘女孩,Hi-Res,CINDERELLA MASTER Character Song Hi-Res,[181012] 038 ｢秘密のトワレ｣／一ノ瀬志希 [24bit_96kHz] (flac),,2018,ZIP Hi-Res,,/00-偶像大师 ALL IN ONE/2-灰姑娘女孩/Hi-Res/CINDERELLA MASTER Character Song Hi-Res/[181012] 038 ｢秘密のトワレ｣／一ノ瀬志希 [24bit_96kHz] (flac).zip,,imas,永久,待分享,,9540
resource-38dc82444483,灰姑娘女孩,Hi-Res,CINDERELLA MASTER Character Song Hi-Res,[181012] 039 ｢青の一番星｣／塩見周子 [24bit_96kHz] (flac),,2018,ZIP Hi-Res,,/00-偶像大师 ALL IN ONE/2-灰姑娘女孩/Hi-Res/CINDERELLA MASTER Character Song Hi-Res/[181012] 039 ｢青の一番星｣／塩見周子 [24bit_96kHz] (flac).zip,,imas,永久,待分享,,9550
resource-e03116a891e1,灰姑娘女孩,Hi-Res,CINDERELLA MASTER Character Song Hi-Res,[181012] 040 ｢ラヴィアンローズ｣／櫻井桃華 [24bit_96kHz] (flac),,2018,ZIP Hi-Res,,/00-偶像大师 ALL IN ONE/2-灰姑娘女孩/Hi-Res/CINDERELLA MASTER Character Song Hi-Res/[181012] 040 ｢ラヴィアンローズ｣／櫻井桃華 [24bit_96kHz] (flac).zip,,imas,永久,待分享,,9560
resource-c44d1c7b21d1,灰姑娘女孩,Hi-Res,CINDERELLA MASTER Character Song Hi-Res,[181109] 041 ｢Radio Happy｣／大槻唯 [24bit_96kHz] (flac),,2018,ZIP Hi-Res,,/00-偶像大师 ALL IN ONE/2-灰姑娘女孩/Hi-Res/CINDERELLA MASTER Character Song Hi-Res/[181109] 041 ｢Radio Happy｣／大槻唯 [24bit_96kHz] (flac).zip,,imas,永久,待分享,,9570
resource-348c4fba2adc,灰姑娘女孩,Hi-Res,CINDERELLA MASTER Character Song Hi-Res,[181109] 042 ｢恋色エナジー｣／中野有香 [24bit_96kHz] (flac),,2018,ZIP Hi-Res,,/00-偶像大师 ALL IN ONE/2-灰姑娘女孩/Hi-Res/CINDERELLA MASTER Character Song Hi-Res/[181109] 042 ｢恋色エナジー｣／中野有香 [24bit_96kHz] (flac).zip,,imas,永久,待分享,,9580
resource-dc86d11c8cbb,灰姑娘女孩,Hi-Res,CINDERELLA MASTER Character Song Hi-Res,[181214] 043 ｢共鳴世界の存在論｣／二宮飛鳥 [24bit_96kHz] (flac),,2018,ZIP Hi-Res,,/00-偶像大师 ALL IN ONE/2-灰姑娘女孩/Hi-Res/CINDERELLA MASTER Character Song Hi-Res/[181214] 043 ｢共鳴世界の存在論｣／二宮飛鳥 [24bit_96kHz] (flac).zip,,imas,永久,待分享,,9590
resource-b28d4fdc365e,灰姑娘女孩,Hi-Res,CINDERELLA MASTER Character Song Hi-Res,[181214] 044 ｢lilac time｣／相葉夕美 [24bit_96kHz] (flac),,2018,ZIP Hi-Res,,/00-偶像大师 ALL IN ONE/2-灰姑娘女孩/Hi-Res/CINDERELLA MASTER Character Song Hi-Res/[181214] 044 ｢lilac time｣／相葉夕美 [24bit_96kHz] (flac).zip,,imas,永久,待分享,,9600
resource-8913b27d216a,灰姑娘女孩,Hi-Res,CINDERELLA MASTER Character Song Hi-Res,[181214] 045 ｢恋のHamburg♪｣／五十嵐響子 [24bit_96kHz] (flac),,2018,ZIP Hi-Res,,/00-偶像大师 ALL IN ONE/2-灰姑娘女孩/Hi-Res/CINDERELLA MASTER Character Song Hi-Res/[181214] 045 ｢恋のHamburg♪｣／五十嵐響子 [24bit_96kHz] (flac).zip,,imas,永久,待分享,,9610
resource-7822ea091fe0,灰姑娘女孩,Hi-Res,CINDERELLA MASTER Character Song Hi-Res,[190412] 046 ｢-追い風Running｣／乙倉悠貴 [24bit_96kHz] (flac),,2019,ZIP Hi-Res,,/00-偶像大师 ALL IN ONE/2-灰姑娘女孩/Hi-Res/CINDERELLA MASTER Character Song Hi-Res/[190412] 046 ｢-追い風Running｣／乙倉悠貴 [24bit_96kHz] (flac).zip,,imas,永久,待分享,,9620
resource-3e9543f74a0b,灰姑娘女孩,Hi-Res,CINDERELLA MASTER Character Song Hi-Res,[190412] 047 ｢One Life｣／松永涼 [24bit_96kHz] (flac),,2019,ZIP Hi-Res,,/00-偶像大师 ALL IN ONE/2-灰姑娘女孩/Hi-Res/CINDERELLA MASTER Character Song Hi-Res/[190412] 047 ｢One Life｣／松永涼 [24bit_96kHz] (flac).zip,,imas,永久,待分享,,9630
resource-56ed70bd3533,灰姑娘女孩,Hi-Res,CINDERELLA MASTER Character Song Hi-Res,[190412] 048 ｢祈りの花｣／依田芳乃 [24bit_96kHz] (flac),,2019,ZIP Hi-Res,,/00-偶像大师 ALL IN ONE/2-灰姑娘女孩/Hi-Res/CINDERELLA MASTER Character Song Hi-Res/[190412] 048 ｢祈りの花｣／依田芳乃 [24bit_96kHz] (flac).zip,,imas,永久,待分享,,9640
resource-601ba147d530,灰姑娘女孩,Hi-Res,CINDERELLA MASTER Character Song Hi-Res,[200410] 049 ｢楽園｣／関裕美 [24bit_96kHz] (flac),,2020,ZIP Hi-Res,,/00-偶像大师 ALL IN ONE/2-灰姑娘女孩/Hi-Res/CINDERELLA MASTER Character Song Hi-Res/[200410] 049 ｢楽園｣／関裕美 [24bit_96kHz] (flac).zip,,imas,永久,待分享,,9650
resource-ed451597c7aa,灰姑娘女孩,Hi-Res,CINDERELLA MASTER Character Song Hi-Res,[200410] 050 ｢Last Kiss｣／三船美優 [24bit_96kHz] (flac),,2020,ZIP Hi-Res,,/00-偶像大师 ALL IN ONE/2-灰姑娘女孩/Hi-Res/CINDERELLA MASTER Character Song Hi-Res/[200410] 050 ｢Last Kiss｣／三船美優 [24bit_96kHz] (flac).zip,,imas,永久,待分享,,9660
resource-8c12c34aa8e8,灰姑娘女孩,Hi-Res,CINDERELLA MASTER Character Song Hi-Res,[200410] 051 ｢おんなの道は星の道｣／村上巴 [24bit_96kHz] (flac),,2020,ZIP Hi-Res,,/00-偶像大师 ALL IN ONE/2-灰姑娘女孩/Hi-Res/CINDERELLA MASTER Character Song Hi-Res/[200410] 051 ｢おんなの道は星の道｣／村上巴 [24bit_96kHz] (flac).zip,,imas,永久,待分享,,9670
resource-185b2b41b604,灰姑娘女孩,Hi-Res,CINDERELLA MASTER Character Song Hi-Res,[200710] 052 ｢-谷の底で咲く花は｣／白菊ほたる [24bit_96kHz] (flac),,2020,ZIP Hi-Res,,/00-偶像大师 ALL IN ONE/2-灰姑娘女孩/Hi-Res/CINDERELLA MASTER Character Song Hi-Res/[200710] 052 ｢-谷の底で咲く花は｣／白菊ほたる [24bit_96kHz] (flac).zip,,imas,永久,待分享,,9680
resource-9a8d1f17b3af,灰姑娘女孩,Hi-Res,CINDERELLA MASTER Character Song Hi-Res,[200710] 053 ｢もりのくにから｣／森久保乃々 [24bit_96kHz] (flac),,2020,ZIP Hi-Res,,/00-偶像大师 ALL IN ONE/2-灰姑娘女孩/Hi-Res/CINDERELLA MASTER Character Song Hi-Res/[200710] 053 ｢もりのくにから｣／森久保乃々 [24bit_96kHz] (flac).zip,,imas,永久,待分享,,9690
resource-f75ac7fb8264,灰姑娘女孩,Hi-Res,CINDERELLA MASTER Character Song Hi-Res,[200710] 054 ｢しゅがーはぁと☆レボリューション｣／佐藤心 [24bit_96kHz] (flac),,2020,ZIP Hi-Res,,/00-偶像大师 ALL IN ONE/2-灰姑娘女孩/Hi-Res/CINDERELLA MASTER Character Song Hi-Res/[200710] 054 ｢しゅがーはぁと☆レボリューション｣／佐藤心 [24bit_96kHz] (flac).zip,,imas,永久,待分享,,9700
resource-1f09011fbc20,灰姑娘女孩,Hi-Res,CINDERELLA MASTER Character Song Hi-Res,[211008] 055 ｢Claw My Heart｣／早坂美玲 [24bit_96kHz] (flac),,2021,ZIP Hi-Res,,/00-偶像大师 ALL IN ONE/2-灰姑娘女孩/Hi-Res/CINDERELLA MASTER Character Song Hi-Res/[211008] 055 ｢Claw My Heart｣／早坂美玲 [24bit_96kHz] (flac).zip,,imas,永久,待分享,,9710
resource-831e49bca5f9,灰姑娘女孩,Hi-Res,CINDERELLA MASTER Character Song Hi-Res,[211008] 056 ｢あらかねの器｣／藤原肇 [24bit_96kHz] (flac),,2021,ZIP Hi-Res,,/00-偶像大师 ALL IN ONE/2-灰姑娘女孩/Hi-Res/CINDERELLA MASTER Character Song Hi-Res/[211008] 056 ｢あらかねの器｣／藤原肇 [24bit_96kHz] (flac).zip,,imas,永久,待分享,,9720
resource-029dcd02bf18,灰姑娘女孩,Hi-Res,CINDERELLA MASTER Character Song Hi-Res,[211008] 057 ｢OTAHEN アンセム｣／夢見りあむ [24bit_96kHz] (flac),,2021,ZIP Hi-Res,,/00-偶像大师 ALL IN ONE/2-灰姑娘女孩/Hi-Res/CINDERELLA MASTER Character Song Hi-Res/[211008] 057 ｢OTAHEN アンセム｣／夢見りあむ [24bit_96kHz] (flac).zip,,imas,永久,待分享,,9730
resource-51d3dbbfcbc5,灰姑娘女孩,Hi-Res,CINDERELLA MASTER Theme Song Hi-Res,[170811] ｢お願い！シンデレラ｣ [24bit_96kHz] (flac),,2017,ZIP Hi-Res,,/00-偶像大师 ALL IN ONE/2-灰姑娘女孩/Hi-Res/CINDERELLA MASTER Theme Song Hi-Res/[170811] ｢お願い！シンデレラ｣ [24bit_96kHz] (flac).zip,,imas,永久,待分享,,9740
resource-2670e60ae787,灰姑娘女孩,Hi-Res,CINDERELLA MASTER Theme Song Hi-Res,[171208] ｢輝く世界の魔法｣ [24bit_96kHz] (flac),,2017,ZIP Hi-Res,,/00-偶像大师 ALL IN ONE/2-灰姑娘女孩/Hi-Res/CINDERELLA MASTER Theme Song Hi-Res/[171208] ｢輝く世界の魔法｣ [24bit_96kHz] (flac).zip,,imas,永久,待分享,,9750
resource-f330a13947e6,灰姑娘女孩,Hi-Res,CINDERELLA MASTER Theme Song Hi-Res,[180413] ｢We're the friends!｣ [24bit_96kHz] (flac),,2018,ZIP Hi-Res,,/00-偶像大师 ALL IN ONE/2-灰姑娘女孩/Hi-Res/CINDERELLA MASTER Theme Song Hi-Res/[180413] ｢We're the friends!｣ [24bit_96kHz] (flac).zip,,imas,永久,待分享,,9760
resource-0c95e6a0117b,灰姑娘女孩,Hi-Res,CINDERELLA MASTER Theme Song Hi-Res,[180810] ｢Absolute NIne｣ [24bit_96kHz] (flac),,2018,ZIP Hi-Res,,/00-偶像大师 ALL IN ONE/2-灰姑娘女孩/Hi-Res/CINDERELLA MASTER Theme Song Hi-Res/[180810] ｢Absolute NIne｣ [24bit_96kHz] (flac).zip,,imas,永久,待分享,,9770
resource-b093fbbbf724,灰姑娘女孩,Hi-Res,CINDERELLA MASTER Theme Song Hi-Res,[190208] ｢Take me☆Take you｣ [24bit_96kHz] (flac),,2019,ZIP Hi-Res,,/00-偶像大师 ALL IN ONE/2-灰姑娘女孩/Hi-Res/CINDERELLA MASTER Theme Song Hi-Res/[190208] ｢Take me☆Take you｣ [24bit_96kHz] (flac).zip,,imas,永久,待分享,,9780
resource-74ec206eeabd,灰姑娘女孩,Hi-Res,CINDERELLA MASTER Theme Song Hi-Res,[190308] ｢EVERMORE｣ [24bit_96kHz] (flac),,2019,ZIP Hi-Res,,/00-偶像大师 ALL IN ONE/2-灰姑娘女孩/Hi-Res/CINDERELLA MASTER Theme Song Hi-Res/[190308] ｢EVERMORE｣ [24bit_96kHz] (flac).zip,,imas,永久,待分享,,9790
resource-01412efd7b84,灰姑娘女孩,Hi-Res,CINDERELLA MASTER Theme Song Hi-Res,[190510] ｢Treasure☆｣ [24bit_96kHz] (flac),,2019,ZIP Hi-Res,,/00-偶像大师 ALL IN ONE/2-灰姑娘女孩/Hi-Res/CINDERELLA MASTER Theme Song Hi-Res/[190510] ｢Treasure☆｣ [24bit_96kHz] (flac).zip,,imas,永久,待分享,,9800
resource-4dd4b10a8cb6,灰姑娘女孩,Hi-Res,CINDERELLA MASTER Theme Song Hi-Res,[191108] ｢恋が咲く季節｣ [24bit_96kHz] (flac),,2019,ZIP Hi-Res,,/00-偶像大师 ALL IN ONE/2-灰姑娘女孩/Hi-Res/CINDERELLA MASTER Theme Song Hi-Res/[191108] ｢恋が咲く季節｣ [24bit_96kHz] (flac).zip,,imas,永久,待分享,,9810
resource-e1dfa8f51343,灰姑娘女孩,Hi-Res,CINDERELLA MASTER Theme Song Hi-Res,[191213] ｢イリュージョニスタ！｣ [24bit_96kHz] (flac),,2019,ZIP Hi-Res,,/00-偶像大师 ALL IN ONE/2-灰姑娘女孩/Hi-Res/CINDERELLA MASTER Theme Song Hi-Res/[191213] ｢イリュージョニスタ！｣ [24bit_96kHz] (flac).zip,,imas,永久,待分享,,9820
resource-96c3e7cda3af,灰姑娘女孩,Hi-Res,CINDERELLA MASTER Theme Song Hi-Res,[200612] ｢Trust me｣ [24bit_96kHz] (flac),,2020,ZIP Hi-Res,,/00-偶像大师 ALL IN ONE/2-灰姑娘女孩/Hi-Res/CINDERELLA MASTER Theme Song Hi-Res/[200612] ｢Trust me｣ [24bit_96kHz] (flac).zip,,imas,永久,待分享,,9830
resource-fa52533b3fbe,灰姑娘女孩,Hi-Res,CINDERELLA MASTER Theme Song Hi-Res,[210514] ｢夢をのぞいたら｣ [24bit_96kHz] (flac),,2021,ZIP Hi-Res,,/00-偶像大师 ALL IN ONE/2-灰姑娘女孩/Hi-Res/CINDERELLA MASTER Theme Song Hi-Res/[210514] ｢夢をのぞいたら｣ [24bit_96kHz] (flac).zip,,imas,永久,待分享,,9840
resource-0a3b1ccfcd08,百万现场,动画,其他,[2023] 偶像大师 百万现场 BD,,2023,MKV,,/00-偶像大师 ALL IN ONE/3-百万现场/百万现场 动画/[2023] 偶像大师 百万现场 BD,,imas,永久,待分享,,9850
resource-53ef86ddbf5e,百万现场,动画,[2023] 偶像大师 百万现场 BD,EXTRA,,,MKV,,/00-偶像大师 ALL IN ONE/3-百万现场/百万现场 动画/[2023] 偶像大师 百万现场 BD/EXTRA,,imas,永久,待分享,,9860
resource-95041bed9a45,百万现场,动画,[Moozzi2] Tokuten BD [SP27] Bonus CD,[SP24] Bonus CD - 01(1),,,RAR,,/00-偶像大师 ALL IN ONE/3-百万现场/百万现场 动画/[2023] 偶像大师 百万现场 BD/EXTRA/[Moozzi2] Tokuten BD [SP27] Bonus CD/[SP24] Bonus CD - 01(1).rar,,imas,永久,待分享,,9870
resource-7091b9669f7e,百万现场,动画,[Moozzi2] Tokuten BD [SP27] Bonus CD,[SP24] Bonus CD - 02,,,RAR,,/00-偶像大师 ALL IN ONE/3-百万现场/百万现场 动画/[2023] 偶像大师 百万现场 BD/EXTRA/[Moozzi2] Tokuten BD [SP27] Bonus CD/[SP24] Bonus CD - 02.rar,,imas,永久,待分享,,9880
resource-5ff68faa0585,百万现场,动画,[Moozzi2] Tokuten BD [SP27] Bonus CD,[SP24] Bonus CD - 03,,,RAR,,/00-偶像大师 ALL IN ONE/3-百万现场/百万现场 动画/[2023] 偶像大师 百万现场 BD/EXTRA/[Moozzi2] Tokuten BD [SP27] Bonus CD/[SP24] Bonus CD - 03.rar,,imas,永久,待分享,,9890
resource-4e87318022ee,百万现场,动画,[Moozzi2] Tokuten BD [SP27] Bonus CD,[SP24] Bonus CD - 04(1),,,RAR,,/00-偶像大师 ALL IN ONE/3-百万现场/百万现场 动画/[2023] 偶像大师 百万现场 BD/EXTRA/[Moozzi2] Tokuten BD [SP27] Bonus CD/[SP24] Bonus CD - 04(1).rar,,imas,永久,待分享,,9900
resource-835dee249204,百万现场,动画,[Moozzi2] Tokuten BD [SP28] BD Scans,[SP25] BD Scan - 01(1),,,RAR,,/00-偶像大师 ALL IN ONE/3-百万现场/百万现场 动画/[2023] 偶像大师 百万现场 BD/EXTRA/[Moozzi2] Tokuten BD [SP28] BD Scans/[SP25] BD Scan - 01(1).rar,,imas,永久,待分享,,9910
resource-972fe6254472,百万现场,动画,[Moozzi2] Tokuten BD [SP28] BD Scans,[SP25] BD Scan - 02,,,RAR,,/00-偶像大师 ALL IN ONE/3-百万现场/百万现场 动画/[2023] 偶像大师 百万现场 BD/EXTRA/[Moozzi2] Tokuten BD [SP28] BD Scans/[SP25] BD Scan - 02.rar,,imas,永久,待分享,,9920
resource-c2da36ee0890,百万现场,动画,[Moozzi2] Tokuten BD [SP28] BD Scans,[SP25] BD Scan - 03(1),,,RAR,,/00-偶像大师 ALL IN ONE/3-百万现场/百万现场 动画/[2023] 偶像大师 百万现场 BD/EXTRA/[Moozzi2] Tokuten BD [SP28] BD Scans/[SP25] BD Scan - 03(1).rar,,imas,永久,待分享,,9930
resource-8160d8b72c52,百万现场,动画,其他,[2023] 偶像大师 百万现场！web中字内嵌,,2023,MP4,,/00-偶像大师 ALL IN ONE/3-百万现场/百万现场 动画/[2023] 偶像大师 百万现场！web中字内嵌,,imas,永久,待分享,,9940
resource-831b91c33b6a,百万现场,演唱会,其他,[2018] ミリシタ感謝祭,,2018,MKV,,/00-偶像大师 ALL IN ONE/3-百万现场/百万现场 演唱会/[2018] ミリシタ感謝祭,,imas,永久,待分享,,9950
resource-25bb5f91249f,百万现场,演唱会,其他,[2022] 百万现场 9thLIVE ChoruSp@rkle!! (BDrip),,2022,MKV,,/00-偶像大师 ALL IN ONE/3-百万现场/百万现场 演唱会/[2022] 百万现场 9thLIVE ChoruSp@rkle!! (BDrip),,imas,永久,待分享,,9960
resource-6c41a806746d,百万现场,演唱会,其他,[2025] 百万现场 12thLIVE,,2025,MKV,,/00-偶像大师 ALL IN ONE/3-百万现场/百万现场 演唱会/[2025] 百万现场 12thLIVE,,imas,永久,待分享,,9970
resource-d2fffc512047,百万现场,演唱会,其他,[2026] 百万现场 13thLIVE,,2026,MKV,,/00-偶像大师 ALL IN ONE/3-百万现场/百万现场 演唱会/[2026] 百万现场 13thLIVE,,imas,永久,待分享,,9980
resource-c100dd6b7637,百万现场,CD,01 LIVE THE@TER PERFORMANCE,[2013.04.24] THE iDOLM@STER LIVE THE@TER PERFORMANCE 01 (FLAC),,2013,FLAC,,/00-偶像大师 ALL IN ONE/3-百万现场/百万现场 音乐/01 LIVE THE@TER PERFORMANCE/[2013.04.24] THE iDOLM@STER LIVE THE@TER PERFORMANCE 01 (FLAC),,imas,永久,待分享,,9990
resource-f747b52dfee4,百万现场,CD,01 LIVE THE@TER PERFORMANCE,[2013.05.29] THE iDOLM@STER LIVE THE@TER PERFORMANCE 02 (FLAC),,2013,FLAC,,/00-偶像大师 ALL IN ONE/3-百万现场/百万现场 音乐/01 LIVE THE@TER PERFORMANCE/[2013.05.29] THE iDOLM@STER LIVE THE@TER PERFORMANCE 02 (FLAC),,imas,永久,待分享,,10000
resource-7d82afc0d210,百万现场,CD,01 LIVE THE@TER PERFORMANCE,[2013.06.26] THE iDOLM@STER LIVE THE@TER PERFORMANCE 03 (FLAC),,2013,FLAC,,/00-偶像大师 ALL IN ONE/3-百万现场/百万现场 音乐/01 LIVE THE@TER PERFORMANCE/[2013.06.26] THE iDOLM@STER LIVE THE@TER PERFORMANCE 03 (FLAC),,imas,永久,待分享,,10010
resource-4220e03d27ec,百万现场,CD,01 LIVE THE@TER PERFORMANCE,[2013.07.31] THE iDOLM@STER LIVE THE@TER PERFORMANCE 04 (FLAC),,2013,FLAC,,/00-偶像大师 ALL IN ONE/3-百万现场/百万现场 音乐/01 LIVE THE@TER PERFORMANCE/[2013.07.31] THE iDOLM@STER LIVE THE@TER PERFORMANCE 04 (FLAC),,imas,永久,待分享,,10020
resource-35172738ec33,百万现场,CD,01 LIVE THE@TER PERFORMANCE,[2013.08.28] THE iDOLM@STER LIVE THE@TER PERFORMANCE 05 (FLAC),,2013,FLAC,,/00-偶像大师 ALL IN ONE/3-百万现场/百万现场 音乐/01 LIVE THE@TER PERFORMANCE/[2013.08.28] THE iDOLM@STER LIVE THE@TER PERFORMANCE 05 (FLAC),,imas,永久,待分享,,10030
resource-965f76e71664,百万现场,CD,01 LIVE THE@TER PERFORMANCE,[2013.09.25] THE iDOLM@STER LIVE THE@TER PERFORMANCE 06 (FLAC),,2013,FLAC,,/00-偶像大师 ALL IN ONE/3-百万现场/百万现场 音乐/01 LIVE THE@TER PERFORMANCE/[2013.09.25] THE iDOLM@STER LIVE THE@TER PERFORMANCE 06 (FLAC),,imas,永久,待分享,,10040
resource-e81c08b831e5,百万现场,CD,01 LIVE THE@TER PERFORMANCE,[2013.10.30] THE iDOLM@STER LIVE THE@TER PERFORMANCE 07 (FLAC),,2013,FLAC,,/00-偶像大师 ALL IN ONE/3-百万现场/百万现场 音乐/01 LIVE THE@TER PERFORMANCE/[2013.10.30] THE iDOLM@STER LIVE THE@TER PERFORMANCE 07 (FLAC),,imas,永久,待分享,,10050
resource-7d001118ea1a,百万现场,CD,01 LIVE THE@TER PERFORMANCE,[2013.11.27] THE iDOLM@STER LIVE THE@TER PERFORMANCE 08 (FLAC),,2013,FLAC,,/00-偶像大师 ALL IN ONE/3-百万现场/百万现场 音乐/01 LIVE THE@TER PERFORMANCE/[2013.11.27] THE iDOLM@STER LIVE THE@TER PERFORMANCE 08 (FLAC),,imas,永久,待分享,,10060
resource-37ff0332df44,百万现场,CD,01 LIVE THE@TER PERFORMANCE,[2013.12.25] THE iDOLM@STER LIVE THE@TER PERFORMANCE 09 (WAV CUE),,2013,CUE / WAV,,/00-偶像大师 ALL IN ONE/3-百万现场/百万现场 音乐/01 LIVE THE@TER PERFORMANCE/[2013.12.25] THE iDOLM@STER LIVE THE@TER PERFORMANCE 09 (WAV CUE),,imas,永久,待分享,,10070
resource-1190824e896c,百万现场,CD,01 LIVE THE@TER PERFORMANCE,[2014.01.29] THE iDOLM@STER LIVE THE@TER PERFORMANCE 10 (WAV CUE),,2014,CUE / WAV,,/00-偶像大师 ALL IN ONE/3-百万现场/百万现场 音乐/01 LIVE THE@TER PERFORMANCE/[2014.01.29] THE iDOLM@STER LIVE THE@TER PERFORMANCE 10 (WAV CUE),,imas,永久,待分享,,10080
resource-7d1bc5f9bab3,百万现场,CD,01 LIVE THE@TER PERFORMANCE,[2014.02.26] THE iDOLM@STER LIVE THE@TER PERFORMANCE 11 (FLAC),,2014,FLAC,,/00-偶像大师 ALL IN ONE/3-百万现场/百万现场 音乐/01 LIVE THE@TER PERFORMANCE/[2014.02.26] THE iDOLM@STER LIVE THE@TER PERFORMANCE 11 (FLAC),,imas,永久,待分享,,10090
resource-ac9a584c68f2,百万现场,CD,01 LIVE THE@TER PERFORMANCE,[2014.03.26] THE iDOLM@STER LIVE THE@TER PERFORMANCE 12 (FLAC),,2014,FLAC,,/00-偶像大师 ALL IN ONE/3-百万现场/百万现场 音乐/01 LIVE THE@TER PERFORMANCE/[2014.03.26] THE iDOLM@STER LIVE THE@TER PERFORMANCE 12 (FLAC),,imas,永久,待分享,,10100
resource-70adc7f946e5,百万现场,CD,01 LIVE THE@TER PERFORMANCE,[2014.04.30] THE iDOLM@STER LIVE THE@TER PERFORMANCE 13 (WAV CUE),,2014,CUE / WAV,,/00-偶像大师 ALL IN ONE/3-百万现场/百万现场 音乐/01 LIVE THE@TER PERFORMANCE/[2014.04.30] THE iDOLM@STER LIVE THE@TER PERFORMANCE 13 (WAV CUE),,imas,永久,待分享,,10110
resource-f08ca54b3320,百万现场,CD,02 LIVE THE@TER HARMONY,[2014.07.30] THE iDOLM@STER LIVE THE@TER HARMONY 01 (FLAC),,2014,FLAC,,/00-偶像大师 ALL IN ONE/3-百万现场/百万现场 音乐/02 LIVE THE@TER HARMONY/[2014.07.30] THE iDOLM@STER LIVE THE@TER HARMONY 01 (FLAC),,imas,永久,待分享,,10120
resource-515ab61f4b5d,百万现场,CD,02 LIVE THE@TER HARMONY,[2014.07.30] THE iDOLM@STER LIVE THE@TER HARMONY 02 (FLAC),,2014,FLAC,,/00-偶像大师 ALL IN ONE/3-百万现场/百万现场 音乐/02 LIVE THE@TER HARMONY/[2014.07.30] THE iDOLM@STER LIVE THE@TER HARMONY 02 (FLAC),,imas,永久,待分享,,10130
resource-5dcbade90a5c,百万现场,CD,02 LIVE THE@TER HARMONY,[2014.09.24] THE iDOLM@STER LIVE THE@TER HARMONY 03 (FLAC),,2014,FLAC,,/00-偶像大师 ALL IN ONE/3-百万现场/百万现场 音乐/02 LIVE THE@TER HARMONY/[2014.09.24] THE iDOLM@STER LIVE THE@TER HARMONY 03 (FLAC),,imas,永久,待分享,,10140
resource-7570ce3b3dd8,百万现场,CD,02 LIVE THE@TER HARMONY,[2014.09.24] THE iDOLM@STER LIVE THE@TER HARMONY 04 (FLAC),,2014,FLAC,,/00-偶像大师 ALL IN ONE/3-百万现场/百万现场 音乐/02 LIVE THE@TER HARMONY/[2014.09.24] THE iDOLM@STER LIVE THE@TER HARMONY 04 (FLAC),,imas,永久,待分享,,10150
resource-c1afa462851a,百万现场,CD,02 LIVE THE@TER HARMONY,[2014.11.26] THE iDOLM@STER LIVE THE@TER HARMONY 05 (FLAC),,2014,FLAC,,/00-偶像大师 ALL IN ONE/3-百万现场/百万现场 音乐/02 LIVE THE@TER HARMONY/[2014.11.26] THE iDOLM@STER LIVE THE@TER HARMONY 05 (FLAC),,imas,永久,待分享,,10160
resource-d5ff034d4834,百万现场,CD,02 LIVE THE@TER HARMONY,[2014.11.26] THE iDOLM@STER LIVE THE@TER HARMONY 06 (FLAC),,2014,FLAC,,/00-偶像大师 ALL IN ONE/3-百万现场/百万现场 音乐/02 LIVE THE@TER HARMONY/[2014.11.26] THE iDOLM@STER LIVE THE@TER HARMONY 06 (FLAC),,imas,永久,待分享,,10170
resource-fb98184033bb,百万现场,CD,02 LIVE THE@TER HARMONY,[2015.01.28] THE iDOLM@STER LIVE THE@TER HARMONY 07 (FLAC),,2015,FLAC,,/00-偶像大师 ALL IN ONE/3-百万现场/百万现场 音乐/02 LIVE THE@TER HARMONY/[2015.01.28] THE iDOLM@STER LIVE THE@TER HARMONY 07 (FLAC),,imas,永久,待分享,,10180
resource-b109a076160d,百万现场,CD,02 LIVE THE@TER HARMONY,[2015.01.28] THE iDOLM@STER LIVE THE@TER HARMONY 08 (FLAC),,2015,FLAC,,/00-偶像大师 ALL IN ONE/3-百万现场/百万现场 音乐/02 LIVE THE@TER HARMONY/[2015.01.28] THE iDOLM@STER LIVE THE@TER HARMONY 08 (FLAC),,imas,永久,待分享,,10190
resource-2fdf791d1849,百万现场,CD,02 LIVE THE@TER HARMONY,[2015.03.25] THE iDOLM@STER LIVE THE@TER HARMONY 09 (ALAC),,2015,M4A,,/00-偶像大师 ALL IN ONE/3-百万现场/百万现场 音乐/02 LIVE THE@TER HARMONY/[2015.03.25] THE iDOLM@STER LIVE THE@TER HARMONY 09 (ALAC),,imas,永久,待分享,,10200
resource-c58cb5844fad,百万现场,CD,02 LIVE THE@TER HARMONY,[2015.03.25] THE iDOLM@STER LIVE THE@TER HARMONY 10 (ALAC),,2015,M4A,,/00-偶像大师 ALL IN ONE/3-百万现场/百万现场 音乐/02 LIVE THE@TER HARMONY/[2015.03.25] THE iDOLM@STER LIVE THE@TER HARMONY 10 (ALAC),,imas,永久,待分享,,10210
resource-4228288b4fca,百万现场,CD,03 LIVE THE@TER COLLECTION,THE IDOLM@STER LIVE THE@TER COLLECTION Vol.1,,,ZIP,,/00-偶像大师 ALL IN ONE/3-百万现场/百万现场 音乐/03 LIVE THE@TER COLLECTION/THE IDOLM@STER LIVE THE@TER COLLECTION Vol.1.zip,,imas,永久,待分享,,10220
resource-ca897471af97,百万现场,CD,03 LIVE THE@TER COLLECTION,THE IDOLM@STER LIVE THE@TER COLLECTION Vol.2,,,ZIP,,/00-偶像大师 ALL IN ONE/3-百万现场/百万现场 音乐/03 LIVE THE@TER COLLECTION/THE IDOLM@STER LIVE THE@TER COLLECTION Vol.2.zip,,imas,永久,待分享,,10230
resource-e3c37fe4e81f,百万现场,CD,04 LIVE THE@TER DREAMERS,[2015.09.30] 01 初回,,2015,RAR,,/00-偶像大师 ALL IN ONE/3-百万现场/百万现场 音乐/04 LIVE THE@TER DREAMERS/[2015.09.30] 01 初回.rar,,imas,永久,待分享,,10240
resource-af100da251c0,百万现场,CD,04 LIVE THE@TER DREAMERS,[2015.09.30] 01 BDMV.part1,,2015,RAR,,/00-偶像大师 ALL IN ONE/3-百万现场/百万现场 音乐/04 LIVE THE@TER DREAMERS/[2015.09.30] 01 BDMV.part1.rar,,imas,永久,待分享,,10250
resource-701bb0a22f13,百万现场,CD,04 LIVE THE@TER DREAMERS,[2015.09.30] 01 BDMV.part2,,2015,RAR,,/00-偶像大师 ALL IN ONE/3-百万现场/百万现场 音乐/04 LIVE THE@TER DREAMERS/[2015.09.30] 01 BDMV.part2.rar,,imas,永久,待分享,,10260
resource-0a6b60e6e936,百万现场,CD,04 LIVE THE@TER DREAMERS,[2015.09.30] 01 BDMV.part3,,2015,RAR,,/00-偶像大师 ALL IN ONE/3-百万现场/百万现场 音乐/04 LIVE THE@TER DREAMERS/[2015.09.30] 01 BDMV.part3.rar,,imas,永久,待分享,,10270
resource-7e9c2094617a,百万现场,CD,04 LIVE THE@TER DREAMERS,[2015.09.30] 01 BDMV.part4,,2015,RAR,,/00-偶像大师 ALL IN ONE/3-百万现场/百万现场 音乐/04 LIVE THE@TER DREAMERS/[2015.09.30] 01 BDMV.part4.rar,,imas,永久,待分享,,10280
resource-a9a328cf28c3,百万现场,CD,04 LIVE THE@TER DREAMERS,[2015.09.30] THE iDOLM@STER LIVE THE@TER DREAMERS 01 (FLAC CUE),,2015,CUE / FLAC,,/00-偶像大师 ALL IN ONE/3-百万现场/百万现场 音乐/04 LIVE THE@TER DREAMERS/[2015.09.30] THE iDOLM@STER LIVE THE@TER DREAMERS 01 (FLAC CUE),,imas,永久,待分享,,10290
resource-eb10fde2eb56,百万现场,CD,04 LIVE THE@TER DREAMERS,[2015.10.28] THE iDOLM@STER LIVE THE@TER DREAMERS 02 (WAV CUE),,2015,CUE / WAV,,/00-偶像大师 ALL IN ONE/3-百万现场/百万现场 音乐/04 LIVE THE@TER DREAMERS/[2015.10.28] THE iDOLM@STER LIVE THE@TER DREAMERS 02 (WAV CUE),,imas,永久,待分享,,10300
resource-a91c30e62e82,百万现场,CD,04 LIVE THE@TER DREAMERS,[2015.12.02] THE iDOLM@STER LIVE THE@TER DREAMERS 03 (FLAC CUE),,2015,CUE / FLAC,,/00-偶像大师 ALL IN ONE/3-百万现场/百万现场 音乐/04 LIVE THE@TER DREAMERS/[2015.12.02] THE iDOLM@STER LIVE THE@TER DREAMERS 03 (FLAC CUE),,imas,永久,待分享,,10310
resource-610c22854396,百万现场,CD,04 LIVE THE@TER DREAMERS,[2015.12.23] THE iDOLM@STER LIVE THE@TER DREAMERS 04 (APE CUE),,2015,APE / CUE,,/00-偶像大师 ALL IN ONE/3-百万现场/百万现场 音乐/04 LIVE THE@TER DREAMERS/[2015.12.23] THE iDOLM@STER LIVE THE@TER DREAMERS 04 (APE CUE),,imas,永久,待分享,,10320
resource-eaff0f0d8a49,百万现场,CD,04 LIVE THE@TER DREAMERS,[2016.01.27] THE iDOLM@STER LIVE THE@TER DREAMERS 05 (APE CUE),,2016,APE / CUE,,/00-偶像大师 ALL IN ONE/3-百万现场/百万现场 音乐/04 LIVE THE@TER DREAMERS/[2016.01.27] THE iDOLM@STER LIVE THE@TER DREAMERS 05 (APE CUE),,imas,永久,待分享,,10330
resource-e737a47febb4,百万现场,CD,04 LIVE THE@TER DREAMERS,[2016.03.23] THE iDOLM@STER LIVE THE@TER DREAMERS 06 (APE CUE),,2016,APE / CUE,,/00-偶像大师 ALL IN ONE/3-百万现场/百万现场 音乐/04 LIVE THE@TER DREAMERS/[2016.03.23] THE iDOLM@STER LIVE THE@TER DREAMERS 06 (APE CUE),,imas,永久,待分享,,10340
resource-318bc4e778c9,百万现场,CD,05 LIVE THE@TER FORWARD,[2016.12.07] THE iDOLM@STER LIVE THE@TER FORWARD 01 Sunshine Rhythm (FLAC CUE),,2016,CUE / FLAC,,/00-偶像大师 ALL IN ONE/3-百万现场/百万现场 音乐/05 LIVE THE@TER FORWARD/[2016.12.07] THE iDOLM@STER LIVE THE@TER FORWARD 01 Sunshine Rhythm (FLAC CUE),,imas,永久,待分享,,10350
resource-7bdeb728338b,百万现场,CD,05 LIVE THE@TER FORWARD,[2017.01.11] THE iDOLM@STER LIVE THE@TER FORWARD 02 BlueMoon Harmony (FLAC CUE),,2017,CUE / FLAC,,/00-偶像大师 ALL IN ONE/3-百万现场/百万现场 音乐/05 LIVE THE@TER FORWARD/[2017.01.11] THE iDOLM@STER LIVE THE@TER FORWARD 02 BlueMoon Harmony (FLAC CUE),,imas,永久,待分享,,10360
resource-98b09cc2e662,百万现场,CD,05 LIVE THE@TER FORWARD,[2017.02.15] THE iDOLM@STER LIVE THE@TER FORWARD 03 Starlight Melody (WAV CUE),,2017,CUE / WAV,,/00-偶像大师 ALL IN ONE/3-百万现场/百万现场 音乐/05 LIVE THE@TER FORWARD/[2017.02.15] THE iDOLM@STER LIVE THE@TER FORWARD 03 Starlight Melody (WAV CUE),,imas,永久,待分享,,10370
resource-023e07620f4f,百万现场,CD,LIVE THE@TER HARMONY Remix,2022.03.14 [LACZ-10102] THE iDOLM@STER LIVE THE@TER HARMONY Remix 01,,2022,FLAC,,/00-偶像大师 ALL IN ONE/3-百万现场/百万现场 音乐/06 LIVE THE@TER Remix/LIVE THE@TER HARMONY Remix/2022.03.14 [LACZ-10102] THE iDOLM@STER LIVE THE@TER HARMONY Remix 01,,imas,永久,待分享,,10380
resource-a72dfd23571a,百万现场,CD,LIVE THE@TER HARMONY Remix,2022.03.14 [LACZ-10103] THE iDOLM@STER LIVE THE@TER HARMONY Remix 02,,2022,FLAC,,/00-偶像大师 ALL IN ONE/3-百万现场/百万现场 音乐/06 LIVE THE@TER Remix/LIVE THE@TER HARMONY Remix/2022.03.14 [LACZ-10103] THE iDOLM@STER LIVE THE@TER HARMONY Remix 02,,imas,永久,待分享,,10390
resource-2fee59982ecc,百万现场,CD,LIVE THE@TER HARMONY Remix,2022.03.14 [LACZ-10104] THE iDOLM@STER LIVE THE@TER HARMONY Remix 03,,2022,FLAC,,/00-偶像大师 ALL IN ONE/3-百万现场/百万现场 音乐/06 LIVE THE@TER Remix/LIVE THE@TER HARMONY Remix/2022.03.14 [LACZ-10104] THE iDOLM@STER LIVE THE@TER HARMONY Remix 03,,imas,永久,待分享,,10400
resource-9c78bbce0bc0,百万现场,CD,LIVE THE@TER HARMONY Remix,2022.03.14 [LACZ-10105] THE iDOLM@STER LIVE THE@TER HARMONY Remix 04,,2022,FLAC,,/00-偶像大师 ALL IN ONE/3-百万现场/百万现场 音乐/06 LIVE THE@TER Remix/LIVE THE@TER HARMONY Remix/2022.03.14 [LACZ-10105] THE iDOLM@STER LIVE THE@TER HARMONY Remix 04,,imas,永久,待分享,,10410
resource-6caada8506a8,百万现场,CD,LIVE THE@TER HARMONY Remix,2022.03.14 [LACZ-10106] THE iDOLM@STER LIVE THE@TER HARMONY Remix 05,,2022,FLAC,,/00-偶像大师 ALL IN ONE/3-百万现场/百万现场 音乐/06 LIVE THE@TER Remix/LIVE THE@TER HARMONY Remix/2022.03.14 [LACZ-10106] THE iDOLM@STER LIVE THE@TER HARMONY Remix 05,,imas,永久,待分享,,10420
resource-ab4a13643462,百万现场,CD,LIVE THE@TER PERFORMANCE Remix,THE IDOLM@STER LIVE THE@TER PERFORMANCE Remix 01 [FLAC],,,ZIP,,/00-偶像大师 ALL IN ONE/3-百万现场/百万现场 音乐/06 LIVE THE@TER Remix/LIVE THE@TER PERFORMANCE Remix/THE IDOLM@STER LIVE THE@TER PERFORMANCE Remix 01 [FLAC].zip,,imas,永久,待分享,,10430
resource-035a7b1c6690,百万现场,CD,LIVE THE@TER PERFORMANCE Remix,THE IDOLM@STER LIVE THE@TER PERFORMANCE Remix 02 [FLAC],,,ZIP,,/00-偶像大师 ALL IN ONE/3-百万现场/百万现场 音乐/06 LIVE THE@TER Remix/LIVE THE@TER PERFORMANCE Remix/THE IDOLM@STER LIVE THE@TER PERFORMANCE Remix 02 [FLAC].zip,,imas,永久,待分享,,10440
resource-24ace87e7c6e,百万现场,CD,LIVE THE@TER PERFORMANCE Remix,THE IDOLM@STER LIVE THE@TER PERFORMANCE Remix 03 [FLAC],,,ZIP,,/00-偶像大师 ALL IN ONE/3-百万现场/百万现场 音乐/06 LIVE THE@TER Remix/LIVE THE@TER PERFORMANCE Remix/THE IDOLM@STER LIVE THE@TER PERFORMANCE Remix 03 [FLAC].zip,,imas,永久,待分享,,10450
resource-deacc87d8cbf,百万现场,CD,LIVE THE@TER PERFORMANCE Remix,THE IDOLM@STER LIVE THE@TER PERFORMANCE Remix 04 [FLAC],,,ZIP,,/00-偶像大师 ALL IN ONE/3-百万现场/百万现场 音乐/06 LIVE THE@TER Remix/LIVE THE@TER PERFORMANCE Remix/THE IDOLM@STER LIVE THE@TER PERFORMANCE Remix 04 [FLAC].zip,,imas,永久,待分享,,10460
resource-407e10a5cfd5,百万现场,CD,LIVE THE@TER PERFORMANCE Remix,THE IDOLM@STER LIVE THE@TER PERFORMANCE Remix 05 [FLAC],,,ZIP,,/00-偶像大师 ALL IN ONE/3-百万现场/百万现场 音乐/06 LIVE THE@TER Remix/LIVE THE@TER PERFORMANCE Remix/THE IDOLM@STER LIVE THE@TER PERFORMANCE Remix 05 [FLAC].zip,,imas,永久,待分享,,10470
resource-0cfe7f2057f2,百万现场,CD,LIVE THE@TER PERFORMANCE Remix,THE IDOLM@STER LIVE THE@TER PERFORMANCE Remix 06 [FLAC],,,ZIP,,/00-偶像大师 ALL IN ONE/3-百万现场/百万现场 音乐/06 LIVE THE@TER Remix/LIVE THE@TER PERFORMANCE Remix/THE IDOLM@STER LIVE THE@TER PERFORMANCE Remix 06 [FLAC].zip,,imas,永久,待分享,,10480
resource-be14a02c764f,百万现场,CD,07 LIVE THE@TER SOLO COLLECTION,2015.04.04 [LZM-2124~5] THE iDOLM@STER LIVE THE@TER SOLO COLLECTION Vol.01,,2015,ZIP,,/00-偶像大师 ALL IN ONE/3-百万现场/百万现场 音乐/07 LIVE THE@TER SOLO COLLECTION/2015.04.04 [LZM-2124~5] THE iDOLM@STER LIVE THE@TER SOLO COLLECTION Vol.01.zip,,imas,永久,待分享,,10490
resource-67ba49a9ccce,百万现场,CD,07 LIVE THE@TER SOLO COLLECTION,2015.07.18 [LZM-2130~1] THE iDOLM@STER LIVE THE@TER SOLO COLLECTION Vol.02,,2015,ZIP,,/00-偶像大师 ALL IN ONE/3-百万现场/百万现场 音乐/07 LIVE THE@TER SOLO COLLECTION/2015.07.18 [LZM-2130~1] THE iDOLM@STER LIVE THE@TER SOLO COLLECTION Vol.02.zip,,imas,永久,待分享,,10500
resource-667c540f28af,百万现场,CD,07 LIVE THE@TER SOLO COLLECTION,2016.01.30 [LZM-2141] THE iDOLM@STER LIVE THE@TER SOLO COLLECTION Vol.03 Vocal Edition,,2016,ZIP,,/00-偶像大师 ALL IN ONE/3-百万现场/百万现场 音乐/07 LIVE THE@TER SOLO COLLECTION/2016.01.30 [LZM-2141] THE iDOLM@STER LIVE THE@TER SOLO COLLECTION Vol.03 Vocal Edition.zip,,imas,永久,待分享,,10510
resource-141eb7de0603,百万现场,CD,07 LIVE THE@TER SOLO COLLECTION,2016.01.30 [LZM-2142] THE iDOLM@STER LIVE THE@TER SOLO COLLECTION Vol.03 Dance Edition,,2016,ZIP,,/00-偶像大师 ALL IN ONE/3-百万现场/百万现场 音乐/07 LIVE THE@TER SOLO COLLECTION/2016.01.30 [LZM-2142] THE iDOLM@STER LIVE THE@TER SOLO COLLECTION Vol.03 Dance Edition.zip,,imas,永久,待分享,,10520
resource-f334293b1088,百万现场,CD,07 LIVE THE@TER SOLO COLLECTION,2016.01.30 [LZM-2143] THE iDOLM@STER LIVE THE@TER SOLO COLLECTION Vol.03 Visual Edition,,2016,ZIP,,/00-偶像大师 ALL IN ONE/3-百万现场/百万现场 音乐/07 LIVE THE@TER SOLO COLLECTION/2016.01.30 [LZM-2143] THE iDOLM@STER LIVE THE@TER SOLO COLLECTION Vol.03 Visual Edition.zip,,imas,永久,待分享,,10530
resource-bb6b98b60a84,百万现场,CD,07 LIVE THE@TER SOLO COLLECTION,2017.03.09 [LZM-2155] THE iDOLM@STER LIVE THE@TER SOLO COLLECTION 04 Sunshine Theater,,2017,ZIP,,/00-偶像大师 ALL IN ONE/3-百万现场/百万现场 音乐/07 LIVE THE@TER SOLO COLLECTION/2017.03.09 [LZM-2155] THE iDOLM@STER LIVE THE@TER SOLO COLLECTION 04 Sunshine Theater.zip,,imas,永久,待分享,,10540
resource-6f2af35704c5,百万现场,CD,07 LIVE THE@TER SOLO COLLECTION,2017.03.09 [LZM-2156] THE iDOLM@STER LIVE THE@TER SOLO COLLECTION 04 BlueMoon Theater,,2017,ZIP,,/00-偶像大师 ALL IN ONE/3-百万现场/百万现场 音乐/07 LIVE THE@TER SOLO COLLECTION/2017.03.09 [LZM-2156] THE iDOLM@STER LIVE THE@TER SOLO COLLECTION 04 BlueMoon Theater.zip,,imas,永久,待分享,,10550
resource-9bfddf21ba77,百万现场,CD,07 LIVE THE@TER SOLO COLLECTION,2017.03.09 [LZM-2157] THE iDOLM@STER LIVE THE@TER SOLO COLLECTION 04 Starlight Theater,,2017,ZIP,,/00-偶像大师 ALL IN ONE/3-百万现场/百万现场 音乐/07 LIVE THE@TER SOLO COLLECTION/2017.03.09 [LZM-2157] THE iDOLM@STER LIVE THE@TER SOLO COLLECTION 04 Starlight Theater.zip,,imas,永久,待分享,,10560
resource-92f1476d0da3,百万现场,CD,07 LIVE THE@TER SOLO COLLECTION,2018.01.05 [LZM-2165] THE iDOLM@STER LIVE THE@TER SOLO COLLECTION 05 765PRO ALLSTARS,,2018,ZIP,,/00-偶像大师 ALL IN ONE/3-百万现场/百万现场 音乐/07 LIVE THE@TER SOLO COLLECTION/2018.01.05 [LZM-2165] THE iDOLM@STER LIVE THE@TER SOLO COLLECTION 05 765PRO ALLSTARS.zip,,imas,永久,待分享,,10570
resource-6f40c7a1dccd,百万现场,CD,07 LIVE THE@TER SOLO COLLECTION,2018.06.01 [LACZ-10002] THE iDOLM@STER LIVE THE@TER SOLO COLLECTION 06 Princess Stars,,2018,ZIP,,/00-偶像大师 ALL IN ONE/3-百万现场/百万现场 音乐/07 LIVE THE@TER SOLO COLLECTION/2018.06.01 [LACZ-10002] THE iDOLM@STER LIVE THE@TER SOLO COLLECTION 06 Princess Stars.zip,,imas,永久,待分享,,10580
resource-6f2c0a14b3ce,百万现场,CD,07 LIVE THE@TER SOLO COLLECTION,2018.06.01 [LACZ-10003] THE iDOLM@STER LIVE THE@TER SOLO COLLECTION 06 Fairy Stars,,2018,ZIP,,/00-偶像大师 ALL IN ONE/3-百万现场/百万现场 音乐/07 LIVE THE@TER SOLO COLLECTION/2018.06.01 [LACZ-10003] THE iDOLM@STER LIVE THE@TER SOLO COLLECTION 06 Fairy Stars.zip,,imas,永久,待分享,,10590
resource-81fedd773700,百万现场,CD,07 LIVE THE@TER SOLO COLLECTION,2018.06.01 [LACZ-10004] THE iDOLM@STER LIVE THE@TER SOLO COLLECTION 06 Angel Stars,,2018,ZIP,,/00-偶像大师 ALL IN ONE/3-百万现场/百万现场 音乐/07 LIVE THE@TER SOLO COLLECTION/2018.06.01 [LACZ-10004] THE iDOLM@STER LIVE THE@TER SOLO COLLECTION 06 Angel Stars.zip,,imas,永久,待分享,,10600
resource-4c45e5a5b80f,百万现场,CD,07 LIVE THE@TER SOLO COLLECTION,2019.04.27 [LACZ-10020] THE iDOLM@STER LIVE THE@TER SOLO COLLECTION 07 プリンセススターズ,,2019,ZIP,,/00-偶像大师 ALL IN ONE/3-百万现场/百万现场 音乐/07 LIVE THE@TER SOLO COLLECTION/2019.04.27 [LACZ-10020] THE iDOLM@STER LIVE THE@TER SOLO COLLECTION 07 プリンセススターズ.zip,,imas,永久,待分享,,10610
resource-3518393199d6,百万现场,CD,07 LIVE THE@TER SOLO COLLECTION,2019.04.27 [LACZ-10021] THE iDOLM@STER LIVE THE@TER SOLO COLLECTION 07 フェアリースターズ,,2019,ZIP,,/00-偶像大师 ALL IN ONE/3-百万现场/百万现场 音乐/07 LIVE THE@TER SOLO COLLECTION/2019.04.27 [LACZ-10021] THE iDOLM@STER LIVE THE@TER SOLO COLLECTION 07 フェアリースターズ.zip,,imas,永久,待分享,,10620
resource-367c5644f1ef,百万现场,CD,07 LIVE THE@TER SOLO COLLECTION,2019.04.27 [LACZ-10022] THE iDOLM@STER LIVE THE@TER SOLO COLLECTION 07 エンジェルスターズ,,2019,ZIP,,/00-偶像大师 ALL IN ONE/3-百万现场/百万现场 音乐/07 LIVE THE@TER SOLO COLLECTION/2019.04.27 [LACZ-10022] THE iDOLM@STER LIVE THE@TER SOLO COLLECTION 07 エンジェルスターズ.zip,,imas,永久,待分享,,10630
resource-31bc62c11926,百万现场,CD,07 LIVE THE@TER SOLO COLLECTION,2021.05.22 [LACZ-10034] THE IDOLM@STER LIVE THE@TER SOLO COLLECTION 08 Princess Stars,,2021,ZIP,,/00-偶像大师 ALL IN ONE/3-百万现场/百万现场 音乐/07 LIVE THE@TER SOLO COLLECTION/2021.05.22 [LACZ-10034] THE IDOLM@STER LIVE THE@TER SOLO COLLECTION 08 Princess Stars.zip,,imas,永久,待分享,,10640
resource-6b1e7386a5bd,百万现场,CD,07 LIVE THE@TER SOLO COLLECTION,2021.05.22 [LACZ-10035] THE IDOLM@STER LIVE THE@TER SOLO COLLECTION 08 Fairy Stars,,2021,ZIP,,/00-偶像大师 ALL IN ONE/3-百万现场/百万现场 音乐/07 LIVE THE@TER SOLO COLLECTION/2021.05.22 [LACZ-10035] THE IDOLM@STER LIVE THE@TER SOLO COLLECTION 08 Fairy Stars.zip,,imas,永久,待分享,,10650
resource-f68e9b6057ce,百万现场,CD,07 LIVE THE@TER SOLO COLLECTION,2021.05.22 [LACZ-10036] THE IDOLM@STER LIVE THE@TER SOLO COLLECTION 08 Angel Stars,,2021,ZIP,,/00-偶像大师 ALL IN ONE/3-百万现场/百万现场 音乐/07 LIVE THE@TER SOLO COLLECTION/2021.05.22 [LACZ-10036] THE IDOLM@STER LIVE THE@TER SOLO COLLECTION 08 Angel Stars.zip,,imas,永久,待分享,,10660
resource-ab7a19d55213,百万现场,CD,07 LIVE THE@TER SOLO COLLECTION,2022.02.12 [LACZ-10087] THE iDOLM@STER LIVE THE@TER SOLO COLLECTION 09 Princess Stars,,2022,ZIP,,/00-偶像大师 ALL IN ONE/3-百万现场/百万现场 音乐/07 LIVE THE@TER SOLO COLLECTION/2022.02.12 [LACZ-10087] THE iDOLM@STER LIVE THE@TER SOLO COLLECTION 09 Princess Stars.zip,,imas,永久,待分享,,10670
resource-890b4dfd8b2f,百万现场,CD,07 LIVE THE@TER SOLO COLLECTION,2022.02.12 [LACZ-10088] THE iDOLM@STER LIVE THE@TER SOLO COLLECTION 09 Fairy Stars,,2022,ZIP,,/00-偶像大师 ALL IN ONE/3-百万现场/百万现场 音乐/07 LIVE THE@TER SOLO COLLECTION/2022.02.12 [LACZ-10088] THE iDOLM@STER LIVE THE@TER SOLO COLLECTION 09 Fairy Stars.zip,,imas,永久,待分享,,10680
resource-8e3d90a44f61,百万现场,CD,07 LIVE THE@TER SOLO COLLECTION,2022.02.12 [LACZ-10089] THE iDOLM@STER LIVE THE@TER SOLO COLLECTION 09 Angel Stars,,2022,ZIP,,/00-偶像大师 ALL IN ONE/3-百万现场/百万现场 音乐/07 LIVE THE@TER SOLO COLLECTION/2022.02.12 [LACZ-10089] THE iDOLM@STER LIVE THE@TER SOLO COLLECTION 09 Angel Stars.zip,,imas,永久,待分享,,10690
resource-a0bbe34b05cf,百万现场,CD,07 LIVE THE@TER SOLO COLLECTION,2022.07.09 [LACZ-10111] THE iDOLM@STER LIVE THE@TER SOLO COLLECTION 10 765PRO ALLSTARS,,2022,ZIP,,/00-偶像大师 ALL IN ONE/3-百万现场/百万现场 音乐/07 LIVE THE@TER SOLO COLLECTION/2022.07.09 [LACZ-10111] THE iDOLM@STER LIVE THE@TER SOLO COLLECTION 10 765PRO ALLSTARS.zip,,imas,永久,待分享,,10700
resource-c0cd5712a4ad,百万现场,CD,07 LIVE THE@TER SOLO COLLECTION,2023.01.14 [LACZ-10133] THE iDOLM@STER LIVE THE@TER SOLO COLLECTION 11 Princess Stars,,2023,ZIP,,/00-偶像大师 ALL IN ONE/3-百万现场/百万现场 音乐/07 LIVE THE@TER SOLO COLLECTION/2023.01.14 [LACZ-10133] THE iDOLM@STER LIVE THE@TER SOLO COLLECTION 11 Princess Stars.zip,,imas,永久,待分享,,10710
resource-d9e4db9440fa,百万现场,CD,07 LIVE THE@TER SOLO COLLECTION,2023.01.14 [LACZ-10134] THE iDOLM@STER LIVE THE@TER SOLO COLLECTION 11 Fairy Stars,,2023,ZIP,,/00-偶像大师 ALL IN ONE/3-百万现场/百万现场 音乐/07 LIVE THE@TER SOLO COLLECTION/2023.01.14 [LACZ-10134] THE iDOLM@STER LIVE THE@TER SOLO COLLECTION 11 Fairy Stars.zip,,imas,永久,待分享,,10720
resource-50ccf238438c,百万现场,CD,07 LIVE THE@TER SOLO COLLECTION,2023.01.14 [LACZ-10135] THE iDOLM@STER LIVE THE@TER SOLO COLLECTION 11 Angel Stars,,2023,ZIP,,/00-偶像大师 ALL IN ONE/3-百万现场/百万现场 音乐/07 LIVE THE@TER SOLO COLLECTION/2023.01.14 [LACZ-10135] THE iDOLM@STER LIVE THE@TER SOLO COLLECTION 11 Angel Stars.zip,,imas,永久,待分享,,10730
resource-61346debcd6e,百万现场,CD,07 LIVE THE@TER SOLO COLLECTION,2023.04.22 [LACZ-10145] THE iDOLM@STER LIVE THE@TER SOLO COLLECTION 12 Princess Stars,,2023,ZIP,,/00-偶像大师 ALL IN ONE/3-百万现场/百万现场 音乐/07 LIVE THE@TER SOLO COLLECTION/2023.04.22 [LACZ-10145] THE iDOLM@STER LIVE THE@TER SOLO COLLECTION 12 Princess Stars.zip,,imas,永久,待分享,,10740
resource-6974419400b3,百万现场,CD,07 LIVE THE@TER SOLO COLLECTION,2023.04.22 [LACZ-10146] THE iDOLM@STER LIVE THE@TER SOLO COLLECTION 12 Fairy Stars,,2023,ZIP,,/00-偶像大师 ALL IN ONE/3-百万现场/百万现场 音乐/07 LIVE THE@TER SOLO COLLECTION/2023.04.22 [LACZ-10146] THE iDOLM@STER LIVE THE@TER SOLO COLLECTION 12 Fairy Stars.zip,,imas,永久,待分享,,10750
resource-7ff182816562,百万现场,CD,07 LIVE THE@TER SOLO COLLECTION,2023.04.22 [LACZ-10147] THE iDOLM@STER LIVE THE@TER SOLO COLLECTION 12 Angel Stars,,2023,ZIP,,/00-偶像大师 ALL IN ONE/3-百万现场/百万现场 音乐/07 LIVE THE@TER SOLO COLLECTION/2023.04.22 [LACZ-10147] THE iDOLM@STER LIVE THE@TER SOLO COLLECTION 12 Angel Stars.zip,,imas,永久,待分享,,10760
resource-197329c448e8,百万现场,CD,07 LIVE THE@TER SOLO COLLECTION,2025.03.29 [LACZ-10274]THE IDOLM@STER LIVE THE@TER SOLO COLLECTION 14 Angel Stars,,2025,ZIP,,/00-偶像大师 ALL IN ONE/3-百万现场/百万现场 音乐/07 LIVE THE@TER SOLO COLLECTION/2025.03.29 [LACZ-10274]THE IDOLM@STER LIVE THE@TER SOLO COLLECTION 14 Angel Stars.zip,,imas,永久,待分享,,10770
resource-091c5c988a17,百万现场,CD,07 LIVE THE@TER SOLO COLLECTION,2025.08.02 [LACZ-10311] THE IDOLM@STER LIVE THE@TER SOLO COLLECTION 15,,2025,ZIP,,/00-偶像大师 ALL IN ONE/3-百万现场/百万现场 音乐/07 LIVE THE@TER SOLO COLLECTION/2025.08.02 [LACZ-10311] THE IDOLM@STER LIVE THE@TER SOLO COLLECTION 15.zip,,imas,永久,待分享,,10780
resource-bee0608faf72,百万现场,CD,07 LIVE THE@TER SOLO COLLECTION,2025.10.11 [LACZ-10319]THE IDOLM@STER LIVE THE@TER SOLO COLLECTION 16 ANGEL STARS,,2025,ZIP,,/00-偶像大师 ALL IN ONE/3-百万现场/百万现场 音乐/07 LIVE THE@TER SOLO COLLECTION/2025.10.11 [LACZ-10319]THE IDOLM@STER LIVE THE@TER SOLO COLLECTION 16 ANGEL STARS.zip,,imas,永久,待分享,,10790
resource-3bb8701338e2,百万现场,CD,07 LIVE THE@TER SOLO COLLECTION,2026.05.05 [LACZ-10353] THE IDOLM@STER LIVE THE@TER SOLO COLLECTION 17 PRINCESS STARS,,2026,ZIP,,/00-偶像大师 ALL IN ONE/3-百万现场/百万现场 音乐/07 LIVE THE@TER SOLO COLLECTION/2026.05.05 [LACZ-10353] THE IDOLM@STER LIVE THE@TER SOLO COLLECTION 17 PRINCESS STARS.zip,,imas,永久,待分享,,10800
resource-085ac12f07da,百万现场,CD,07 LIVE THE@TER SOLO COLLECTION,2026.05.05 [LACZ-10354] THE IDOLM@STER LIVE THE@TER SOLO COLLECTION 17 FAIRY STARS,,2026,ZIP,,/00-偶像大师 ALL IN ONE/3-百万现场/百万现场 音乐/07 LIVE THE@TER SOLO COLLECTION/2026.05.05 [LACZ-10354] THE IDOLM@STER LIVE THE@TER SOLO COLLECTION 17 FAIRY STARS.zip,,imas,永久,待分享,,10810
resource-c354f90c7f97,百万现场,CD,07 LIVE THE@TER SOLO COLLECTION,2026.05.05 [LACZ-10355] THE IDOLM@STER LIVE THE@TER SOLO COLLECTION 17 ANGEL STARS,,2026,ZIP,,/00-偶像大师 ALL IN ONE/3-百万现场/百万现场 音乐/07 LIVE THE@TER SOLO COLLECTION/2026.05.05 [LACZ-10355] THE IDOLM@STER LIVE THE@TER SOLO COLLECTION 17 ANGEL STARS.zip,,imas,永久,待分享,,10820
resource-781fe75e6840,百万现场,CD,THE@TER ACTIVITIES,[LACM-14531] THE IDOLM@STER THE@TER ACTIVITIES 01,,,ZIP,,/00-偶像大师 ALL IN ONE/3-百万现场/百万现场 音乐/08 LIVE THE@TER Voting series/THE@TER ACTIVITIES/[LACM-14531] THE IDOLM@STER THE@TER ACTIVITIES 01.zip,,imas,永久,待分享,,10830
resource-2d6593bf8a55,百万现场,CD,THE@TER ACTIVITIES,[LACM-14532] THE IDOLM@STER THE@TER ACTIVITIES 02,,,ZIP,,/00-偶像大师 ALL IN ONE/3-百万现场/百万现场 音乐/08 LIVE THE@TER Voting series/THE@TER ACTIVITIES/[LACM-14532] THE IDOLM@STER THE@TER ACTIVITIES 02.zip,,imas,永久,待分享,,10840
resource-a9e4b44837aa,百万现场,CD,THE@TER ACTIVITIES,[LACM-14533] THE IDOLM@STER THE@TER ACTIVITIES 03,,,ZIP,,/00-偶像大师 ALL IN ONE/3-百万现场/百万现场 音乐/08 LIVE THE@TER Voting series/THE@TER ACTIVITIES/[LACM-14533] THE IDOLM@STER THE@TER ACTIVITIES 03.zip,,imas,永久,待分享,,10850
resource-90382ddcb579,百万现场,CD,THE@TER BOOST,[LACM-14812] THE IDOLM@STER THE@TER BOOST 02,,,ZIP,,/00-偶像大师 ALL IN ONE/3-百万现场/百万现场 音乐/08 LIVE THE@TER Voting series/THE@TER BOOST/[LACM-14812] THE IDOLM@STER THE@TER BOOST 02.zip,,imas,永久,待分享,,10860
resource-78390ea825b7,百万现场,Hi-Res,THE@TER BOOST,Hi-Res,,,ZIP Hi-Res,,/00-偶像大师 ALL IN ONE/3-百万现场/百万现场 音乐/08 LIVE THE@TER Voting series/THE@TER BOOST/Hi-Res.zip,,imas,永久,待分享,,10870
resource-a29fafe71b93,百万现场,CD,THE@TER CHALLENGE,[LACM-14947] THE IDOLM@STER THE@TER CHALLENGE 01,,,ZIP,,/00-偶像大师 ALL IN ONE/3-百万现场/百万现场 音乐/08 LIVE THE@TER Voting series/THE@TER CHALLENGE/[LACM-14947] THE IDOLM@STER THE@TER CHALLENGE 01.zip,,imas,永久,待分享,,10880
resource-75253ad14cac,百万现场,CD,THE@TER CHALLENGE,[LACM-14948] THE IDOLM@STER THE@TER CHALLENGE 02,,,ZIP,,/00-偶像大师 ALL IN ONE/3-百万现场/百万现场 音乐/08 LIVE THE@TER Voting series/THE@TER CHALLENGE/[LACM-14948] THE IDOLM@STER THE@TER CHALLENGE 02.zip,,imas,永久,待分享,,10890
resource-36bb44acd2ea,百万现场,CD,THE@TER CHALLENGE,[LACM-14949] THE IDOLM@STER THE@TER CHALLENGE 03,,,ZIP,,/00-偶像大师 ALL IN ONE/3-百万现场/百万现场 音乐/08 LIVE THE@TER Voting series/THE@TER CHALLENGE/[LACM-14949] THE IDOLM@STER THE@TER CHALLENGE 03.zip,,imas,永久,待分享,,10900
resource-efa6273a687c,百万现场,CD,09 MILLION THE@TER GENERATION,[LACM-14631] THE IDOLM@STER MILLION THE@TER GENERATION 01 Brand New Theater!,,,ZIP,,/00-偶像大师 ALL IN ONE/3-百万现场/百万现场 音乐/09 MILLION THE@TER GENERATION/[LACM-14631] THE IDOLM@STER MILLION THE@TER GENERATION 01 Brand New Theater!.zip,,imas,永久,待分享,,10910
resource-5e928a71e0d1,百万现场,CD,09 MILLION THE@TER GENERATION,[LACM-14632] THE IDOLM@STER MILLION THE@TER GENERATION 02 フェアリースターズ,,,ZIP,,/00-偶像大师 ALL IN ONE/3-百万现场/百万现场 音乐/09 MILLION THE@TER GENERATION/[LACM-14632] THE IDOLM@STER MILLION THE@TER GENERATION 02 フェアリースターズ.zip,,imas,永久,待分享,,10920
resource-441f95bd76d0,百万现场,CD,09 MILLION THE@TER GENERATION,[LACM-14633] THE IDOLM@STER MILLION THE@TER GENERATION 03 エンジェルスターズ,,,ZIP,,/00-偶像大师 ALL IN ONE/3-百万现场/百万现场 音乐/09 MILLION THE@TER GENERATION/[LACM-14633] THE IDOLM@STER MILLION THE@TER GENERATION 03 エンジェルスターズ.zip,,imas,永久,待分享,,10930
resource-646fcd0929bd,百万现场,CD,09 MILLION THE@TER GENERATION,[LACM-14634] THE IDOLM@STER MILLION THE@TER GENERATION 04 プリンセススターズ,,,ZIP,,/00-偶像大师 ALL IN ONE/3-百万现场/百万现场 音乐/09 MILLION THE@TER GENERATION/[LACM-14634] THE IDOLM@STER MILLION THE@TER GENERATION 04 プリンセススターズ.zip,,imas,永久,待分享,,10940
resource-7def3abec118,百万现场,CD,09 MILLION THE@TER GENERATION,[LACM-14635] THE IDOLM@STER MILLION THE@TER GENERATION 05 夜想令嬢 -GRAC&E NOCTURNE-,,,ZIP,,/00-偶像大师 ALL IN ONE/3-百万现场/百万现场 音乐/09 MILLION THE@TER GENERATION/[LACM-14635] THE IDOLM@STER MILLION THE@TER GENERATION 05 夜想令嬢 -GRAC&E NOCTURNE-.zip,,imas,永久,待分享,,10950
resource-7b281b8b7e63,百万现场,CD,09 MILLION THE@TER GENERATION,[LACM-14636] THE IDOLM@STER MILLION THE@TER GENERATION 06 Cleasky,,,ZIP,,/00-偶像大师 ALL IN ONE/3-百万现场/百万现场 音乐/09 MILLION THE@TER GENERATION/[LACM-14636] THE IDOLM@STER MILLION THE@TER GENERATION 06 Cleasky.zip,,imas,永久,待分享,,10960
resource-434d238b15d7,百万现场,CD,09 MILLION THE@TER GENERATION,[LACM-14637] THE IDOLM@STER MILLION THE@TER GENERATION 07 トゥインクルリズム,,,ZIP,,/00-偶像大师 ALL IN ONE/3-百万现场/百万现场 音乐/09 MILLION THE@TER GENERATION/[LACM-14637] THE IDOLM@STER MILLION THE@TER GENERATION 07 トゥインクルリズム.zip,,imas,永久,待分享,,10970
resource-2e883e102e91,百万现场,CD,09 MILLION THE@TER GENERATION,[LACM-14638] THE IDOLM@STER MILLION THE@TER GENERATION 08 EScape,,,ZIP,,/00-偶像大师 ALL IN ONE/3-百万现场/百万现场 音乐/09 MILLION THE@TER GENERATION/[LACM-14638] THE IDOLM@STER MILLION THE@TER GENERATION 08 EScape.zip,,imas,永久,待分享,,10980
resource-bd1f188c83ce,百万现场,CD,09 MILLION THE@TER GENERATION,[LACM-14639] THE IDOLM@STER MILLION THE@TER GENERATION 09 4Luxury,,,ZIP,,/00-偶像大师 ALL IN ONE/3-百万现场/百万现场 音乐/09 MILLION THE@TER GENERATION/[LACM-14639] THE IDOLM@STER MILLION THE@TER GENERATION 09 4Luxury.zip,,imas,永久,待分享,,10990
resource-f49d00e5910a,百万现场,CD,09 MILLION THE@TER GENERATION,[LACM-14640] THE IDOLM@STER MILLION THE@TER GENERATION 10 閃光☆HANABI団,,,ZIP,,/00-偶像大师 ALL IN ONE/3-百万现场/百万现场 音乐/09 MILLION THE@TER GENERATION/[LACM-14640] THE IDOLM@STER MILLION THE@TER GENERATION 10 閃光☆HANABI団.zip,,imas,永久,待分享,,11000
resource-3169f7048abc,百万现场,CD,09 MILLION THE@TER GENERATION,[LACM-14641] THE IDOLM@STER MILLION THE@TER GENERATION 11 UNION!!,,,ZIP,,/00-偶像大师 ALL IN ONE/3-百万现场/百万现场 音乐/09 MILLION THE@TER GENERATION/[LACM-14641] THE IDOLM@STER MILLION THE@TER GENERATION 11 UNION!!.zip,,imas,永久,待分享,,11010
resource-bd55ef506752,百万现场,CD,09 MILLION THE@TER GENERATION,[LACM-14642] THE IDOLM@STER MILLION THE@TER GENERATION 12 DZeal,,,ZIP,,/00-偶像大师 ALL IN ONE/3-百万现场/百万现场 音乐/09 MILLION THE@TER GENERATION/[LACM-14642] THE IDOLM@STER MILLION THE@TER GENERATION 12 DZeal.zip,,imas,永久,待分享,,11020
resource-d24ffa886adb,百万现场,CD,09 MILLION THE@TER GENERATION,[LACM-14824] THE IDOLM@STER MILLION THE@TER GENERATION 14 Charlotte・Charlotte,,,ZIP,,/00-偶像大师 ALL IN ONE/3-百万现场/百万现场 音乐/09 MILLION THE@TER GENERATION/[LACM-14824] THE IDOLM@STER MILLION THE@TER GENERATION 14 Charlotte・Charlotte.zip,,imas,永久,待分享,,11030
resource-5ce1a66d4446,百万现场,CD,09 MILLION THE@TER GENERATION,[LACM-14825] THE IDOLM@STER MILLION THE@TER GENERATION 15 Jelly PoP Beans,,,ZIP,,/00-偶像大师 ALL IN ONE/3-百万现场/百万现场 音乐/09 MILLION THE@TER GENERATION/[LACM-14825] THE IDOLM@STER MILLION THE@TER GENERATION 15 Jelly PoP Beans.zip,,imas,永久,待分享,,11040
resource-651e8256f17a,百万现场,CD,09 MILLION THE@TER GENERATION,[LACM-14826] THE IDOLM@STER MILLION THE@TER GENERATION 16 ピコピコプラネッツ,,,ZIP,,/00-偶像大师 ALL IN ONE/3-百万现场/百万现场 音乐/09 MILLION THE@TER GENERATION/[LACM-14826] THE IDOLM@STER MILLION THE@TER GENERATION 16 ピコピコプラネッツ.zip,,imas,永久,待分享,,11050
resource-de127bea6066,百万现场,CD,09 MILLION THE@TER GENERATION,[LACM-14827] THE IDOLM@STER MILLION THE@TER GENERATION 17 STAR ELEMENTS,,,ZIP,,/00-偶像大师 ALL IN ONE/3-百万现场/百万现场 音乐/09 MILLION THE@TER GENERATION/[LACM-14827] THE IDOLM@STER MILLION THE@TER GENERATION 17 STAR ELEMENTS.zip,,imas,永久,待分享,,11060
resource-08ec49174772,百万现场,CD,09 MILLION THE@TER GENERATION,[LACM-14828] THE IDOLM@STER MILLION THE@TER GENERATION 18 765PRO ALLSTARS,,,ZIP,,/00-偶像大师 ALL IN ONE/3-百万现场/百万现场 音乐/09 MILLION THE@TER GENERATION/[LACM-14828] THE IDOLM@STER MILLION THE@TER GENERATION 18 765PRO ALLSTARS.zip,,imas,永久,待分享,,11070
resource-ca1ad4be1ebe,百万现场,Hi-Res,09 MILLION THE@TER GENERATION,THE IDOLM@STER MILLION THE@TER GENERATION 01 Brand New Theater!,,,ZIP Hi-Res,,/00-偶像大师 ALL IN ONE/3-百万现场/百万现场 音乐/09 MILLION THE@TER GENERATION/Hi-Res/THE IDOLM@STER MILLION THE@TER GENERATION 01 Brand New Theater!.zip,,imas,永久,待分享,,11080
resource-9040c6140ccc,百万现场,Hi-Res,09 MILLION THE@TER GENERATION,THE IDOLM@STER MILLION THE@TER GENERATION 03 エンジェルスターズ,,,ZIP Hi-Res,,/00-偶像大师 ALL IN ONE/3-百万现场/百万现场 音乐/09 MILLION THE@TER GENERATION/Hi-Res/THE IDOLM@STER MILLION THE@TER GENERATION 03 エンジェルスターズ.zip,,imas,永久,待分享,,11090
resource-d0e244555e58,百万现场,Hi-Res,09 MILLION THE@TER GENERATION,THE IDOLM@STER MILLION THE@TER GENERATION 04 プリンセススターズ,,,ZIP Hi-Res,,/00-偶像大师 ALL IN ONE/3-百万现场/百万现场 音乐/09 MILLION THE@TER GENERATION/Hi-Res/THE IDOLM@STER MILLION THE@TER GENERATION 04 プリンセススターズ.zip,,imas,永久,待分享,,11100
resource-db0ed68076ae,百万现场,Hi-Res,09 MILLION THE@TER GENERATION,THE IDOLM@STER MILLION THE@TER GENERATION 05,,,ZIP Hi-Res,,/00-偶像大师 ALL IN ONE/3-百万现场/百万现场 音乐/09 MILLION THE@TER GENERATION/Hi-Res/THE IDOLM@STER MILLION THE@TER GENERATION 05.zip,,imas,永久,待分享,,11110
resource-ca6921c075db,百万现场,Hi-Res,09 MILLION THE@TER GENERATION,THE IDOLM@STER MILLION THE@TER GENERATION 06,,,ZIP Hi-Res,,/00-偶像大师 ALL IN ONE/3-百万现场/百万现场 音乐/09 MILLION THE@TER GENERATION/Hi-Res/THE IDOLM@STER MILLION THE@TER GENERATION 06.zip,,imas,永久,待分享,,11120
resource-a846922b5c74,百万现场,Hi-Res,09 MILLION THE@TER GENERATION,THE IDOLM@STER MILLION THE@TER GENERATION 07,,,ZIP Hi-Res,,/00-偶像大师 ALL IN ONE/3-百万现场/百万现场 音乐/09 MILLION THE@TER GENERATION/Hi-Res/THE IDOLM@STER MILLION THE@TER GENERATION 07.zip,,imas,永久,待分享,,11130
resource-9745ba80cd55,百万现场,Hi-Res,09 MILLION THE@TER GENERATION,THE IDOLM@STER MILLION THE@TER GENERATION 08 EScape,,,ZIP Hi-Res,,/00-偶像大师 ALL IN ONE/3-百万现场/百万现场 音乐/09 MILLION THE@TER GENERATION/Hi-Res/THE IDOLM@STER MILLION THE@TER GENERATION 08 EScape.zip,,imas,永久,待分享,,11140
resource-512074f27e6b,百万现场,Hi-Res,09 MILLION THE@TER GENERATION,THE IDOLM@STER MILLION THE@TER GENERATION 09,,,ZIP Hi-Res,,/00-偶像大师 ALL IN ONE/3-百万现场/百万现场 音乐/09 MILLION THE@TER GENERATION/Hi-Res/THE IDOLM@STER MILLION THE@TER GENERATION 09.zip,,imas,永久,待分享,,11150
resource-5c8adfd15032,百万现场,Hi-Res,09 MILLION THE@TER GENERATION,THE IDOLM@STER MILLION THE@TER GENERATION 10,,,ZIP Hi-Res,,/00-偶像大师 ALL IN ONE/3-百万现场/百万现场 音乐/09 MILLION THE@TER GENERATION/Hi-Res/THE IDOLM@STER MILLION THE@TER GENERATION 10.zip,,imas,永久,待分享,,11160
resource-ce4b6b4a5ce9,百万现场,Hi-Res,09 MILLION THE@TER GENERATION,THE IDOLM@STER MILLION THE@TER GENERATION 11 UNION!!,,,ZIP Hi-Res,,/00-偶像大师 ALL IN ONE/3-百万现场/百万现场 音乐/09 MILLION THE@TER GENERATION/Hi-Res/THE IDOLM@STER MILLION THE@TER GENERATION 11 UNION!!.zip,,imas,永久,待分享,,11170
resource-a6c54c2c141b,百万现场,Hi-Res,09 MILLION THE@TER GENERATION,THE IDOLM@STER MILLION THE@TER GENERATION 12,,,ZIP Hi-Res,,/00-偶像大师 ALL IN ONE/3-百万现场/百万现场 音乐/09 MILLION THE@TER GENERATION/Hi-Res/THE IDOLM@STER MILLION THE@TER GENERATION 12.zip,,imas,永久,待分享,,11180
resource-5bfe6a61f2c7,百万现场,Hi-Res,09 MILLION THE@TER GENERATION,THE IDOLM@STER MILLION THE@TER GENERATION 13,,,ZIP Hi-Res,,/00-偶像大师 ALL IN ONE/3-百万现场/百万现场 音乐/09 MILLION THE@TER GENERATION/Hi-Res/THE IDOLM@STER MILLION THE@TER GENERATION 13.zip,,imas,永久,待分享,,11190
resource-bbfb622d6856,百万现场,Hi-Res,09 MILLION THE@TER GENERATION,THE IDOLM@STER MILLION THE@TER GENERATION 14,,,ZIP Hi-Res,,/00-偶像大师 ALL IN ONE/3-百万现场/百万现场 音乐/09 MILLION THE@TER GENERATION/Hi-Res/THE IDOLM@STER MILLION THE@TER GENERATION 14.zip,,imas,永久,待分享,,11200
resource-74b192eb4725,百万现场,Hi-Res,09 MILLION THE@TER GENERATION,THE IDOLM@STER MILLION THE@TER GENERATION 15 Jell,,,ZIP Hi-Res,,/00-偶像大师 ALL IN ONE/3-百万现场/百万现场 音乐/09 MILLION THE@TER GENERATION/Hi-Res/THE IDOLM@STER MILLION THE@TER GENERATION 15 Jell.zip,,imas,永久,待分享,,11210
resource-1e3ecae55fe1,百万现场,Hi-Res,09 MILLION THE@TER GENERATION,THE IDOLM@STER MILLION THE@TER GENERATION 16 ピコピコプラネッツ,,,ZIP Hi-Res,,/00-偶像大师 ALL IN ONE/3-百万现场/百万现场 音乐/09 MILLION THE@TER GENERATION/Hi-Res/THE IDOLM@STER MILLION THE@TER GENERATION 16 ピコピコプラネッツ.zip,,imas,永久,待分享,,11220
resource-52040c24b3ec,百万现场,Hi-Res,09 MILLION THE@TER GENERATION,THE IDOLM@STER MILLION THE@TER GENERATION 17,,,ZIP Hi-Res,,/00-偶像大师 ALL IN ONE/3-百万现场/百万现场 音乐/09 MILLION THE@TER GENERATION/Hi-Res/THE IDOLM@STER MILLION THE@TER GENERATION 17.zip,,imas,永久,待分享,,11230
resource-28704d8d1e0e,百万现场,Hi-Res,09 MILLION THE@TER GENERATION,THE IDOLM@STER MILLION THE@TER GENERATION 18,,,ZIP Hi-Res,,/00-偶像大师 ALL IN ONE/3-百万现场/百万现场 音乐/09 MILLION THE@TER GENERATION/Hi-Res/THE IDOLM@STER MILLION THE@TER GENERATION 18.zip,,imas,永久,待分享,,11240
resource-dae79b4ac7aa,百万现场,CD,10 MILLION THE@TER WAVE,[LACM-14891] THE IDOLM@STER MILLION THE@TER WAVE 01 Flyers!!!,,,ZIP,,/00-偶像大师 ALL IN ONE/3-百万现场/百万现场 音乐/10 MILLION THE@TER WAVE/[LACM-14891] THE IDOLM@STER MILLION THE@TER WAVE 01 Flyers!!!.zip,,imas,永久,待分享,,11250
resource-40653544a64e,百万现场,CD,10 MILLION THE@TER WAVE,[LACM-14892] THE IDOLM@STER MILLION THE@TER WAVE 02 Chrono-Lexica,,,ZIP,,/00-偶像大师 ALL IN ONE/3-百万现场/百万现场 音乐/10 MILLION THE@TER WAVE/[LACM-14892] THE IDOLM@STER MILLION THE@TER WAVE 02 Chrono-Lexica.zip,,imas,永久,待分享,,11260
resource-5f364592142e,百万现场,CD,10 MILLION THE@TER WAVE,[LACM-14893] THE IDOLM@STER MILLION THE@TER WAVE 03 Xs,,,ZIP,,/00-偶像大师 ALL IN ONE/3-百万现场/百万现场 音乐/10 MILLION THE@TER WAVE/[LACM-14893] THE IDOLM@STER MILLION THE@TER WAVE 03 Xs.zip,,imas,永久,待分享,,11270
resource-4ef0bca774ba,百万现场,CD,10 MILLION THE@TER WAVE,[LACM-14894] THE IDOLM@STER MILLION THE@TER WAVE 04 Sherry 'n Cherry,,,ZIP,,/00-偶像大师 ALL IN ONE/3-百万现场/百万现场 音乐/10 MILLION THE@TER WAVE/[LACM-14894] THE IDOLM@STER MILLION THE@TER WAVE 04 Sherry 'n Cherry.zip,,imas,永久,待分享,,11280
resource-67c3cf2b2aa4,百万现场,CD,10 MILLION THE@TER WAVE,[LACM-14895] THE IDOLM@STER MILLION THE@TER WAVE 05 ARCANA,,,ZIP,,/00-偶像大师 ALL IN ONE/3-百万现场/百万现场 音乐/10 MILLION THE@TER WAVE/[LACM-14895] THE IDOLM@STER MILLION THE@TER WAVE 05 ARCANA.zip,,imas,永久,待分享,,11290
resource-1a973c4e0811,百万现场,CD,10 MILLION THE@TER WAVE,[LACM-14896] THE IDOLM@STER MILLION THE@TER WAVE 06 花咲夜,,,ZIP,,/00-偶像大师 ALL IN ONE/3-百万现场/百万现场 音乐/10 MILLION THE@TER WAVE/[LACM-14896] THE IDOLM@STER MILLION THE@TER WAVE 06 花咲夜.zip,,imas,永久,待分享,,11300
resource-9e7daeef1f77,百万现场,CD,10 MILLION THE@TER WAVE,[LACM-14897] THE IDOLM@STER MILLION THE@TER WAVE 07 Jus-2-Mint,,,ZIP,,/00-偶像大师 ALL IN ONE/3-百万现场/百万现场 音乐/10 MILLION THE@TER WAVE/[LACM-14897] THE IDOLM@STER MILLION THE@TER WAVE 07 Jus-2-Mint.zip,,imas,永久,待分享,,11310
resource-9f4d7d22f2ea,百万现场,CD,10 MILLION THE@TER WAVE,[LACM-14898] THE IDOLM@STER MILLION THE@TER WAVE 08 miraclesonic★expassion,,,ZIP,,/00-偶像大师 ALL IN ONE/3-百万现场/百万现场 音乐/10 MILLION THE@TER WAVE/[LACM-14898] THE IDOLM@STER MILLION THE@TER WAVE 08 miraclesonic★expassion.zip,,imas,永久,待分享,,11320
resource-a9972a7762b4,百万现场,CD,10 MILLION THE@TER WAVE,[LACM-14899] THE IDOLM@STER MILLION THE@TER WAVE 09 Fleuranges,,,ZIP,,/00-偶像大师 ALL IN ONE/3-百万现场/百万现场 音乐/10 MILLION THE@TER WAVE/[LACM-14899] THE IDOLM@STER MILLION THE@TER WAVE 09 Fleuranges.zip,,imas,永久,待分享,,11330
resource-73ea257c65ae,百万现场,CD,10 MILLION THE@TER WAVE,[LACM-14900] THE IDOLM@STER MILLION THE@TER WAVE 10 Glow Map,,,ZIP,,/00-偶像大师 ALL IN ONE/3-百万现场/百万现场 音乐/10 MILLION THE@TER WAVE/[LACM-14900] THE IDOLM@STER MILLION THE@TER WAVE 10 Glow Map.zip,,imas,永久,待分享,,11340
resource-9260f6823c04,百万现场,CD,10 MILLION THE@TER WAVE,[LACM-14901] THE IDOLM@STER MILLION THE@TER WAVE 11 Opera Seria Kiramekiza,,,ZIP,,/00-偶像大师 ALL IN ONE/3-百万现场/百万现场 音乐/10 MILLION THE@TER WAVE/[LACM-14901] THE IDOLM@STER MILLION THE@TER WAVE 11 Opera Seria Kiramekiza.zip,,imas,永久,待分享,,11350
resource-916e694d8686,百万现场,CD,10 MILLION THE@TER WAVE,[LACM-14902] THE IDOLM@STER MILLION THE@TER WAVE 12 Diamond Diver◇,,,ZIP,,/00-偶像大师 ALL IN ONE/3-百万现场/百万现场 音乐/10 MILLION THE@TER WAVE/[LACM-14902] THE IDOLM@STER MILLION THE@TER WAVE 12 Diamond Diver◇.zip,,imas,永久,待分享,,11360
resource-03ae54c6aaaf,百万现场,CD,10 MILLION THE@TER WAVE,[LACM-14903] THE IDOLM@STER MILLION THE@TER WAVE 13 TIntMe!,,,ZIP,,/00-偶像大师 ALL IN ONE/3-百万现场/百万现场 音乐/10 MILLION THE@TER WAVE/[LACM-14903] THE IDOLM@STER MILLION THE@TER WAVE 13 TIntMe!.zip,,imas,永久,待分享,,11370
resource-010711a4d0d4,百万现场,CD,10 MILLION THE@TER WAVE,[LACM-14904] THE IDOLM@STER MILLION THE@TER WAVE 14 TRICK&TREAT,,,ZIP,,/00-偶像大师 ALL IN ONE/3-百万现场/百万现场 音乐/10 MILLION THE@TER WAVE/[LACM-14904] THE IDOLM@STER MILLION THE@TER WAVE 14 TRICK&TREAT.zip,,imas,永久,待分享,,11380
resource-1c8454ccdaf2,百万现场,CD,10 MILLION THE@TER WAVE,[LACM-14905] THE IDOLM@STER MILLION THE@TER WAVE 15 chicAAmor,,,ZIP,,/00-偶像大师 ALL IN ONE/3-百万现场/百万现场 音乐/10 MILLION THE@TER WAVE/[LACM-14905] THE IDOLM@STER MILLION THE@TER WAVE 15 chicAAmor.zip,,imas,永久,待分享,,11390
resource-a5780ce2cdb5,百万现场,CD,10 MILLION THE@TER WAVE,[LACM-14906] THE IDOLM@STER MILLION THE@TER WAVE 16 ≡Kimidori≡,,,ZIP,,/00-偶像大师 ALL IN ONE/3-百万现场/百万现场 音乐/10 MILLION THE@TER WAVE/[LACM-14906] THE IDOLM@STER MILLION THE@TER WAVE 16 ≡Kimidori≡.zip,,imas,永久,待分享,,11400
resource-60c3be4a5201,百万现场,CD,10 MILLION THE@TER WAVE,[LACM-14907] THE IDOLM@STER MILLION THE@TER WAVE 17 ARMooo,,,ZIP,,/00-偶像大师 ALL IN ONE/3-百万现场/百万现场 音乐/10 MILLION THE@TER WAVE/[LACM-14907] THE IDOLM@STER MILLION THE@TER WAVE 17 ARMooo.zip,,imas,永久,待分享,,11410
resource-cb9b8ac04f9f,百万现场,CD,10 MILLION THE@TER WAVE,[LACM-14908] THE IDOLM@STER MILLION THE@TER WAVE 18 ストロベリーポップムーン,,,ZIP,,/00-偶像大师 ALL IN ONE/3-百万现场/百万现场 音乐/10 MILLION THE@TER WAVE/[LACM-14908] THE IDOLM@STER MILLION THE@TER WAVE 18 ストロベリーポップムーン.zip,,imas,永久,待分享,,11420
resource-4ce3b01cfcbc,百万现场,Hi-Res,10 MILLION THE@TER WAVE,THE IDOLM@STER MILLION THE@TER WAVE 01 Flyers!!!,,,FLAC / WAV Hi-Res,,/00-偶像大师 ALL IN ONE/3-百万现场/百万现场 音乐/10 MILLION THE@TER WAVE/Hi-Res/THE IDOLM@STER MILLION THE@TER WAVE 01 Flyers!!!,,imas,永久,待分享,,11430
resource-c03e68abab8e,百万现场,Hi-Res,10 MILLION THE@TER WAVE,THE IDOLM@STER MILLION THE@TER WAVE 02 Chrono-Lexica,,,FLAC / WAV Hi-Res,,/00-偶像大师 ALL IN ONE/3-百万现场/百万现场 音乐/10 MILLION THE@TER WAVE/Hi-Res/THE IDOLM@STER MILLION THE@TER WAVE 02 Chrono-Lexica,,imas,永久,待分享,,11440
resource-72da0d0eba27,百万现场,Hi-Res,10 MILLION THE@TER WAVE,THE IDOLM@STER MILLION THE@TER WAVE 03 Xs,,,FLAC / WAV Hi-Res,,/00-偶像大师 ALL IN ONE/3-百万现场/百万现场 音乐/10 MILLION THE@TER WAVE/Hi-Res/THE IDOLM@STER MILLION THE@TER WAVE 03 Xs,,imas,永久,待分享,,11450
resource-6e1cd82daf68,百万现场,CD,11 MILLION THE@TER SEASON,THE IDOLM@STER MILLION THE@TER SEASON 夢にかけるRainbow,,,ZIP,,/00-偶像大师 ALL IN ONE/3-百万现场/百万现场 音乐/11 MILLION THE@TER SEASON/THE IDOLM@STER MILLION THE@TER SEASON 夢にかけるRainbow.zip,,imas,永久,待分享,,11460
resource-af9a88b1feb9,百万现场,CD,11 MILLION THE@TER SEASON,THE IDOLM@STER MILLION THE@TER SEASON BRIGHT DIAMOND,,,ZIP,,/00-偶像大师 ALL IN ONE/3-百万现场/百万现场 音乐/11 MILLION THE@TER SEASON/THE IDOLM@STER MILLION THE@TER SEASON BRIGHT DIAMOND.zip,,imas,永久,待分享,,11470
resource-4b26d666c0b9,百万现场,CD,11 MILLION THE@TER SEASON,THE IDOLM@STER MILLION THE@TER SEASON CLEVER CLOVER,,,ZIP,,/00-偶像大师 ALL IN ONE/3-百万现场/百万现场 音乐/11 MILLION THE@TER SEASON/THE IDOLM@STER MILLION THE@TER SEASON CLEVER CLOVER.zip,,imas,永久,待分享,,11480
resource-236bec14da4a,百万现场,CD,11 MILLION THE@TER SEASON,THE IDOLM@STER MILLION THE@TER SEASON FINAL,,,ZIP,,/00-偶像大师 ALL IN ONE/3-百万现场/百万现场 音乐/11 MILLION THE@TER SEASON/THE IDOLM@STER MILLION THE@TER SEASON FINAL.zip,,imas,永久,待分享,,11490
resource-98370d54aeb4,百万现场,CD,11 MILLION THE@TER SEASON,THE IDOLM@STER MILLION THE@TER SEASON Harmony 4 You,,,ZIP,,/00-偶像大师 ALL IN ONE/3-百万现场/百万现场 音乐/11 MILLION THE@TER SEASON/THE IDOLM@STER MILLION THE@TER SEASON Harmony 4 You.zip,,imas,永久,待分享,,11500
resource-677e7aa97875,百万现场,CD,11 MILLION THE@TER SEASON,THE IDOLM@STER MILLION THE@TER SEASON LOVERS HEART,,,ZIP,,/00-偶像大师 ALL IN ONE/3-百万现场/百万现场 音乐/11 MILLION THE@TER SEASON/THE IDOLM@STER MILLION THE@TER SEASON LOVERS HEART.zip,,imas,永久,待分享,,11510
resource-c60b3b7c5e7f,百万现场,CD,11 MILLION THE@TER SEASON,THE IDOLM@STER MILLION THE@TER SEASON SHADE OF SPADE,,,ZIP,,/00-偶像大师 ALL IN ONE/3-百万现场/百万现场 音乐/11 MILLION THE@TER SEASON/THE IDOLM@STER MILLION THE@TER SEASON SHADE OF SPADE.zip,,imas,永久,待分享,,11520
resource-933539c23643,百万现场,CD,12 MILLION THE@TER VARIETY,[LACM-24236] THE IDOLM@STER MILLION THE@TER VARIETY 01,,,ZIP,,/00-偶像大师 ALL IN ONE/3-百万现场/百万现场 音乐/12 MILLION THE@TER VARIETY/[LACM-24236] THE IDOLM@STER MILLION THE@TER VARIETY 01.zip,,imas,永久,待分享,,11530
resource-82549cf13b1b,百万现场,CD,12 MILLION THE@TER VARIETY,[LACM-24237] THE IDOLM@STER MILLION THE@TER VARIETY 02,,,ZIP,,/00-偶像大师 ALL IN ONE/3-百万现场/百万现场 音乐/12 MILLION THE@TER VARIETY/[LACM-24237] THE IDOLM@STER MILLION THE@TER VARIETY 02.zip,,imas,永久,待分享,,11540
resource-04196321a9c8,百万现场,CD,12 MILLION THE@TER VARIETY,[LACM-24238] THE IDOLM@STER MILLION THE@TER VARIETY 03,,,ZIP,,/00-偶像大师 ALL IN ONE/3-百万现场/百万现场 音乐/12 MILLION THE@TER VARIETY/[LACM-24238] THE IDOLM@STER MILLION THE@TER VARIETY 03.zip,,imas,永久,待分享,,11550
resource-7d00e9ffb507,百万现场,CD,12 MILLION THE@TER VARIETY,[LACM-24239] THE IDOLM@STER MILLION THE@TER VARIETY 04,,,ZIP,,/00-偶像大师 ALL IN ONE/3-百万现场/百万现场 音乐/12 MILLION THE@TER VARIETY/[LACM-24239] THE IDOLM@STER MILLION THE@TER VARIETY 04.zip,,imas,永久,待分享,,11560
resource-0fbe90d154cb,百万现场,CD,12 MILLION THE@TER VARIETY,[LACM-24240] THE IDOLM@STER MILLION THE@TER VARIETY 05,,,ZIP,,/00-偶像大师 ALL IN ONE/3-百万现场/百万现场 音乐/12 MILLION THE@TER VARIETY/[LACM-24240] THE IDOLM@STER MILLION THE@TER VARIETY 05.zip,,imas,永久,待分享,,11570
resource-fb142d0c7e2f,百万现场,CD,13 MILLION LIVE! M@STER SPARKLE,THE IDOLM@STER MILLION LIVE! M@STER SPARKLE 01,,,ZIP,,/00-偶像大师 ALL IN ONE/3-百万现场/百万现场 音乐/13 MILLION LIVE! M@STER SPARKLE/THE IDOLM@STER MILLION LIVE! M@STER SPARKLE 01.zip,,imas,永久,待分享,,11580
resource-ee8a0d692422,百万现场,CD,13 MILLION LIVE! M@STER SPARKLE,THE IDOLM@STER MILLION LIVE! M@STER SPARKLE 02,,,ZIP,,/00-偶像大师 ALL IN ONE/3-百万现场/百万现场 音乐/13 MILLION LIVE! M@STER SPARKLE/THE IDOLM@STER MILLION LIVE! M@STER SPARKLE 02.zip,,imas,永久,待分享,,11590
resource-d6421c956f28,百万现场,CD,13 MILLION LIVE! M@STER SPARKLE,THE IDOLM@STER MILLION LIVE! M@STER SPARKLE 03,,,ZIP,,/00-偶像大师 ALL IN ONE/3-百万现场/百万现场 音乐/13 MILLION LIVE! M@STER SPARKLE/THE IDOLM@STER MILLION LIVE! M@STER SPARKLE 03.zip,,imas,永久,待分享,,11600
resource-8c2298cb35d0,百万现场,CD,13 MILLION LIVE! M@STER SPARKLE,THE IDOLM@STER MILLION LIVE! M@STER SPARKLE 04,,,ZIP,,/00-偶像大师 ALL IN ONE/3-百万现场/百万现场 音乐/13 MILLION LIVE! M@STER SPARKLE/THE IDOLM@STER MILLION LIVE! M@STER SPARKLE 04.zip,,imas,永久,待分享,,11610
resource-e1627e90b20a,百万现场,CD,13 MILLION LIVE! M@STER SPARKLE,THE IDOLM@STER MILLION LIVE! M@STER SPARKLE 05,,,ZIP,,/00-偶像大师 ALL IN ONE/3-百万现场/百万现场 音乐/13 MILLION LIVE! M@STER SPARKLE/THE IDOLM@STER MILLION LIVE! M@STER SPARKLE 05.zip,,imas,永久,待分享,,11620
resource-4bff0bd0aba2,百万现场,CD,13 MILLION LIVE! M@STER SPARKLE,THE IDOLM@STER MILLION LIVE! M@STER SPARKLE 06,,,ZIP,,/00-偶像大师 ALL IN ONE/3-百万现场/百万现场 音乐/13 MILLION LIVE! M@STER SPARKLE/THE IDOLM@STER MILLION LIVE! M@STER SPARKLE 06.zip,,imas,永久,待分享,,11630
resource-e66051bc58c9,百万现场,CD,13 MILLION LIVE! M@STER SPARKLE,THE IDOLM@STER MILLION LIVE! M@STER SPARKLE 07,,,ZIP,,/00-偶像大师 ALL IN ONE/3-百万现场/百万现场 音乐/13 MILLION LIVE! M@STER SPARKLE/THE IDOLM@STER MILLION LIVE! M@STER SPARKLE 07.zip,,imas,永久,待分享,,11640
resource-3299c28b197c,百万现场,CD,13 MILLION LIVE! M@STER SPARKLE,THE IDOLM@STER MILLION LIVE! M@STER SPARKLE 08,,,ZIP,,/00-偶像大师 ALL IN ONE/3-百万现场/百万现场 音乐/13 MILLION LIVE! M@STER SPARKLE/THE IDOLM@STER MILLION LIVE! M@STER SPARKLE 08.zip,,imas,永久,待分享,,11650
resource-26d828974aca,百万现场,CD,14 MILLION LIVE! M@STER SPARKLE2,THE IDOLM@STER MILLION LIVE! M@STER SPARKLE2 01,,,ZIP,,/00-偶像大师 ALL IN ONE/3-百万现场/百万现场 音乐/14 MILLION LIVE! M@STER SPARKLE2/THE IDOLM@STER MILLION LIVE! M@STER SPARKLE2 01.zip,,imas,永久,待分享,,11660
resource-b364be48a57c,百万现场,CD,14 MILLION LIVE! M@STER SPARKLE2,THE IDOLM@STER MILLION LIVE! M@STER SPARKLE2 02,,,ZIP,,/00-偶像大师 ALL IN ONE/3-百万现场/百万现场 音乐/14 MILLION LIVE! M@STER SPARKLE2/THE IDOLM@STER MILLION LIVE! M@STER SPARKLE2 02.zip,,imas,永久,待分享,,11670
resource-718f2d7a4c1a,百万现场,CD,14 MILLION LIVE! M@STER SPARKLE2,THE IDOLM@STER MILLION LIVE! M@STER SPARKLE2 03,,,ZIP,,/00-偶像大师 ALL IN ONE/3-百万现场/百万现场 音乐/14 MILLION LIVE! M@STER SPARKLE2/THE IDOLM@STER MILLION LIVE! M@STER SPARKLE2 03.zip,,imas,永久,待分享,,11680
resource-ccea2732aac0,百万现场,CD,14 MILLION LIVE! M@STER SPARKLE2,THE IDOLM@STER MILLION LIVE! M@STER SPARKLE2 04,,,ZIP,,/00-偶像大师 ALL IN ONE/3-百万现场/百万现场 音乐/14 MILLION LIVE! M@STER SPARKLE2/THE IDOLM@STER MILLION LIVE! M@STER SPARKLE2 04.zip,,imas,永久,待分享,,11690
resource-c5fe5f41c904,百万现场,CD,14 MILLION LIVE! M@STER SPARKLE2,THE IDOLM@STER MILLION LIVE! M@STER SPARKLE2 05,,,ZIP,,/00-偶像大师 ALL IN ONE/3-百万现场/百万现场 音乐/14 MILLION LIVE! M@STER SPARKLE2/THE IDOLM@STER MILLION LIVE! M@STER SPARKLE2 05.zip,,imas,永久,待分享,,11700
resource-4bbdc3931501,百万现场,CD,14 MILLION LIVE! M@STER SPARKLE2,THE IDOLM@STER MILLION LIVE! M@STER SPARKLE2 06,,,ZIP,,/00-偶像大师 ALL IN ONE/3-百万现场/百万现场 音乐/14 MILLION LIVE! M@STER SPARKLE2/THE IDOLM@STER MILLION LIVE! M@STER SPARKLE2 06.zip,,imas,永久,待分享,,11710
resource-aaa3ad0d433e,百万现场,CD,14 MILLION LIVE! M@STER SPARKLE2,THE IDOLM@STER MILLION LIVE! M@STER SPARKLE2 07 (wav+cue+log),,,ZIP,,/00-偶像大师 ALL IN ONE/3-百万现场/百万现场 音乐/14 MILLION LIVE! M@STER SPARKLE2/THE IDOLM@STER MILLION LIVE! M@STER SPARKLE2 07 (wav+cue+log).zip,,imas,永久,待分享,,11720
resource-2537d935ea72,百万现场,CD,14 MILLION LIVE! M@STER SPARKLE2,THE IDOLM@STER MILLION LIVE! M@STER SPARKLE2 08 (wav+cue+log),,,ZIP,,/00-偶像大师 ALL IN ONE/3-百万现场/百万现场 音乐/14 MILLION LIVE! M@STER SPARKLE2/THE IDOLM@STER MILLION LIVE! M@STER SPARKLE2 08 (wav+cue+log).zip,,imas,永久,待分享,,11730
resource-b9e3b09b9005,百万现场,CD,14 MILLION LIVE! M@STER SPARKLE2,THE IDOLM@STER MILLION LIVE! M@STER SPARKLE2 09,,,ZIP,,/00-偶像大师 ALL IN ONE/3-百万现场/百万现场 音乐/14 MILLION LIVE! M@STER SPARKLE2/THE IDOLM@STER MILLION LIVE! M@STER SPARKLE2 09.zip,,imas,永久,待分享,,11740
resource-9eb0a421a291,百万现场,CD,14 MILLION LIVE! M@STER SPARKLE2,THE IDOLM@STER MILLION LIVE! M@STER SPARKLE2 10,,,ZIP,,/00-偶像大师 ALL IN ONE/3-百万现场/百万现场 音乐/14 MILLION LIVE! M@STER SPARKLE2/THE IDOLM@STER MILLION LIVE! M@STER SPARKLE2 10.zip,,imas,永久,待分享,,11750
resource-81761dca5a15,百万现场,CD,15 MILLION C@STING,[LACM-24471] THE IDOLM@STER MILLION C@STING 01 解夏傀儡,,,ZIP,,/00-偶像大师 ALL IN ONE/3-百万现场/百万现场 音乐/15 MILLION C@STING/[LACM-24471] THE IDOLM@STER MILLION C@STING 01 解夏傀儡.zip,,imas,永久,待分享,,11760
resource-4dde0ac8ebf1,百万现场,CD,15 MILLION C@STING,[LACM-24472] THE IDOLM@STER MILLION C@STING 02 エンダーエンダー,,,ZIP,,/00-偶像大师 ALL IN ONE/3-百万现场/百万现场 音乐/15 MILLION C@STING/[LACM-24472] THE IDOLM@STER MILLION C@STING 02 エンダーエンダー.zip,,imas,永久,待分享,,11770
resource-27c32a7bcff3,百万现场,CD,15 MILLION C@STING,[LACM-24473] THE IDOLM@STER MILLION C@STING 03 ミステイク・マーダー！,,,ZIP,,/00-偶像大师 ALL IN ONE/3-百万现场/百万现场 音乐/15 MILLION C@STING/[LACM-24473] THE IDOLM@STER MILLION C@STING 03 ミステイク・マーダー！.zip,,imas,永久,待分享,,11780
resource-88765fa1c689,百万现场,CD,15 MILLION C@STING,[LACM-24474] THE IDOLM@STER MILLION C@STING 04 銀のテーブル木苺ジャム,,,ZIP,,/00-偶像大师 ALL IN ONE/3-百万现场/百万现场 音乐/15 MILLION C@STING/[LACM-24474] THE IDOLM@STER MILLION C@STING 04 銀のテーブル木苺ジャム.zip,,imas,永久,待分享,,11790
resource-47bd6e0d0efa,百万现场,CD,MOVEMENT OF ASTROLOGIA,[LACM-24585] THE IDOLM@STER MILLION MOVEMENT OF ASTROLOGIA 01 SunRiser,,,ZIP,,/00-偶像大师 ALL IN ONE/3-百万现场/百万现场 音乐/16 MILLION MOVEMENT series/MOVEMENT OF ASTROLOGIA/[LACM-24585] THE IDOLM@STER MILLION MOVEMENT OF ASTROLOGIA 01 SunRiser.zip,,imas,永久,待分享,,11800
resource-9ddaefe9c478,百万现场,CD,MOVEMENT OF ASTROLOGIA,[LACM-24586] THE IDOLM@STER MILLION MOVEMENT OF ASTROLOGIA 02 ilLUmiNAte!,,,ZIP,,/00-偶像大师 ALL IN ONE/3-百万现场/百万现场 音乐/16 MILLION MOVEMENT series/MOVEMENT OF ASTROLOGIA/[LACM-24586] THE IDOLM@STER MILLION MOVEMENT OF ASTROLOGIA 02 ilLUmiNAte! .zip,,imas,永久,待分享,,11810
resource-d7b781968f3b,百万现场,CD,MOVEMENT OF ASTROLOGIA,[LACM-24587] THE IDOLM@STER MILLION MOVEMENT OF ASTROLOGIA 03 Stellar Light,,,ZIP,,/00-偶像大师 ALL IN ONE/3-百万现场/百万现场 音乐/16 MILLION MOVEMENT series/MOVEMENT OF ASTROLOGIA/[LACM-24587] THE IDOLM@STER MILLION MOVEMENT OF ASTROLOGIA 03 Stellar Light.zip,,imas,永久,待分享,,11820
resource-005b4a50e309,百万现场,CD,MOVEMENT OF STARDOM ROAD,[LACM-24611] THE IDOLM@STER MILLION MOVEMENT OF STARDOM ROAD 01 Idol Stairway,,,ZIP,,/00-偶像大师 ALL IN ONE/3-百万现场/百万现场 音乐/16 MILLION MOVEMENT series/MOVEMENT OF STARDOM ROAD/[LACM-24611] THE IDOLM@STER MILLION MOVEMENT OF STARDOM ROAD 01 Idol Stairway.zip,,imas,永久,待分享,,11830
resource-9ee16ef02a11,百万现场,CD,MOVEMENT OF STARDOM ROAD,[LACM-24612] THE IDOLM@STER MILLION MOVEMENT OF STARDOM ROAD 02 Upper Dog,,,ZIP,,/00-偶像大师 ALL IN ONE/3-百万现场/百万现场 音乐/16 MILLION MOVEMENT series/MOVEMENT OF STARDOM ROAD/[LACM-24612] THE IDOLM@STER MILLION MOVEMENT OF STARDOM ROAD 02 Upper Dog.zip,,imas,永久,待分享,,11840
resource-d33537800cfa,百万现场,CD,MOVEMENT OF STARDOM ROAD,[LACM-24613] THE IDOLM@STER MILLION MOVEMENT OF STARDOM ROAD 03 Hypernova,,,ZIP,,/00-偶像大师 ALL IN ONE/3-百万现场/百万现场 音乐/16 MILLION MOVEMENT series/MOVEMENT OF STARDOM ROAD/[LACM-24613] THE IDOLM@STER MILLION MOVEMENT OF STARDOM ROAD 03 Hypernova.zip,,imas,永久,待分享,,11850
resource-ceb200aad938,百万现场,CD,MOVEMENT OF STARDOM ROAD,[LACM-24614] THE IDOLM@STER MILLION MOVEMENT OF STARDOM ROAD 04 推しってほんと,,,ZIP,,/00-偶像大师 ALL IN ONE/3-百万现场/百万现场 音乐/16 MILLION MOVEMENT series/MOVEMENT OF STARDOM ROAD/[LACM-24614] THE IDOLM@STER MILLION MOVEMENT OF STARDOM ROAD 04 推しってほんと.zip,,imas,永久,待分享,,11860
resource-3aa9fdee5bbd,百万现场,CD,MOVEMENT OF STARDOM ROAD,[LACM-24615] THE IDOLM@STER MILLION MOVEMENT OF STARDOM ROAD 05 未完成のポラリス,,,ZIP,,/00-偶像大师 ALL IN ONE/3-百万现场/百万现场 音乐/16 MILLION MOVEMENT series/MOVEMENT OF STARDOM ROAD/[LACM-24615] THE IDOLM@STER MILLION MOVEMENT OF STARDOM ROAD 05 未完成のポラリス.zip,,imas,永久,待分享,,11870
resource-a61827d35085,百万现场,CD,MOVEMENT OF STARDOM ROAD,[LACM-24616] THE IDOLM@STER MILLION MOVEMENT OF STARDOM ROAD 06 Sky Survive,,,ZIP,,/00-偶像大师 ALL IN ONE/3-百万现场/百万现场 音乐/16 MILLION MOVEMENT series/MOVEMENT OF STARDOM ROAD/[LACM-24616] THE IDOLM@STER MILLION MOVEMENT OF STARDOM ROAD 06 Sky Survive.zip,,imas,永久,待分享,,11880
resource-47bd0edf856d,百万现场,CD,MOVEMENT OF STARDOM ROAD,[LACM-24617] THE IDOLM@STER MILLION MOVEMENT OF STARDOM ROAD 07 All Alone,,,ZIP,,/00-偶像大师 ALL IN ONE/3-百万现场/百万现场 音乐/16 MILLION MOVEMENT series/MOVEMENT OF STARDOM ROAD/[LACM-24617] THE IDOLM@STER MILLION MOVEMENT OF STARDOM ROAD 07 All Alone.zip,,imas,永久,待分享,,11890
resource-2d5c441f3dab,百万现场,CD,MOVEMENT OF STARDOM ROAD,[LACM-24618] THE IDOLM@STER MILLION MOVEMENT OF STARDOM ROAD 08 涙を知ること,,,ZIP,,/00-偶像大师 ALL IN ONE/3-百万现场/百万现场 音乐/16 MILLION MOVEMENT series/MOVEMENT OF STARDOM ROAD/[LACM-24618] THE IDOLM@STER MILLION MOVEMENT OF STARDOM ROAD 08 涙を知ること.zip,,imas,永久,待分享,,11900
resource-f1fdd4d7f527,百万现场,CD,MOVEMENT OF STARDOM ROAD,[LACM-24619] THE IDOLM@STER MILLION MOVEMENT OF STARDOM ROAD 09 I.V,,,ZIP,,/00-偶像大师 ALL IN ONE/3-百万现场/百万现场 音乐/16 MILLION MOVEMENT series/MOVEMENT OF STARDOM ROAD/[LACM-24619] THE IDOLM@STER MILLION MOVEMENT OF STARDOM ROAD 09 I.V.zip,,imas,永久,待分享,,11910
resource-cd9166fc3954,百万现场,CD,16 MILLION MOVEMENT series,THE IDOLM@STER MILLION MOVEMENT OF “STARS” Bestest!!,,,ZIP,,/00-偶像大师 ALL IN ONE/3-百万现场/百万现场 音乐/16 MILLION MOVEMENT series/THE IDOLM@STER MILLION MOVEMENT OF “STARS” Bestest!!.zip,,imas,永久,待分享,,11920
resource-5ee9fb318f5a,百万现场,CD,17 MILLION BATTLE OF THE@TER,THE IDOLM@STER MILLION BATTLE OF THE@TER 03 SHIMMER,,,ZIP,,/00-偶像大师 ALL IN ONE/3-百万现场/百万现场 音乐/17 MILLION BATTLE OF THE@TER/THE IDOLM@STER MILLION BATTLE OF THE@TER 03 SHIMMER.zip,,imas,永久,待分享,,11930
resource-4d84084da074,百万现场,CD,17 MILLION BATTLE OF THE@TER,THE IDOLM@STER MILLION BATTLE OF THE@TER 05 Texting you,,,ZIP,,/00-偶像大师 ALL IN ONE/3-百万现场/百万现场 音乐/17 MILLION BATTLE OF THE@TER/THE IDOLM@STER MILLION BATTLE OF THE@TER 05 Texting you.zip,,imas,永久,待分享,,11940
resource-434a3616c411,百万现场,CD,17 MILLION BATTLE OF THE@TER,THE IDOLM@STER MILLION BATTLE OF THE@TER EX01 Hug a nice day!,,,ZIP,,/00-偶像大师 ALL IN ONE/3-百万现场/百万现场 音乐/17 MILLION BATTLE OF THE@TER/THE IDOLM@STER MILLION BATTLE OF THE@TER EX01 Hug a nice day!.zip,,imas,永久,待分享,,11950
resource-e222cc57a13a,百万现场,CD,17 MILLION BATTLE OF THE@TER,THE IDOLM@STER MILLION BATTLE OF THE@TER EX02 鉄の羽のエクソダス,,,ZIP,,/00-偶像大师 ALL IN ONE/3-百万现场/百万现场 音乐/17 MILLION BATTLE OF THE@TER/THE IDOLM@STER MILLION BATTLE OF THE@TER EX02 鉄の羽のエクソダス.zip,,imas,永久,待分享,,11960
resource-5862022e5a5c,百万现场,CD,17 MILLION BATTLE OF THE@TER,THE IDOLM@STER MILLION BATTLE OF THE@TER EX03 FAITH-TO-FAITH,,,ZIP,,/00-偶像大师 ALL IN ONE/3-百万现场/百万现场 音乐/17 MILLION BATTLE OF THE@TER/THE IDOLM@STER MILLION BATTLE OF THE@TER EX03 FAITH-TO-FAITH.zip,,imas,永久,待分享,,11970
resource-916183c58579,百万现场,CD,18 MILLION LIVE! SPECIAL SOLO RECORDS,[2025.09.03] THE IDOLM@STER MILLION LIVE! SPECIAL SOLO RECORDS 矢吹可奈,,2025,ZIP,,/00-偶像大师 ALL IN ONE/3-百万现场/百万现场 音乐/18 MILLION LIVE! SPECIAL SOLO RECORDS/[2025.09.03] THE IDOLM@STER MILLION LIVE! SPECIAL SOLO RECORDS 矢吹可奈.zip,,imas,永久,待分享,,11980
resource-54e93192b588,百万现场,CD,18 MILLION LIVE! SPECIAL SOLO RECORDS,[2025.09.24] THE IDOLM@STER MILLION LIVE! SPECIAL SOLO RECORDS 豊川風花,,2025,ZIP,,/00-偶像大师 ALL IN ONE/3-百万现场/百万现场 音乐/18 MILLION LIVE! SPECIAL SOLO RECORDS/[2025.09.24] THE IDOLM@STER MILLION LIVE! SPECIAL SOLO RECORDS 豊川風花.zip,,imas,永久,待分享,,11990
resource-cd68cff0491f,百万现场,CD,18 MILLION LIVE! SPECIAL SOLO RECORDS,[2025.10.22] THE IDOLM@STER MILLION LIVE! SPECIAL SOLO RECORDS 田中琴葉,,2025,ZIP,,/00-偶像大师 ALL IN ONE/3-百万现场/百万现场 音乐/18 MILLION LIVE! SPECIAL SOLO RECORDS/[2025.10.22] THE IDOLM@STER MILLION LIVE! SPECIAL SOLO RECORDS 田中琴葉.zip,,imas,永久,待分享,,12000
resource-cea410c189f6,百万现场,CD,18 MILLION LIVE! SPECIAL SOLO RECORDS,[2025.11.05] THE IDOLM@STER MILLION LIVE! SPECIAL SOLO RECORDS 二階堂千鶴,,2025,ZIP,,/00-偶像大师 ALL IN ONE/3-百万现场/百万现场 音乐/18 MILLION LIVE! SPECIAL SOLO RECORDS/[2025.11.05] THE IDOLM@STER MILLION LIVE! SPECIAL SOLO RECORDS 二階堂千鶴.zip,,imas,永久,待分享,,12010
resource-9defec94ee3e,百万现场,CD,18 MILLION LIVE! SPECIAL SOLO RECORDS,[2025.12.31] THE IDOLM@STER MILLION LIVE! SPECIAL SOLO RECORDS 萩原雪歩,,2025,ZIP,,/00-偶像大师 ALL IN ONE/3-百万现场/百万现场 音乐/18 MILLION LIVE! SPECIAL SOLO RECORDS/[2025.12.31] THE IDOLM@STER MILLION LIVE! SPECIAL SOLO RECORDS 萩原雪歩.zip,,imas,永久,待分享,,12020
resource-e3fb6a3f27ec,百万现场,CD,18 MILLION LIVE! SPECIAL SOLO RECORDS,[2026.01.07] THE IDOLM@STER MILLION LIVE! SPECIAL SOLO RECORDS 高山紗代子,,2026,ZIP,,/00-偶像大师 ALL IN ONE/3-百万现场/百万现场 音乐/18 MILLION LIVE! SPECIAL SOLO RECORDS/[2026.01.07] THE IDOLM@STER MILLION LIVE! SPECIAL SOLO RECORDS 高山紗代子.zip,,imas,永久,待分享,,12030
resource-66333dcdbd0e,百万现场,CD,18 MILLION LIVE! SPECIAL SOLO RECORDS,[2026.02.25] THE IDOLM@STER MILLION LIVE! SPECIAL SOLO RECORDS 箱崎星梨花,,2026,ZIP,,/00-偶像大师 ALL IN ONE/3-百万现场/百万现场 音乐/18 MILLION LIVE! SPECIAL SOLO RECORDS/[2026.02.25] THE IDOLM@STER MILLION LIVE! SPECIAL SOLO RECORDS 箱崎星梨花.zip,,imas,永久,待分享,,12040
resource-003b2c7d2847,百万现场,CD,18 MILLION LIVE! SPECIAL SOLO RECORDS,[2026.03.04] THE IDOLM@STER MILLION LIVE! SPECIAL SOLO RECORDS 如月千早,,2026,ZIP,,/00-偶像大师 ALL IN ONE/3-百万现场/百万现场 音乐/18 MILLION LIVE! SPECIAL SOLO RECORDS/[2026.03.04] THE IDOLM@STER MILLION LIVE! SPECIAL SOLO RECORDS 如月千早.zip,,imas,永久,待分享,,12050
resource-c7de3e5193aa,百万现场,CD,18 MILLION LIVE! SPECIAL SOLO RECORDS,[2026.03.11] THE IDOLM@STER MILLION LIVE! SPECIAL SOLO RECORDS ロコ,,2026,ZIP,,/00-偶像大师 ALL IN ONE/3-百万现场/百万现场 音乐/18 MILLION LIVE! SPECIAL SOLO RECORDS/[2026.03.11] THE IDOLM@STER MILLION LIVE! SPECIAL SOLO RECORDS ロコ.zip,,imas,永久,待分享,,12060
resource-f64a66fd3db0,百万现场,CD,18 MILLION LIVE! SPECIAL SOLO RECORDS,[2026.04.08] THE IDOLM@STER MILLION LIVE! SPECIAL SOLO RECORDS 桜守歌織,,2026,ZIP,,/00-偶像大师 ALL IN ONE/3-百万现场/百万现场 音乐/18 MILLION LIVE! SPECIAL SOLO RECORDS/[2026.04.08] THE IDOLM@STER MILLION LIVE! SPECIAL SOLO RECORDS 桜守歌織.zip,,imas,永久,待分享,,12070
resource-8f9375f878b9,百万现场,CD,18 MILLION LIVE! SPECIAL SOLO RECORDS,[2026.04.22] THE IDOLM@STER MILLION LIVE! SPECIAL SOLO RECORDS 天海春香,,2026,ZIP,,/00-偶像大师 ALL IN ONE/3-百万现场/百万现场 音乐/18 MILLION LIVE! SPECIAL SOLO RECORDS/[2026.04.22] THE IDOLM@STER MILLION LIVE! SPECIAL SOLO RECORDS 天海春香.zip,,imas,永久,待分享,,12080
resource-cd788e2d5e56,百万现场,CD,18 MILLION LIVE! SPECIAL SOLO RECORDS,[2026.05.27] THE IDOLM@STER MILLION LIVE! SPECIAL SOLO RECORDS 北上麗花,,2026,ZIP,,/00-偶像大师 ALL IN ONE/3-百万现场/百万现场 音乐/18 MILLION LIVE! SPECIAL SOLO RECORDS/[2026.05.27] THE IDOLM@STER MILLION LIVE! SPECIAL SOLO RECORDS 北上麗花.zip,,imas,永久,待分享,,12090
resource-843d0ae61a62,百万现场,CD,19 MILLION ANIMATION THE@TER,MILLIONSTARS Team7th『トワラー』,,,ZIP,,/00-偶像大师 ALL IN ONE/3-百万现场/百万现场 音乐/19 MILLION ANIMATION THE@TER/MILLIONSTARS Team7th『トワラー』.zip,,imas,永久,待分享,,12100
resource-0274e3738645,百万现场,CD,19 MILLION ANIMATION THE@TER,Rat A Tat!!!,,,ZIP,,/00-偶像大师 ALL IN ONE/3-百万现场/百万现场 音乐/19 MILLION ANIMATION THE@TER/Rat A Tat!!!.zip,,imas,永久,待分享,,12110
resource-a2566af0795f,百万现场,CD,19 MILLION ANIMATION THE@TER,START THE DREAM,,,ZIP,,/00-偶像大师 ALL IN ONE/3-百万现场/百万现场 音乐/19 MILLION ANIMATION THE@TER/START THE DREAM.zip,,imas,永久,待分享,,12120
resource-4be9e8e3e01b,百万现场,CD,19 MILLION ANIMATION THE@TER,Team1st『Star Impression』,,,ZIP,,/00-偶像大师 ALL IN ONE/3-百万现场/百万现场 音乐/19 MILLION ANIMATION THE@TER/Team1st『Star Impression』.zip,,imas,永久,待分享,,12130
resource-2c656e3a762e,百万现场,CD,19 MILLION ANIMATION THE@TER,Team2nd『海風とカスタネット』,,,ZIP,,/00-偶像大师 ALL IN ONE/3-百万现场/百万现场 音乐/19 MILLION ANIMATION THE@TER/Team2nd『海風とカスタネット』.zip,,imas,永久,待分享,,12140
resource-5eacabef2f96,百万现场,CD,19 MILLION ANIMATION THE@TER,Team3rd『オレンジノキオク』,,,ZIP,,/00-偶像大师 ALL IN ONE/3-百万现场/百万现场 音乐/19 MILLION ANIMATION THE@TER/Team3rd『オレンジノキオク』.zip,,imas,永久,待分享,,12150
resource-7c590d262ba4,百万现场,CD,19 MILLION ANIMATION THE@TER,Team4th『catch my feeling』,,,ZIP,,/00-偶像大师 ALL IN ONE/3-百万现场/百万现场 音乐/19 MILLION ANIMATION THE@TER/Team4th『catch my feeling』.zip,,imas,永久,待分享,,12160
resource-9fc5d5982b0f,百万现场,CD,19 MILLION ANIMATION THE@TER,Team5th『バトンタッチ』,,,ZIP,,/00-偶像大师 ALL IN ONE/3-百万现场/百万现场 音乐/19 MILLION ANIMATION THE@TER/Team5th『バトンタッチ』.zip,,imas,永久,待分享,,12170
resource-06a041b3f431,百万现场,CD,19 MILLION ANIMATION THE@TER,Team6th『Unknown Boxの開き方』,,,ZIP,,/00-偶像大师 ALL IN ONE/3-百万现场/百万现场 音乐/19 MILLION ANIMATION THE@TER/Team6th『Unknown Boxの開き方』.zip,,imas,永久,待分享,,12180
resource-7b3d225718d1,百万现场,CD,19 MILLION ANIMATION THE@TER,Team8th『REFRAIN REL@TION』,,,ZIP,,/00-偶像大师 ALL IN ONE/3-百万现场/百万现场 音乐/19 MILLION ANIMATION THE@TER/Team8th『REFRAIN REL@TION』.zip,,imas,永久,待分享,,12190
resource-f4ff1adf5c55,百万现场,CD,19 MILLION ANIMATION THE@TER,THE IDOLM@STER MILLION ANIMATION THE@TER 飛べない僕は泳いだ,,,ZIP,,/00-偶像大师 ALL IN ONE/3-百万现场/百万现场 音乐/19 MILLION ANIMATION THE@TER/THE IDOLM@STER MILLION ANIMATION THE@TER 飛べない僕は泳いだ.zip,,imas,永久,待分享,,12200
resource-5017213668e2,百万现场,CD,19 MILLION ANIMATION THE@TER,アイドルマスター ミリオンライブ！Blu-ray 特装版 第1巻,,,ZIP,,/00-偶像大师 ALL IN ONE/3-百万现场/百万现场 音乐/19 MILLION ANIMATION THE@TER/アイドルマスター ミリオンライブ！Blu-ray 特装版 第1巻.zip,,imas,永久,待分享,,12210
resource-b91871bb994d,百万现场,CD,19 MILLION ANIMATION THE@TER,アイドルマスター ミリオンライブ！Blu-ray 特装版 第2巻 Rat A Tat!!!,,,ZIP,,/00-偶像大师 ALL IN ONE/3-百万现场/百万现场 音乐/19 MILLION ANIMATION THE@TER/アイドルマスター ミリオンライブ！Blu-ray 特装版 第2巻 Rat A Tat!!!.zip,,imas,永久,待分享,,12220
resource-e73bc65c3975,百万现场,CD,19 MILLION ANIMATION THE@TER,アイドルマスター ミリオンライブ！Blu-ray 特装版 第3巻 Rat A Tat!!!,,,ZIP,,/00-偶像大师 ALL IN ONE/3-百万现场/百万现场 音乐/19 MILLION ANIMATION THE@TER/アイドルマスター ミリオンライブ！Blu-ray 特装版 第3巻 Rat A Tat!!!.zip,,imas,永久,待分享,,12230
resource-7ecca83ddfd7,百万现场,CD,20 其他,[2024-07-31] THE IDOLM@STER MILLION LIVE! 7Days A Week!!,,2024,ZIP,,/00-偶像大师 ALL IN ONE/3-百万现场/百万现场 音乐/20 其他/[2024-07-31] THE IDOLM@STER MILLION LIVE! 7Days A Week!!.zip,,imas,永久,待分享,,12240
resource-de6f87d67213,百万现场,CD,20 其他,[2025-02-26] THE IDOLM@STER MILLION ARMOR ACE & BEYOND,,2025,ZIP,,/00-偶像大师 ALL IN ONE/3-百万现场/百万现场 音乐/20 其他/[2025-02-26] THE IDOLM@STER MILLION ARMOR ACE & BEYOND.zip,,imas,永久,待分享,,12250
resource-dab6bec3d117,百万现场,CD,20 其他,[2025-07-30] THE IDOLM@STER MILLION LIVE! 蝶々むすび,,2025,ZIP,,/00-偶像大师 ALL IN ONE/3-百万现场/百万现场 音乐/20 其他/[2025-07-30] THE IDOLM@STER MILLION LIVE! 蝶々むすび.zip,,imas,永久,待分享,,12260
resource-0e2b5b75abd5,百万现场,CD,[2026-06-24] THE IDOLM@STER MILLION LIVE! SPARKERS,[2026.05.06] SPARKERS,,2026,ZIP,,/00-偶像大师 ALL IN ONE/3-百万现场/百万现场 音乐/20 其他/[2026-06-24] THE IDOLM@STER MILLION LIVE! SPARKERS/[2026.05.06] SPARKERS.zip,,imas,永久,待分享,,12270
resource-5422044e17e9,百万现场,CD,20 其他,[BNGI-00007] THE iDOLM@STER LIVE THE@TER SELECTION,,,ZIP,,/00-偶像大师 ALL IN ONE/3-百万现场/百万现场 音乐/20 其他/[BNGI-00007] THE iDOLM@STER LIVE THE@TER SELECTION.zip,,imas,永久,待分享,,12280
resource-1f4a17cf04be,百万现场,CD,20 其他,[LACA-25057] THE IDOLM@STER MILLION LIVE! グッドサイン,,,ZIP,,/00-偶像大师 ALL IN ONE/3-百万现场/百万现场 音乐/20 其他/[LACA-25057] THE IDOLM@STER MILLION LIVE! グッドサイン.zip,,imas,永久,待分享,,12290
resource-7d61ef118932,百万现场,CD,20 其他,[LACM-24004] THE IDOLM@STER MILLION LIVE! ZWEIGLANZ Alliance Stardust,,,ZIP,,/00-偶像大师 ALL IN ONE/3-百万现场/百万现场 音乐/20 其他/[LACM-24004] THE IDOLM@STER MILLION LIVE! ZWEIGLANZ Alliance Stardust.zip,,imas,永久,待分享,,12300
resource-36e3c39d001b,百万现场,CD,20 其他,[LACM-24025] THE IDOLM＠STERシリーズ15周年記念曲「なんどでも笑おう」【ミリオンライブ！盤】,,,ZIP,,/00-偶像大师 ALL IN ONE/3-百万现场/百万现场 音乐/20 其他/[LACM-24025] THE IDOLM＠STERシリーズ15周年記念曲「なんどでも笑おう」【ミリオンライブ！盤】.zip,,imas,永久,待分享,,12310
resource-eb077fe30688,百万现场,CD,20 其他,[LACM-24088] THE IDOLM@STER MILLION LIVE! STAR EQUINOX,,,ZIP,,/00-偶像大师 ALL IN ONE/3-百万现场/百万现场 音乐/20 其他/[LACM-24088] THE IDOLM@STER MILLION LIVE! STAR EQUINOX.zip,,imas,永久,待分享,,12320
resource-463be581c583,百万现场,CD,20 其他,[LACM-24159] THE IDOLM@STER MILLION LIVE! 聖ミリオン女学園,,,ZIP,,/00-偶像大师 ALL IN ONE/3-百万现场/百万现场 音乐/20 其他/[LACM-24159] THE IDOLM@STER MILLION LIVE! 聖ミリオン女学園.zip,,imas,永久,待分享,,12330
resource-855a502d447e,百万现场,CD,20 其他,[LACM-24163] THE IDOLM@STER FIVE STARS!!!!! VOY@GER (Million Live! Edition),,,ZIP,,/00-偶像大师 ALL IN ONE/3-百万现场/百万现场 音乐/20 其他/[LACM-24163] THE IDOLM@STER FIVE STARS!!!!! VOY@GER (Million Live! Edition).zip,,imas,永久,待分享,,12340
resource-54d90c1df29b,百万现场,CD,20 其他,[LACM-24641] 『アイドルマスター』シリーズ 20周年記念曲 「アイ NEED YOU（FOR WONDERFUL STORY）」 【ミリオンライブ！盤】,,,ZIP,,/00-偶像大师 ALL IN ONE/3-百万现场/百万现场 音乐/20 其他/[LACM-24641] 『アイドルマスター』シリーズ 20周年記念曲 「アイ NEED YOU（FOR WONDERFUL STORY）」 【ミリオンライブ！盤】.zip,,imas,永久,待分享,,12350
resource-57e5e653cced,百万现场,CD,20 其他,[LZC-2252] ミスティック・セレモニーへの招待状,,,ZIP,,/00-偶像大师 ALL IN ONE/3-百万现场/百万现场 音乐/20 其他/[LZC-2252] ミスティック・セレモニーへの招待状.zip,,imas,永久,待分享,,12360
resource-020feded6156,百万现场,CD,BEST ALBUM,THE IDOLM@STER 765 MILLION ALLSTARS BEST,,,ZIP,,/00-偶像大师 ALL IN ONE/3-百万现场/百万现场 音乐/20 其他/BEST ALBUM/THE IDOLM@STER 765 MILLION ALLSTARS BEST.zip,,imas,永久,待分享,,12370
resource-14a548bead54,百万现场,CD,BEST ALBUM,THE IDOLM@STER LIVE THE@TER BEST 仅vol5,,,ZIP,,/00-偶像大师 ALL IN ONE/3-百万现场/百万现场 音乐/20 其他/BEST ALBUM/THE IDOLM@STER LIVE THE@TER BEST 仅vol5.zip,,imas,永久,待分享,,12380
resource-66d15578d7f1,百万现场,CD,BEST ALBUM,THE IDOLM@STER MILLION THE@TER BEST,,,ZIP,,/00-偶像大师 ALL IN ONE/3-百万现场/百万现场 音乐/20 其他/BEST ALBUM/THE IDOLM@STER MILLION THE@TER BEST.zip,,imas,永久,待分享,,12390
resource-508cb94f4db9,百万现场,CD,Drama,2015.06.00 [BNEI-00002] THE iDOLM@STER MILLION LIVE! 765プロライブシアター記念パーティードラマCD,,2015,ZIP,,/00-偶像大师 ALL IN ONE/3-百万现场/百万现场 音乐/20 其他/Drama/2015.06.00 [BNEI-00002] THE iDOLM@STER MILLION LIVE! 765プロライブシアター記念パーティードラマCD.zip,,imas,永久,待分享,,12400
resource-c4fef8913432,百万现场,CD,Drama,2016.00.00 [BNEI-00003] THE iDOLM@STER MILLION LIVE! 765プロライブシアター 3周年記念イベントリポート ドラマCD,,2016,ZIP,,/00-偶像大师 ALL IN ONE/3-百万现场/百万现场 音乐/20 其他/Drama/2016.00.00 [BNEI-00003] THE iDOLM@STER MILLION LIVE! 765プロライブシアター 3周年記念イベントリポート ドラマCD.zip,,imas,永久,待分享,,12410
resource-7e2f3b320309,百万现场,CD,Drama,2017.07.00 [BNEI-ML／RI-2017] THE iDOLM@STER MILLION LIVE! 4th ANNIVERSARY 五十一人一首 朗読CD,,2017,ZIP,,/00-偶像大师 ALL IN ONE/3-百万现场/百万现场 音乐/20 其他/Drama/2017.07.00 [BNEI-ML／RI-2017] THE iDOLM@STER MILLION LIVE! 4th ANNIVERSARY 五十一人一首 朗読CD.zip,,imas,永久,待分享,,12420
resource-ce967011b174,百万现场,CD,Instrumental,2022.03.14 [LACZ-10097] THE iDOLM@STER LIVE THE@TER HARMONY Instrumental 01,,2022,ZIP,,/00-偶像大师 ALL IN ONE/3-百万现场/百万现场 音乐/20 其他/Instrumental/2022.03.14 [LACZ-10097] THE iDOLM@STER LIVE THE@TER HARMONY Instrumental 01.zip,,imas,永久,待分享,,12430
resource-2172ed2bb470,百万现场,CD,Instrumental,2022.03.14 [LACZ-10098] THE iDOLM@STER LIVE THE@TER HARMONY Instrumental 02,,2022,ZIP,,/00-偶像大师 ALL IN ONE/3-百万现场/百万现场 音乐/20 其他/Instrumental/2022.03.14 [LACZ-10098] THE iDOLM@STER LIVE THE@TER HARMONY Instrumental 02.zip,,imas,永久,待分享,,12440
resource-a9617feadd64,百万现场,CD,Instrumental,2022.03.14 [LACZ-10099] THE iDOLM@STER LIVE THE@TER HARMONY Instrumental 03,,2022,ZIP,,/00-偶像大师 ALL IN ONE/3-百万现场/百万现场 音乐/20 其他/Instrumental/2022.03.14 [LACZ-10099] THE iDOLM@STER LIVE THE@TER HARMONY Instrumental 03.zip,,imas,永久,待分享,,12450
resource-593ac38c6b69,百万现场,CD,Instrumental,2022.03.14 [LACZ-10100] THE iDOLM@STER LIVE THE@TER HARMONY Instrumental 04,,2022,ZIP,,/00-偶像大师 ALL IN ONE/3-百万现场/百万现场 音乐/20 其他/Instrumental/2022.03.14 [LACZ-10100] THE iDOLM@STER LIVE THE@TER HARMONY Instrumental 04.zip,,imas,永久,待分享,,12460
resource-f95635d59fae,百万现场,CD,Instrumental,2022.03.14 [LACZ-10101] THE iDOLM@STER LIVE THE@TER HARMONY Instrumental 05,,2022,ZIP,,/00-偶像大师 ALL IN ONE/3-百万现场/百万现场 音乐/20 其他/Instrumental/2022.03.14 [LACZ-10101] THE iDOLM@STER LIVE THE@TER HARMONY Instrumental 05.zip,,imas,永久,待分享,,12470
resource-d7553d8ffd35,百万现场,CD,Instrumental,2023.01.18 [LACZ-10124] THE iDOLM@STER LIVE THE@TER DREAMERS Instrumental 01,,2023,ZIP,,/00-偶像大师 ALL IN ONE/3-百万现场/百万现场 音乐/20 其他/Instrumental/2023.01.18 [LACZ-10124] THE iDOLM@STER LIVE THE@TER DREAMERS Instrumental 01.zip,,imas,永久,待分享,,12480
resource-fff85629a582,百万现场,CD,Instrumental,2023.01.18 [LACZ-10125] THE iDOLM@STER LIVE THE@TER DREAMERS Instrumental 02,,2023,ZIP,,/00-偶像大师 ALL IN ONE/3-百万现场/百万现场 音乐/20 其他/Instrumental/2023.01.18 [LACZ-10125] THE iDOLM@STER LIVE THE@TER DREAMERS Instrumental 02.zip,,imas,永久,待分享,,12490
resource-2c84f4d109de,百万现场,CD,Instrumental,2023.01.18 [LACZ-10126] THE iDOLM@STER LIVE THE@TER FORWARD Instrumental,,2023,ZIP,,/00-偶像大师 ALL IN ONE/3-百万现场/百万现场 音乐/20 其他/Instrumental/2023.01.18 [LACZ-10126] THE iDOLM@STER LIVE THE@TER FORWARD Instrumental.zip,,imas,永久,待分享,,12500
resource-a82f1f6539e1,百万现场,CD,Instrumental,2023.01.18 [LACZ-10127] THE iDOLM@STER THE@TER ABC Instrumental,,2023,ZIP,,/00-偶像大师 ALL IN ONE/3-百万现场/百万现场 音乐/20 其他/Instrumental/2023.01.18 [LACZ-10127] THE iDOLM@STER THE@TER ABC Instrumental.zip,,imas,永久,待分享,,12510
resource-9caaf3542c87,百万现场,CD,Live Original CD,2014.12.24 [LAPC-1073] THE iDOLM@STER MILLION LIVE! 1stLIVE HAPPY☆PERFORM@NCE!! COMPLETE THE@TER,,2014,ZIP,,/00-偶像大师 ALL IN ONE/3-百万现场/百万现场 音乐/20 其他/Live Original CD/2014.12.24 [LAPC-1073] THE iDOLM@STER MILLION LIVE! 1stLIVE HAPPY☆PERFORM@NCE!! COMPLETE THE@TER.zip,,imas,永久,待分享,,12520
resource-e5c6354390d6,百万现场,CD,Live Original CD,2015.12.16 [LAPC-1074] THE iDOLM@STER MILLION LIVE! 2ndLIVE ENJOY H@RMONY!! COMPLETE THE@TER,,2015,ZIP,,/00-偶像大师 ALL IN ONE/3-百万现场/百万现场 音乐/20 其他/Live Original CD/2015.12.16 [LAPC-1074] THE iDOLM@STER MILLION LIVE! 2ndLIVE ENJOY H@RMONY!! COMPLETE THE@TER.zip,,imas,永久,待分享,,12530
resource-ba3040c2bf01,百万现场,CD,Live Original CD,2017.10.07 [SACX-1049] THE iDOLM@STER 765 MILLIONSTARS HOTCHPOTCH FESTIV@L!! Happy!でSHOW!,,2017,ZIP,,/00-偶像大师 ALL IN ONE/3-百万现场/百万现场 音乐/20 其他/Live Original CD/2017.10.07 [SACX-1049] THE iDOLM@STER 765 MILLIONSTARS HOTCHPOTCH FESTIV@L!! Happy!でSHOW!.zip,,imas,永久,待分享,,12540
resource-6aaae5312383,百万现场,CD,Live Original CD,2018.11.21 [LAPP-1107] THE iDOLM@STER 765 MILLIONSTARS HOTCHPOTCH FESTIV@L!! LIVE CD,,2018,ZIP,,/00-偶像大师 ALL IN ONE/3-百万现场/百万现场 音乐/20 其他/Live Original CD/2018.11.21 [LAPP-1107] THE iDOLM@STER 765 MILLIONSTARS HOTCHPOTCH FESTIV@L!! LIVE CD.zip,,imas,永久,待分享,,12550
resource-004da7adc646,百万现场,CD,Live Original CD,2019.04.17 [LAPP-1109] THE iDOLM@STER MILLION LIVE! 5thLIVE BRAND NEW PERFORM@NCE!!! LIVE CD,,2019,ZIP,,/00-偶像大师 ALL IN ONE/3-百万现场/百万现场 音乐/20 其他/Live Original CD/2019.04.17 [LAPP-1109] THE iDOLM@STER MILLION LIVE! 5thLIVE BRAND NEW PERFORM@NCE!!! LIVE CD.zip,,imas,永久,待分享,,12560
resource-af9f139fa5fa,百万现场,CD,Live Original CD,2019.09.00 [N／A] THE iDOLM@STER MILLION LIVE! DIGITAL MUSIC PLAYER XDP-20 ML,,2019,ZIP,,/00-偶像大师 ALL IN ONE/3-百万现场/百万现场 音乐/20 其他/Live Original CD/2019.09.00 [N／A] THE iDOLM@STER MILLION LIVE! DIGITAL MUSIC PLAYER XDP-20 ML.zip,,imas,永久,待分享,,12570
resource-12f451b061ac,百万现场,CD,Live Original CD,2020.08.26 [LAPP-1120] THE iDOLM@STER MILLION LIVE! 6thLIVE TOUR UNI-ON@IR!!!! SPECIAL LIVE CD,,2020,ZIP,,/00-偶像大师 ALL IN ONE/3-百万现场/百万现场 音乐/20 其他/Live Original CD/2020.08.26 [LAPP-1120] THE iDOLM@STER MILLION LIVE! 6thLIVE TOUR UNI-ON@IR!!!! SPECIAL LIVE CD.zip,,imas,永久,待分享,,12580
resource-ae1e86035291,百万现场,CD,MANGA Blooming Clover,[2017.11.27] THE iDOLM@STER MILLION LIVE! Blooming Clover 1 オリジナルCD付き限定版,,2017,ZIP,,/00-偶像大师 ALL IN ONE/3-百万现场/百万现场 音乐/20 其他/Manga/MANGA Blooming Clover/[2017.11.27] THE iDOLM@STER MILLION LIVE! Blooming Clover 1 オリジナルCD付き限定版.zip,,imas,永久,待分享,,12590
resource-04ffe8aa1883,百万现场,CD,MANGA Blooming Clover,[2017.12.18] THE iDOLM@STER MILLION LIVE! Blooming Clover 2 オリジナルCD付き限定版,,2017,ZIP,,/00-偶像大师 ALL IN ONE/3-百万现场/百万现场 音乐/20 其他/Manga/MANGA Blooming Clover/[2017.12.18] THE iDOLM@STER MILLION LIVE! Blooming Clover 2 オリジナルCD付き限定版.zip,,imas,永久,待分享,,12600
resource-25f513108f5b,百万现场,CD,MANGA Blooming Clover,[2018.07.27] THE iDOLM@STER MILLION LIVE! Blooming Clover 3 オリジナルCD付き限定版,,2018,ZIP,,/00-偶像大师 ALL IN ONE/3-百万现场/百万现场 音乐/20 其他/Manga/MANGA Blooming Clover/[2018.07.27] THE iDOLM@STER MILLION LIVE! Blooming Clover 3 オリジナルCD付き限定版.zip,,imas,永久,待分享,,12610
resource-60b372ae807b,百万现场,CD,MANGA Blooming Clover,[2018.12.27] THE iDOLM@STER MILLION LIVE! Blooming Clover 4 オリジナルCD付き限定版,,2018,ZIP,,/00-偶像大师 ALL IN ONE/3-百万现场/百万现场 音乐/20 其他/Manga/MANGA Blooming Clover/[2018.12.27] THE iDOLM@STER MILLION LIVE! Blooming Clover 4 オリジナルCD付き限定版.zip,,imas,永久,待分享,,12620
resource-da05f2c1bdff,百万现场,CD,MANGA Blooming Clover,[2019.06.27] THE iDOLM@STER MILLION LIVE! Blooming Clover 5 オリジナルCD付き限定版,,2019,ZIP,,/00-偶像大师 ALL IN ONE/3-百万现场/百万现场 音乐/20 其他/Manga/MANGA Blooming Clover/[2019.06.27] THE iDOLM@STER MILLION LIVE! Blooming Clover 5 オリジナルCD付き限定版.zip,,imas,永久,待分享,,12630
resource-3e5c2aea071d,百万现场,CD,MANGA Blooming Clover,[2020.03.27] THE iDOLM@STER MILLION LIVE! Blooming Clover 6 オリジナルCD付き限定版,,2020,ZIP,,/00-偶像大师 ALL IN ONE/3-百万现场/百万现场 音乐/20 其他/Manga/MANGA Blooming Clover/[2020.03.27] THE iDOLM@STER MILLION LIVE! Blooming Clover 6 オリジナルCD付き限定版.zip,,imas,永久,待分享,,12640
resource-f41df9b628d9,百万现场,CD,MANGA Blooming Clover,[2020.08.27] THE iDOLM@STER MILLION LIVE! Blooming Clover 7 オリジナルCD付き限定版,,2020,ZIP,,/00-偶像大师 ALL IN ONE/3-百万现场/百万现场 音乐/20 其他/Manga/MANGA Blooming Clover/[2020.08.27] THE iDOLM@STER MILLION LIVE! Blooming Clover 7 オリジナルCD付き限定版.zip,,imas,永久,待分享,,12650
resource-25d8a13c0029,百万现场,CD,MANGA Blooming Clover,[2021.07.27] THE iDOLM@STER MILLION LIVE! Blooming Clover 9 オリジナルCD付き限定版,,2021,ZIP,,/00-偶像大师 ALL IN ONE/3-百万现场/百万现场 音乐/20 其他/Manga/MANGA Blooming Clover/[2021.07.27] THE iDOLM@STER MILLION LIVE! Blooming Clover 9 オリジナルCD付き限定版.zip,,imas,永久,待分享,,12660
resource-3d396c1d40f8,百万现场,CD,MANGA Blooming Clover,[2022.01.27] THE iDOLM@STER MILLION LIVE! Blooming Clover 10 オリジナルCD付き限定版,,2022,ZIP,,/00-偶像大师 ALL IN ONE/3-百万现场/百万现场 音乐/20 其他/Manga/MANGA Blooming Clover/[2022.01.27] THE iDOLM@STER MILLION LIVE! Blooming Clover 10 オリジナルCD付き限定版.zip,,imas,永久,待分享,,12670
resource-f252b2a02ec9,百万现场,CD,MANGA Blooming Clover,[2022.06.27] THE iDOLM@STER MILLION LIVE! Blooming Clover 11 オリジナルCD付き限定版,,2022,ZIP,,/00-偶像大师 ALL IN ONE/3-百万现场/百万现场 音乐/20 其他/Manga/MANGA Blooming Clover/[2022.06.27] THE iDOLM@STER MILLION LIVE! Blooming Clover 11 オリジナルCD付き限定版.zip,,imas,永久,待分享,,12680
resource-7270b893cdf9,百万现场,CD,MANGA Blooming Clover,[2022.11.26] THE iDOLM@STER MILLION LIVE! Blooming Clover 12 オリジナルCD付き限定版,,2022,ZIP,,/00-偶像大师 ALL IN ONE/3-百万现场/百万现场 音乐/20 其他/Manga/MANGA Blooming Clover/[2022.11.26] THE iDOLM@STER MILLION LIVE! Blooming Clover 12 オリジナルCD付き限定版.zip,,imas,永久,待分享,,12690
resource-3fb5ef575497,百万现场,CD,MANGA Blooming Clover,[2023.02.27] THE iDOLM@STER MILLION LIVE! Blooming Clover 13 オリジナルCD付き限定版,,2023,ZIP,,/00-偶像大师 ALL IN ONE/3-百万现场/百万现场 音乐/20 其他/Manga/MANGA Blooming Clover/[2023.02.27] THE iDOLM@STER MILLION LIVE! Blooming Clover 13 オリジナルCD付き限定版.zip,,imas,永久,待分享,,12700
resource-5005a17297fe,百万现场,CD,MANGA Blooming Clover,[2023.07.27] THE IDOLM@STER MILLION LIVE! Blooming Clover 14 オリジナルCD付き限定版,,2023,ZIP,,/00-偶像大师 ALL IN ONE/3-百万现场/百万现场 音乐/20 其他/Manga/MANGA Blooming Clover/[2023.07.27] THE IDOLM@STER MILLION LIVE! Blooming Clover 14 オリジナルCD付き限定版.zip,,imas,永久,待分享,,12710
resource-f503480fb3fb,百万现场,CD,MANGA Blooming Clover,[2023.11.27] THE IDOLM@STER MILLION LIVE! Blooming Clover 15 オリジナルCD付き限定版,,2023,ZIP,,/00-偶像大师 ALL IN ONE/3-百万现场/百万现场 音乐/20 其他/Manga/MANGA Blooming Clover/[2023.11.27] THE IDOLM@STER MILLION LIVE! Blooming Clover 15 オリジナルCD付き限定版.zip,,imas,永久,待分享,,12720
resource-e83fd7c9e293,百万现场,CD,MANGA Blooming Clover,[2024.07.26] THE IDOLM@STER MILLION LIVE! Blooming Clover 16 オリジナルCD付き限定版,,2024,ZIP,,/00-偶像大师 ALL IN ONE/3-百万现场/百万现场 音乐/20 其他/Manga/MANGA Blooming Clover/[2024.07.26] THE IDOLM@STER MILLION LIVE! Blooming Clover 16 オリジナルCD付き限定版.zip,,imas,永久,待分享,,12730
resource-9b7963aec7f5,百万现场,CD,MANGA Brand New Song,2018.10.31 [IDOLMASTER1810] THE iDOLM@STER MILLION LIVE! THEATER DAYS Brand New Song 1巻 特典CD,,2018,ZIP,,/00-偶像大师 ALL IN ONE/3-百万现场/百万现场 音乐/20 其他/Manga/MANGA Brand New Song/2018.10.31 [IDOLMASTER1810] THE iDOLM@STER MILLION LIVE! THEATER DAYS Brand New Song 1巻 特典CD.zip,,imas,永久,待分享,,12740
resource-66348a62ef21,百万现场,CD,MANGA Brand New Song,2020.07.02 [2006972251] THE iDOLM@STER MILLION LIVE! THEATER DAYS Brand New Song 3巻 特典CD,,2020,ZIP,,/00-偶像大师 ALL IN ONE/3-百万现场/百万现场 音乐/20 其他/Manga/MANGA Brand New Song/2020.07.02 [2006972251] THE iDOLM@STER MILLION LIVE! THEATER DAYS Brand New Song 3巻 特典CD.zip,,imas,永久,待分享,,12750
resource-a4c2caba3dc2,百万现场,CD,MANGA Brand New Song,2021.07.09 [BNS-00004] THE iDOLM@STER MILLION LIVE! THEATER DAYS Brand New Song 4巻 特典CD,,2021,ZIP,,/00-偶像大师 ALL IN ONE/3-百万现场/百万现场 音乐/20 其他/Manga/MANGA Brand New Song/2021.07.09 [BNS-00004] THE iDOLM@STER MILLION LIVE! THEATER DAYS Brand New Song 4巻 特典CD.zip,,imas,永久,待分享,,12760
resource-7fc1ab466ab5,百万现场,CD,MANGA Brand New Song,2022.07.25 [BNS-0005] THE iDOLM@STER MILLION LIVE! THEATER DAYS Brand New Song 5巻 特典CD,,2022,ZIP,,/00-偶像大师 ALL IN ONE/3-百万现场/百万现场 音乐/20 其他/Manga/MANGA Brand New Song/2022.07.25 [BNS-0005] THE iDOLM@STER MILLION LIVE! THEATER DAYS Brand New Song 5巻 特典CD.zip,,imas,永久,待分享,,12770
resource-da18d7fdcd9d,百万现场,CD,MANGA Brand New Song,2023.05.26 [BNS-0006] THE iDOLM@STER MILLION LIVE! THEATER DAYS Brand New Song 6巻 特典CD,,2023,ZIP,,/00-偶像大师 ALL IN ONE/3-百万现场/百万现场 音乐/20 其他/Manga/MANGA Brand New Song/2023.05.26 [BNS-0006] THE iDOLM@STER MILLION LIVE! THEATER DAYS Brand New Song 6巻 特典CD.zip,,imas,永久,待分享,,12780
resource-3d2ddfd87769,百万现场,CD,MANGA MILLION LIVE!,2015.03.12 [159203] THE iDOLM@STER MILLION LIVE! 1 オリジナルCD,,2015,ZIP,,/00-偶像大师 ALL IN ONE/3-百万现场/百万现场 音乐/20 其他/Manga/MANGA MILLION LIVE!/2015.03.12 [159203] THE iDOLM@STER MILLION LIVE! 1 オリジナルCD.zip,,imas,永久,待分享,,12790
resource-18db82ef8e15,百万现场,CD,MANGA MILLION LIVE!,2015.08.12 [159213] THE iDOLM@STER MILLION LIVE! 2 オリジナルCD,,2015,ZIP,,/00-偶像大师 ALL IN ONE/3-百万现场/百万现场 音乐/20 其他/Manga/MANGA MILLION LIVE!/2015.08.12 [159213] THE iDOLM@STER MILLION LIVE! 2 オリジナルCD.zip,,imas,永久,待分享,,12800
resource-0ba0e467c0eb,百万现场,CD,MANGA MILLION LIVE!,2016.01.12 [159221] THE iDOLM@STER MILLION LIVE! 3 オリジナルCD,,2016,ZIP,,/00-偶像大师 ALL IN ONE/3-百万现场/百万现场 音乐/20 其他/Manga/MANGA MILLION LIVE!/2016.01.12 [159221] THE iDOLM@STER MILLION LIVE! 3 オリジナルCD.zip,,imas,永久,待分享,,12810
resource-15216a5654d0,百万现场,CD,MANGA MILLION LIVE!,2016.07.12 [159235] THE iDOLM@STER MILLION LIVE! 4 オリジナルCD,,2016,ZIP,,/00-偶像大师 ALL IN ONE/3-百万现场/百万现场 音乐/20 其他/Manga/MANGA MILLION LIVE!/2016.07.12 [159235] THE iDOLM@STER MILLION LIVE! 4 オリジナルCD.zip,,imas,永久,待分享,,12820
resource-eb69633cfe91,百万现场,CD,MANGA MILLION LIVE!,2016.12.09 [941884] THE iDOLM@STER MILLION LIVE! 5 オリジナルCD,,2016,ZIP,,/00-偶像大师 ALL IN ONE/3-百万现场/百万现场 音乐/20 其他/Manga/MANGA MILLION LIVE!/2016.12.09 [941884] THE iDOLM@STER MILLION LIVE! 5 オリジナルCD.zip,,imas,永久,待分享,,12830
resource-36b2a740f249,百万现场,CD,Radio,[LACM-14506] THE IDOLM@STER MILLION RADIO! Theme Song Turn-on Time!,,,ZIP,,/00-偶像大师 ALL IN ONE/3-百万现场/百万现场 音乐/20 其他/Radio/[LACM-14506] THE IDOLM@STER MILLION RADIO! Theme Song Turn-on Time!.zip,,imas,永久,待分享,,12840
resource-4ce49120b0b2,百万现场,CD,Radio,[LACM-24349] THE IDOLM@STER MillionRADIO SECOND LIVINGROOM,,,ZIP,,/00-偶像大师 ALL IN ONE/3-百万现场/百万现场 音乐/20 其他/Radio/[LACM-24349] THE IDOLM@STER MillionRADIO SECOND LIVINGROOM.zip,,imas,永久,待分享,,12850
resource-f3eb27ec3796,百万现场,CD,Radio,[LACM-24524] THE IDOLM@STER MILLION RADIO! さんぶんのいち,,,ZIP,,/00-偶像大师 ALL IN ONE/3-百万现场/百万现场 音乐/20 其他/Radio/[LACM-24524] THE IDOLM@STER MILLION RADIO! さんぶんのいち.zip,,imas,永久,待分享,,12860
resource-df61db2a8bdb,百万现场,CD,Radio,[LACM-24684] THE IDOLM@STER MILLION RADIO! Reward Sweets,,,ZIP,,/00-偶像大师 ALL IN ONE/3-百万现场/百万现场 音乐/20 其他/Radio/[LACM-24684] THE IDOLM@STER MILLION RADIO! Reward Sweets.zip,,imas,永久,待分享,,12870
resource-f31b6cb4b057,百万现场,CD,Radio,[LACM-34234] THE IDOLM@STER MILLION RADIO! Theme Song U.N.M.E.I Live,,,ZIP,,/00-偶像大师 ALL IN ONE/3-百万现场/百万现场 音乐/20 其他/Radio/[LACM-34234] THE IDOLM@STER MILLION RADIO! Theme Song U.N.M.E.I Live.zip,,imas,永久,待分享,,12880
resource-5a627098f0ff,百万现场,CD,Radio,THE iDOLM@STER MILLION RADIO! 765PRO LIVE THE@TER ミリラジ劇場セレクション,,,ZIP,,/00-偶像大师 ALL IN ONE/3-百万现场/百万现场 音乐/20 其他/Radio/THE iDOLM@STER MILLION RADIO! 765PRO LIVE THE@TER ミリラジ劇場セレクション.zip,,imas,永久,待分享,,12890
resource-bacec7fac582,SideM,游戏音源,SideM GROWING STARS 游戏数据,Audio,,,7Z,,/00-偶像大师 ALL IN ONE/4-SideM/SideM 游戏/SideM GROWING STARS 游戏数据/Audio.7z,,imas,永久,待分享,,12900
resource-2343d39c5a00,SideM,游戏音源,SideM GROWING STARS 游戏数据,BG_only,,,7Z,,/00-偶像大师 ALL IN ONE/4-SideM/SideM 游戏/SideM GROWING STARS 游戏数据/BG_only.7z,,imas,永久,待分享,,12910
resource-98f7aa885eef,SideM,游戏音源,SideM GROWING STARS 游戏数据,BGM_only,,,7Z,,/00-偶像大师 ALL IN ONE/4-SideM/SideM 游戏/SideM GROWING STARS 游戏数据/BGM_only.7z,,imas,永久,待分享,,12920
resource-f30ef9c0acf4,SideM,游戏音源,SideM GROWING STARS 游戏数据,Card_only,,,7Z,,/00-偶像大师 ALL IN ONE/4-SideM/SideM 游戏/SideM GROWING STARS 游戏数据/Card_only.7z,,imas,永久,待分享,,12930
resource-c3e9fac78341,SideM,游戏音源,SideM GROWING STARS 游戏数据,Movie,,,7Z,,/00-偶像大师 ALL IN ONE/4-SideM/SideM 游戏/SideM GROWING STARS 游戏数据/Movie.7z,,imas,永久,待分享,,12940
resource-db19474e932d,SideM,游戏音源,SideM GROWING STARS 游戏数据,Song,,,7Z,,/00-偶像大师 ALL IN ONE/4-SideM/SideM 游戏/SideM GROWING STARS 游戏数据/Song.7z,,imas,永久,待分享,,12950
resource-565b2218aad2,SideM,游戏音源,SideM GROWING STARS 游戏数据,Voice,,,7Z,,/00-偶像大师 ALL IN ONE/4-SideM/SideM 游戏/SideM GROWING STARS 游戏数据/Voice.7z,,imas,永久,待分享,,12960
resource-d4d06d880bf1,SideM,游戏音源,SideM LIVE ON ST@GE！游戏数据,Audio,,,RAR,,/00-偶像大师 ALL IN ONE/4-SideM/SideM 游戏/SideM LIVE ON ST@GE！游戏数据/Audio.rar,,imas,永久,待分享,,12970
resource-1c3bc36680f0,SideM,游戏音源,SideM LIVE ON ST@GE！游戏数据,Card_Only,,,RAR,,/00-偶像大师 ALL IN ONE/4-SideM/SideM 游戏/SideM LIVE ON ST@GE！游戏数据/Card_Only.rar,,imas,永久,待分享,,12980
resource-2f8ab63fdca8,SideM,游戏音源,SideM LIVE ON ST@GE！游戏数据,Movie,,,RAR,,/00-偶像大师 ALL IN ONE/4-SideM/SideM 游戏/SideM LIVE ON ST@GE！游戏数据/Movie.rar,,imas,永久,待分享,,12990
resource-8a81840a10f6,SideM,游戏音源,SideM LIVE ON ST@GE！游戏数据,Resources_img,,,RAR,,/00-偶像大师 ALL IN ONE/4-SideM/SideM 游戏/SideM LIVE ON ST@GE！游戏数据/Resources_img.rar,,imas,永久,待分享,,13000
resource-2af5b19bf1ba,SideM,游戏音源,SideM LIVE ON ST@GE！游戏数据,Resources.part1,,,RAR,,/00-偶像大师 ALL IN ONE/4-SideM/SideM 游戏/SideM LIVE ON ST@GE！游戏数据/Resources.part1.rar,,imas,永久,待分享,,13010
resource-0ebc86ffd8c3,SideM,游戏音源,SideM LIVE ON ST@GE！游戏数据,Resources.part2,,,RAR,,/00-偶像大师 ALL IN ONE/4-SideM/SideM 游戏/SideM LIVE ON ST@GE！游戏数据/Resources.part2.rar,,imas,永久,待分享,,13020
resource-c90e08fd789f,SideM,游戏音源,SideM LIVE ON ST@GE！游戏数据,Sprite,,,RAR,,/00-偶像大师 ALL IN ONE/4-SideM/SideM 游戏/SideM LIVE ON ST@GE！游戏数据/Sprite.rar,,imas,永久,待分享,,13030
resource-434a23919fc4,SideM,游戏音源,SideM LIVE ON ST@GE！游戏数据,Story_BG_Only,,,RAR,,/00-偶像大师 ALL IN ONE/4-SideM/SideM 游戏/SideM LIVE ON ST@GE！游戏数据/Story_BG_Only.rar,,imas,永久,待分享,,13040
resource-540778729bdf,SideM,CD,[0] 非卖品专辑,2017.02.10 [LZM-2153~4] THE iDOLM@STER SideM 2nd ANNIVERSARY SOLO COLLECTION,,2017,FLAC,,/00-偶像大师 ALL IN ONE/4-SideM/SideM CD/[0] 非卖品专辑/2017.02.10 [LZM-2153~4] THE iDOLM@STER SideM 2nd ANNIVERSARY SOLO COLLECTION,,imas,永久,待分享,,13050
resource-b82e64a5d52e,SideM,CD,[0] 非卖品专辑,2017.11.22 [ANZX-13456] THE iDOLM@STER Prologue SideM -Episode of Jupiter- ボーカルCD「Jupiter's Trajectory」,,2017,FLAC,,/00-偶像大师 ALL IN ONE/4-SideM/SideM CD/[0] 非卖品专辑/2017.11.22 [ANZX-13456] THE iDOLM@STER Prologue SideM -Episode of Jupiter- ボーカルCD「Jupiter's Trajectory」,,imas,永久,待分享,,13060
resource-c0c696f02e07,SideM,CD,[0] 非卖品专辑,2017.12.27 [ANZX-13532] THE iDOLM@STER SideM ボーカルCD「315 St@rry Collaboration 01 ～DRAMATIC STARS&Beit～」,,2017,FLAC,,/00-偶像大师 ALL IN ONE/4-SideM/SideM CD/[0] 非卖品专辑/2017.12.27 [ANZX-13532] THE iDOLM@STER SideM ボーカルCD「315 St@rry Collaboration 01 ～DRAMATIC STARS&Beit～」,,imas,永久,待分享,,13070
resource-a7ac02b09a78,SideM,CD,[0] 非卖品专辑,2018.01.24 [ANZX-13534] THE iDOLM@STER SideM ボーカルCD「315 St@rry Collaboration 02 ～High×Joker&W～」,,2018,FLAC,,/00-偶像大师 ALL IN ONE/4-SideM/SideM CD/[0] 非卖品专辑/2018.01.24 [ANZX-13534] THE iDOLM@STER SideM ボーカルCD「315 St@rry Collaboration 02 ～High×Joker&W～」,,imas,永久,待分享,,13080
resource-a18fc7ebc9ef,SideM,CD,[0] 非卖品专辑,2018.02.02 [LZM-2167] THE iDOLM@STER SideM 3rd ANNIVERSARY SOLO COLLECTION 01,,2018,FLAC,,/00-偶像大师 ALL IN ONE/4-SideM/SideM CD/[0] 非卖品专辑/2018.02.02 [LZM-2167] THE iDOLM@STER SideM 3rd ANNIVERSARY SOLO COLLECTION 01,,imas,永久,待分享,,13090
resource-4e24ba04bd3a,SideM,CD,[0] 非卖品专辑,2018.02.24 [LZM-2168] THE iDOLM@STER SideM 3rd ANNIVERSARY SOLO COLLECTION 02,,2018,FLAC,,/00-偶像大师 ALL IN ONE/4-SideM/SideM CD/[0] 非卖品专辑/2018.02.24 [LZM-2168] THE iDOLM@STER SideM 3rd ANNIVERSARY SOLO COLLECTION 02,,imas,永久,待分享,,13100
resource-e264c5da31e3,SideM,CD,[0] 非卖品专辑,2018.02.28 [ANZX-13536] THE iDOLM@STER SideM ボーカルCD「315 St@rry Collaboration 03 ～S.E.M&Jupiter～」,,2018,FLAC,,/00-偶像大师 ALL IN ONE/4-SideM/SideM CD/[0] 非卖品专辑/2018.02.28 [ANZX-13536] THE iDOLM@STER SideM ボーカルCD「315 St@rry Collaboration 03 ～S.E.M&Jupiter～」,,imas,永久,待分享,,13110
resource-646095a36ffa,SideM,CD,[0] 非卖品专辑,2018.03.25 [LZM-2169] THE iDOLM@STER SideM 3rd ANNIVERSARY SOLO COLLECTION 03,,2018,FLAC,,/00-偶像大师 ALL IN ONE/4-SideM/SideM CD/[0] 非卖品专辑/2018.03.25 [LZM-2169] THE iDOLM@STER SideM 3rd ANNIVERSARY SOLO COLLECTION 03,,imas,永久,待分享,,13120
resource-0200af200d09,SideM,CD,[0] 非卖品专辑,2018.03.28 [ANZX-13538] THE iDOLM@STER SideM キャスト座談会CD「315 T@LK SESSION 01」,,2018,FLAC,,/00-偶像大师 ALL IN ONE/4-SideM/SideM CD/[0] 非卖品专辑/2018.03.28 [ANZX-13538] THE iDOLM@STER SideM キャスト座談会CD「315 T@LK SESSION 01」,,imas,永久,待分享,,13130
resource-d805ead0b0b4,SideM,CD,[0] 非卖品专辑,2018.04.25 [ANZX-13540] THE iDOLM@STER SideM ボーカル&ドラマCD「315プロダクション社歌」,,2018,FLAC,,/00-偶像大师 ALL IN ONE/4-SideM/SideM CD/[0] 非卖品专辑/2018.04.25 [ANZX-13540] THE iDOLM@STER SideM ボーカル&ドラマCD「315プロダクション社歌」,,imas,永久,待分享,,13140
resource-8f33c62da96d,SideM,CD,[0] 非卖品专辑,2018.05.30 [ANZX-13542] THE iDOLM@STER SideM キャスト座談会CD「315 T@LK SESSION 02」,,2018,FLAC,,/00-偶像大师 ALL IN ONE/4-SideM/SideM CD/[0] 非卖品专辑/2018.05.30 [ANZX-13542] THE iDOLM@STER SideM キャスト座談会CD「315 T@LK SESSION 02」,,imas,永久,待分享,,13150
resource-3bdb93f7f7d4,SideM,CD,[0] 非卖品专辑,2018.06.27 [ANZX-13544] THE iDOLM@STER SideM Special CD「PASSION of the PASSION Sound Disc」,,2018,FLAC,,/00-偶像大师 ALL IN ONE/4-SideM/SideM CD/[0] 非卖品专辑/2018.06.27 [ANZX-13544] THE iDOLM@STER SideM Special CD「PASSION of the PASSION Sound Disc」,,imas,永久,待分享,,13160
resource-85ba7308f46b,SideM,CD,[0] 非卖品专辑,2018.12.26 [ANHC-34002~3] THE iDOLM@STER SideM COMPLETE ANIME FANBOOK SPECIAL CD「315 T@LK SESSION EXTRA」,,2018,FLAC,,/00-偶像大师 ALL IN ONE/4-SideM/SideM CD/[0] 非卖品专辑/2018.12.26 [ANHC-34002~3] THE iDOLM@STER SideM COMPLETE ANIME FANBOOK SPECIAL CD「315 T@LK SESSION EXTRA」,,imas,永久,待分享,,13170
resource-60e7b50d722a,SideM,CD,[0] 非卖品专辑,2019.02.22 [S-72-7] THE iDOLM@STER SideM STRUGGLE HEART-1 ORIGINAL CD,,2019,FLAC,,/00-偶像大师 ALL IN ONE/4-SideM/SideM CD/[0] 非卖品专辑/2019.02.22 [S-72-7] THE iDOLM@STER SideM STRUGGLE HEART-1 ORIGINAL CD,,imas,永久,待分享,,13180
resource-a1713a2f70ae,SideM,CD,[0] 非卖品专辑,2019.03.15 [LACZ-10014] THE iDOLM@STER SideM WakeMini! SOLO COLLECTION 01 PHYSICAL Ver,,2019,FLAC,,/00-偶像大师 ALL IN ONE/4-SideM/SideM CD/[0] 非卖品专辑/2019.03.15 [LACZ-10014] THE iDOLM@STER SideM WakeMini! SOLO COLLECTION 01 PHYSICAL Ver,,imas,永久,待分享,,13190
resource-6be43ea05a67,SideM,CD,[0] 非卖品专辑,2019.03.15 [LACZ-10015] THE iDOLM@STER SideM WakeMini! SOLO COLLECTION 02 MENTAL Ver,,2019,FLAC,,/00-偶像大师 ALL IN ONE/4-SideM/SideM CD/[0] 非卖品专辑/2019.03.15 [LACZ-10015] THE iDOLM@STER SideM WakeMini! SOLO COLLECTION 02 MENTAL Ver,,imas,永久,待分享,,13200
resource-ee05d06507f4,SideM,CD,[0] 非卖品专辑,2019.03.15 [LACZ-10016] THE iDOLM@STER SideM WakeMini! SOLO COLLECTION 03 INTELLIGENCE Ver,,2019,FLAC,,/00-偶像大师 ALL IN ONE/4-SideM/SideM CD/[0] 非卖品专辑/2019.03.15 [LACZ-10016] THE iDOLM@STER SideM WakeMini! SOLO COLLECTION 03 INTELLIGENCE Ver,,imas,永久,待分享,,13210
resource-67dafaa9a242,SideM,CD,[0] 非卖品专辑,2019.03.27 [MFXG-0013EX] THE iDOLM@STER SideM 理由あってMini! SPECIAL CD,,2019,FLAC,,/00-偶像大师 ALL IN ONE/4-SideM/SideM CD/[0] 非卖品专辑/2019.03.27 [MFXG-0013EX] THE iDOLM@STER SideM 理由あってMini! SPECIAL CD,,imas,永久,待分享,,13220
resource-e69a511cf2d7,SideM,CD,[0] 非卖品专辑,2019.05.10 [LACZ-10017] THE iDOLM@STER SideM 4th ANNIVERSARY DISC「LIVE in your SMILE／DREAM JOURNEY」,,2019,FLAC,,/00-偶像大师 ALL IN ONE/4-SideM/SideM CD/[0] 非卖品专辑/2019.05.10 [LACZ-10017] THE iDOLM@STER SideM 4th ANNIVERSARY DISC「LIVE in your SMILE／DREAM JOURNEY」,,imas,永久,待分享,,13230
resource-44f0f60fa187,SideM,CD,[0] 非卖品专辑,2019.11.06 [LAPP-1112] THE iDOLM@STER SideM PRODUCER MEETING 315 SP@RKLING TIME WITH ALL!!! パッション爆裂！楽曲シャッフル大作戦！プロデューサーミーティング出張版！LIVE音源CD,,2019,FLAC,,/00-偶像大师 ALL IN ONE/4-SideM/SideM CD/[0] 非卖品专辑/2019.11.06 [LAPP-1112] THE iDOLM@STER SideM PRODUCER MEETING 315 SP@RKLING TIME WITH ALL!!! パッション爆裂！楽曲シャッフル大作戦！プロデューサーミーティング出張版！LIVE音源CD,,imas,永久,待分享,,13240
resource-d54a75c394bb,SideM,CD,[0] 非卖品专辑,2020.03.09 [LACZ-10026] THE iDOLM@STER SideM 5th ANNIVERSARY UNIT COLLECTION -PRIDE STAR-,,2020,FLAC,,/00-偶像大师 ALL IN ONE/4-SideM/SideM CD/[0] 非卖品专辑/2020.03.09 [LACZ-10026] THE iDOLM@STER SideM 5th ANNIVERSARY UNIT COLLECTION -PRIDE STAR-,,imas,永久,待分享,,13250
resource-1482958a7c69,SideM,CD,[0] 非卖品专辑,2020.08.26 [LACZ-10037] THE iDOLM@STER SideM 5th ANNIVERSARY SOLO COLLECTION 01,,2020,FLAC,,/00-偶像大师 ALL IN ONE/4-SideM/SideM CD/[0] 非卖品专辑/2020.08.26 [LACZ-10037] THE iDOLM@STER SideM 5th ANNIVERSARY SOLO COLLECTION 01,,imas,永久,待分享,,13260
resource-869328192efd,SideM,CD,[0] 非卖品专辑,2020.08.26 [LACZ-10038] THE iDOLM@STER SideM 5th ANNIVERSARY SOLO COLLECTION 02,,2020,FLAC,,/00-偶像大师 ALL IN ONE/4-SideM/SideM CD/[0] 非卖品专辑/2020.08.26 [LACZ-10038] THE iDOLM@STER SideM 5th ANNIVERSARY SOLO COLLECTION 02,,imas,永久,待分享,,13270
resource-7b56ae469851,SideM,CD,[0] 非卖品专辑,2020.08.26 [LACZ-10039] THE iDOLM@STER SideM 5th ANNIVERSARY SOLO COLLECTION 03,,2020,FLAC,,/00-偶像大师 ALL IN ONE/4-SideM/SideM CD/[0] 非卖品专辑/2020.08.26 [LACZ-10039] THE iDOLM@STER SideM 5th ANNIVERSARY SOLO COLLECTION 03,,imas,永久,待分享,,13280
resource-ad730bd40859,SideM,CD,[0] 非卖品专辑,2020.08.26 [LACZ-10040] THE iDOLM@STER SideM 5th ANNIVERSARY SOLO COLLECTION 04,,2020,FLAC,,/00-偶像大师 ALL IN ONE/4-SideM/SideM CD/[0] 非卖品专辑/2020.08.26 [LACZ-10040] THE iDOLM@STER SideM 5th ANNIVERSARY SOLO COLLECTION 04,,imas,永久,待分享,,13290
resource-8836d882f9b7,SideM,CD,[0] 非卖品专辑,2020.08.26 [LACZ-10041] THE iDOLM@STER SideM 5th ANNIVERSARY SOLO COLLECTION 05,,2020,FLAC,,/00-偶像大师 ALL IN ONE/4-SideM/SideM CD/[0] 非卖品专辑/2020.08.26 [LACZ-10041] THE iDOLM@STER SideM 5th ANNIVERSARY SOLO COLLECTION 05,,imas,永久,待分享,,13300
resource-2cd4f9734b1e,SideM,CD,[0] 非卖品专辑,2020.09.19 [S-72-11] THE iDOLM@STER SideM STRUGGLE HEART-2 ORIGINAL CD,,2020,FLAC,,/00-偶像大师 ALL IN ONE/4-SideM/SideM CD/[0] 非卖品专辑/2020.09.19 [S-72-11] THE iDOLM@STER SideM STRUGGLE HEART-2 ORIGINAL CD,,imas,永久,待分享,,13310
resource-8c7059ba9d9a,SideM,CD,[0] 非卖品专辑,2020.12.28 [BNAS-1003] THE iDOLM@STER SideM 315の日記念スペシャルドラマCD『駆け抜けろ！31.5時間テレビ！』,,2020,FLAC,,/00-偶像大师 ALL IN ONE/4-SideM/SideM CD/[0] 非卖品专辑/2020.12.28 [BNAS-1003] THE iDOLM@STER SideM 315の日記念スペシャルドラマCD『駆け抜けろ！31.5時間テレビ！』,,imas,永久,待分享,,13320
resource-142b57379b99,SideM,CD,[0] 非卖品专辑,2021.08.21 [LACZ-10072~3] THE iDOLM@STER SideM INSTRUMENTAL MUSIC COLLECTION 02,,2021,FLAC,,/00-偶像大师 ALL IN ONE/4-SideM/SideM CD/[0] 非卖品专辑/2021.08.21 [LACZ-10072~3] THE iDOLM@STER SideM INSTRUMENTAL MUSIC COLLECTION 02,,imas,永久,待分享,,13330
resource-b6c820acf8c9,SideM,CD,[0] 非卖品专辑,2021.11.03 [LAPP-1131] THE iDOLM@STER SideM PRODUCER MEETING WELCOME TO PLEASURE 315 G@RDEN!!! パッション爆裂！楽曲シャッフル大作戦！プロデューサーミーティング出張版！ LIVE音源CD,,2021,FLAC,,/00-偶像大师 ALL IN ONE/4-SideM/SideM CD/[0] 非卖品专辑/2021.11.03 [LAPP-1131] THE iDOLM@STER SideM PRODUCER MEETING WELCOME TO PLEASURE 315 G@RDEN!!! パッション爆裂！楽曲シャッフル大作戦！プロデューサーミーティング出張版！ LIVE音源CD,,imas,永久,待分享,,13340
resource-755bcbc7eb1e,SideM,CD,[0] 非卖品专辑,2021.11.06 [LACZ-10075~6] THE iDOLM@STER SideM INSTRUMENTAL MUSIC COLLECTION 03,,2021,FLAC,,/00-偶像大师 ALL IN ONE/4-SideM/SideM CD/[0] 非卖品专辑/2021.11.06 [LACZ-10075~6] THE iDOLM@STER SideM INSTRUMENTAL MUSIC COLLECTION 03,,imas,永久,待分享,,13350
resource-e238637366a4,SideM,CD,[0] 非卖品专辑,2021.11.06 [LACZ-10077~8] THE iDOLM@STER SideM INSTRUMENTAL MUSIC COLLECTION 04,,2021,FLAC,,/00-偶像大师 ALL IN ONE/4-SideM/SideM CD/[0] 非卖品专辑/2021.11.06 [LACZ-10077~8] THE iDOLM@STER SideM INSTRUMENTAL MUSIC COLLECTION 04,,imas,永久,待分享,,13360
resource-8d591b1d8a02,SideM,CD,[0] 非卖品专辑,2022.01.08 [LACZ-10079~80] THE iDOLM@STER SideM INSTRUMENTAL MUSIC COLLECTION 05,,2022,FLAC,,/00-偶像大师 ALL IN ONE/4-SideM/SideM CD/[0] 非卖品专辑/2022.01.08 [LACZ-10079~80] THE iDOLM@STER SideM INSTRUMENTAL MUSIC COLLECTION 05,,imas,永久,待分享,,13370
resource-168cbba73f98,SideM,CD,[0] 非卖品专辑,2022.01.08 [LACZ-10081] THE iDOLM@STER SideM UNIT COLLECTION -Growing Smiles!-,,2022,FLAC,,/00-偶像大师 ALL IN ONE/4-SideM/SideM CD/[0] 非卖品专辑/2022.01.08 [LACZ-10081] THE iDOLM@STER SideM UNIT COLLECTION -Growing Smiles!-,,imas,永久,待分享,,13380
resource-fad88e062df3,SideM,CD,[0] 非卖品专辑,2022.03.12 [LACZ-10094] THE iDOLM@STER SideM PASSION@TE FORMATION -PHYSICAL-,,2022,FLAC,,/00-偶像大师 ALL IN ONE/4-SideM/SideM CD/[0] 非卖品专辑/2022.03.12 [LACZ-10094] THE iDOLM@STER SideM PASSION@TE FORMATION -PHYSICAL-,,imas,永久,待分享,,13390
resource-10527173bc36,SideM,CD,[0] 非卖品专辑,2022.03.12 [LACZ-10095] THE iDOLM@STER SideM PASSION@TE FORMATION -MENTAL-,,2022,FLAC,,/00-偶像大师 ALL IN ONE/4-SideM/SideM CD/[0] 非卖品专辑/2022.03.12 [LACZ-10095] THE iDOLM@STER SideM PASSION@TE FORMATION -MENTAL-,,imas,永久,待分享,,13400
resource-a2d8c31bb8e2,SideM,CD,[0] 非卖品专辑,2022.03.12 [LACZ-10096] THE iDOLM@STER SideM PASSION@TE FORMATION -INTELLIGENCE-,,2022,FLAC,,/00-偶像大师 ALL IN ONE/4-SideM/SideM CD/[0] 非卖品专辑/2022.03.12 [LACZ-10096] THE iDOLM@STER SideM PASSION@TE FORMATION -INTELLIGENCE-,,imas,永久,待分享,,13410
resource-34d60c6f8657,SideM,CD,[0] 非卖品专辑,2022.10.01 [LACZ-10114] THE iDOLM@STER SideM GROWING SIGN@L SOLO COLLECTION 01,,2022,FLAC,,/00-偶像大师 ALL IN ONE/4-SideM/SideM CD/[0] 非卖品专辑/2022.10.01 [LACZ-10114] THE iDOLM@STER SideM GROWING SIGN@L SOLO COLLECTION 01,,imas,永久,待分享,,13420
resource-93a0380eabba,SideM,CD,[0] 非卖品专辑,2022.10.19 [ANCF-0060] DRAMATIC LIVE STAGE『THE iDOLM@STER SideM』 ST@GE SONG COLLECTION,,2022,FLAC,,/00-偶像大师 ALL IN ONE/4-SideM/SideM CD/[0] 非卖品专辑/2022.10.19 [ANCF-0060] DRAMATIC LIVE STAGE『THE iDOLM@STER SideM』 ST@GE SONG COLLECTION,,imas,永久,待分享,,13430
resource-218e3dc9216c,SideM,CD,[0] 非卖品专辑,2022.12.03 [LACZ-10115] THE iDOLM@STER SideM GROWING SIGN@L SOLO COLLECTION 02,,2022,FLAC,,/00-偶像大师 ALL IN ONE/4-SideM/SideM CD/[0] 非卖品专辑/2022.12.03 [LACZ-10115] THE iDOLM@STER SideM GROWING SIGN@L SOLO COLLECTION 02,,imas,永久,待分享,,13440
resource-996bed6238c3,SideM,CD,[0] 非卖品专辑,2023.02.11 [LACZ-10136] THE iDOLM@STER SideM UNIT COLLECTION -Take a StuMp!-,,2023,FLAC,,/00-偶像大师 ALL IN ONE/4-SideM/SideM CD/[0] 非卖品专辑/2023.02.11 [LACZ-10136] THE iDOLM@STER SideM UNIT COLLECTION -Take a StuMp!-,,imas,永久,待分享,,13450
resource-95d05dd7b816,SideM,CD,[0] 非卖品专辑,2023.03.11 [LACZ-10139] THE iDOLM@STER SideM 超常事変～対立スル正義～ 主題歌「幻想のUtopia」／「安寧のDystopia」,,2023,FLAC,,/00-偶像大师 ALL IN ONE/4-SideM/SideM CD/[0] 非卖品专辑/2023.03.11 [LACZ-10139] THE iDOLM@STER SideM 超常事変～対立スル正義～ 主題歌「幻想のUtopia」／「安寧のDystopia」,,imas,永久,待分享,,13460
resource-abfd9f33c29f,SideM,CD,THE iDOLM@STER SideM 2nd ANNIVERSARY,[2016.07.13]THE iDOLM@STER SideM 2nd ANNIVERSARY DISC 01 (FLAC),,2016,FLAC,,/00-偶像大师 ALL IN ONE/4-SideM/SideM CD/THE iDOLM@STER SideM 2nd ANNIVERSARY/[2016.07.13]THE iDOLM@STER SideM 2nd ANNIVERSARY DISC 01 (FLAC),,imas,永久,待分享,,13470
resource-3341d7519752,SideM,CD,THE iDOLM@STER SideM 2nd ANNIVERSARY,[2016.10.05]THE iDOLM@STER SideM 2nd ANNIVERSARY DISC 03 (FLAC),,2016,FLAC,,/00-偶像大师 ALL IN ONE/4-SideM/SideM CD/THE iDOLM@STER SideM 2nd ANNIVERSARY/[2016.10.05]THE iDOLM@STER SideM 2nd ANNIVERSARY DISC 03 (FLAC),,imas,永久,待分享,,13480
resource-0982cd16e548,SideM,CD,THE iDOLM@STER SideM ANIMATION PROJECT,[2017.11.15] THE iDOLM@STER SideM ANIMATION PROJECT 01 (FLAC),,2017,FLAC,,/00-偶像大师 ALL IN ONE/4-SideM/SideM CD/THE iDOLM@STER SideM ANIMATION PROJECT/[2017.11.15] THE iDOLM@STER SideM ANIMATION PROJECT 01 (FLAC),,imas,永久,待分享,,13490
resource-708717a53dbb,SideM,CD,THE iDOLM@STER SideM ANIMATION PROJECT,[2017.12.13] THE iDOLM@STER SideM ANIMATION PROJECT 02 (FLAC),,2017,FLAC,,/00-偶像大师 ALL IN ONE/4-SideM/SideM CD/THE iDOLM@STER SideM ANIMATION PROJECT/[2017.12.13] THE iDOLM@STER SideM ANIMATION PROJECT 02 (FLAC),,imas,永久,待分享,,13500
resource-ecc9c8407408,SideM,CD,THE iDOLM@STER SideM ANIMATION PROJECT,[2017.12.13] THE iDOLM@STER SideM ANIMATION PROJECT 03 (FLAC),,2017,FLAC,,/00-偶像大师 ALL IN ONE/4-SideM/SideM CD/THE iDOLM@STER SideM ANIMATION PROJECT/[2017.12.13] THE iDOLM@STER SideM ANIMATION PROJECT 03 (FLAC),,imas,永久,待分享,,13510
resource-8ce5a715baf0,SideM,CD,THE iDOLM@STER SideM ANIMATION PROJECT,[2017.12.13] THE iDOLM@STER SideM ANIMATION PROJECT 04 (FLAC),,2017,FLAC,,/00-偶像大师 ALL IN ONE/4-SideM/SideM CD/THE iDOLM@STER SideM ANIMATION PROJECT/[2017.12.13] THE iDOLM@STER SideM ANIMATION PROJECT 04 (FLAC),,imas,永久,待分享,,13520
resource-171b57442ab2,SideM,CD,THE iDOLM@STER SideM ANIMATION PROJECT,[2018.01.17] THE iDOLM@STER SideM ANIMATION PROJECT 05 (FLAC),,2018,FLAC,,/00-偶像大师 ALL IN ONE/4-SideM/SideM CD/THE iDOLM@STER SideM ANIMATION PROJECT/[2018.01.17] THE iDOLM@STER SideM ANIMATION PROJECT 05 (FLAC),,imas,永久,待分享,,13530
resource-7bfb436e4f5b,SideM,CD,THE iDOLM@STER SideM ANIMATION PROJECT,[2018.01.17] THE iDOLM@STER SideM ANIMATION PROJECT 06 (FLAC),,2018,FLAC,,/00-偶像大师 ALL IN ONE/4-SideM/SideM CD/THE iDOLM@STER SideM ANIMATION PROJECT/[2018.01.17] THE iDOLM@STER SideM ANIMATION PROJECT 06 (FLAC),,imas,永久,待分享,,13540
resource-39954d35e2e1,SideM,CD,THE iDOLM@STER SideM ANIMATION PROJECT,[2018.01.17] THE iDOLM@STER SideM ANIMATION PROJECT 07 (FLAC),,2018,FLAC,,/00-偶像大师 ALL IN ONE/4-SideM/SideM CD/THE iDOLM@STER SideM ANIMATION PROJECT/[2018.01.17] THE iDOLM@STER SideM ANIMATION PROJECT 07 (FLAC),,imas,永久,待分享,,13550
resource-7f9e7a821cd8,SideM,CD,THE iDOLM@STER SideM ANIMATION PROJECT,[2018.01.31] THE iDOLM@STER SideM ANIMATION PROJECT 08 (FLAC),,2018,FLAC,,/00-偶像大师 ALL IN ONE/4-SideM/SideM CD/THE iDOLM@STER SideM ANIMATION PROJECT/[2018.01.31] THE iDOLM@STER SideM ANIMATION PROJECT 08 (FLAC),,imas,永久,待分享,,13560
resource-953720ab8114,SideM,CD,THE iDOLM@STER SideM ORIGIN@L PIECES,[2016.11.16] THE iDOLM@STER SideM ORIGIN@L PIECES 01 (FLAC),,2016,FLAC,,/00-偶像大师 ALL IN ONE/4-SideM/SideM CD/THE iDOLM@STER SideM ORIGIN@L PIECES/[2016.11.16] THE iDOLM@STER SideM ORIGIN@L PIECES 01 (FLAC),,imas,永久,待分享,,13570
resource-2ca5386eb98b,SideM,CD,THE iDOLM@STER SideM ORIGIN@L PIECES,[2016.12.21] THE iDOLM@STER SideM ORIGIN@L PIECES 02 (FLAC),,2016,FLAC,,/00-偶像大师 ALL IN ONE/4-SideM/SideM CD/THE iDOLM@STER SideM ORIGIN@L PIECES/[2016.12.21] THE iDOLM@STER SideM ORIGIN@L PIECES 02 (FLAC),,imas,永久,待分享,,13580
resource-2ebe0e6e1afc,SideM,CD,THE iDOLM@STER SideM ORIGIN@L PIECES,[2017.02.01] THE iDOLM@STER SideM ORIGIN@L PIECES 03 [FLAC],,2017,FLAC,,/00-偶像大师 ALL IN ONE/4-SideM/SideM CD/THE iDOLM@STER SideM ORIGIN@L PIECES/[2017.02.01] THE iDOLM@STER SideM ORIGIN@L PIECES 03 [FLAC],,imas,永久,待分享,,13590
resource-749080f77681,SideM,CD,THE iDOLM@STER SideM ORIGIN@L PIECES,[2017.04.26] THE iDOLM@STER SideM ORIGIN@L PIECES 04 [FLAC],,2017,FLAC,,/00-偶像大师 ALL IN ONE/4-SideM/SideM CD/THE iDOLM@STER SideM ORIGIN@L PIECES/[2017.04.26] THE iDOLM@STER SideM ORIGIN@L PIECES 04 [FLAC],,imas,永久,待分享,,13600
resource-28609e852457,SideM,CD,THE iDOLM@STER SideM ORIGIN@L PIECES,[2017.09.06] THE iDOLM@STER SideM ORIGIN@L PIECES 06 [FLAC],,2017,FLAC,,/00-偶像大师 ALL IN ONE/4-SideM/SideM CD/THE iDOLM@STER SideM ORIGIN@L PIECES/[2017.09.06] THE iDOLM@STER SideM ORIGIN@L PIECES 06 [FLAC],,imas,永久,待分享,,13610
resource-c2932fb1b350,SideM,CD,THE iDOLM@STER SideM ORIGIN@L PIECES,[2017.09.06] THE iDOLM@STER SideM ORIGIN@L PIECES 07 [FLAC],,2017,FLAC,,/00-偶像大师 ALL IN ONE/4-SideM/SideM CD/THE iDOLM@STER SideM ORIGIN@L PIECES/[2017.09.06] THE iDOLM@STER SideM ORIGIN@L PIECES 07 [FLAC],,imas,永久,待分享,,13620
resource-3bf02e1a0b3c,SideM,CD,THE iDOLM@STER SideM ORIGIN@L PIECES,[2017.10.18] THE iDOLM@STER SideM ORIGIN@L PIECES 08 [FLAC],,2017,FLAC,,/00-偶像大师 ALL IN ONE/4-SideM/SideM CD/THE iDOLM@STER SideM ORIGIN@L PIECES/[2017.10.18] THE iDOLM@STER SideM ORIGIN@L PIECES 08 [FLAC],,imas,永久,待分享,,13630
resource-7af0f0001bab,SideM,CD,THE iDOLM@STER SideM ORIGIN@L PIECES,[2017.12.06] THE iDOLM@STER SideM ORIGIN@L PIECES 09 [FLAC],,2017,FLAC,,/00-偶像大师 ALL IN ONE/4-SideM/SideM CD/THE iDOLM@STER SideM ORIGIN@L PIECES/[2017.12.06] THE iDOLM@STER SideM ORIGIN@L PIECES 09 [FLAC],,imas,永久,待分享,,13640
resource-cbe8d45867ed,SideM,CD,THE iDOLM@STER SideM ST@RTING LINE,[2015.04.15]THE iDOLM@STER SideM ST@RTING LINE -02 DRAMATIC STARS (FLAC),,2015,FLAC,,/00-偶像大师 ALL IN ONE/4-SideM/SideM CD/THE iDOLM@STER SideM ST@RTING LINE/[2015.04.15]THE iDOLM@STER SideM ST@RTING LINE -02 DRAMATIC STARS (FLAC),,imas,永久,待分享,,13650
resource-6ced99fd5bb1,SideM,CD,THE iDOLM@STER SideM ST@RTING LINE,[2016.01.27] THE IDOLM@STER SideM ST@RTING LINE-07 彩 (FLAC),,2016,FLAC,,/00-偶像大师 ALL IN ONE/4-SideM/SideM CD/THE iDOLM@STER SideM ST@RTING LINE/[2016.01.27] THE IDOLM@STER SideM ST@RTING LINE-07 彩 (FLAC),,imas,永久,待分享,,13660
resource-762efb2c042d,SideM,CD,THE iDOLM@STER SideM ST@RTING LINE,[2016.07.27] THE iDOLM@STER SideM ST@RTING LINE-11 Altessimo (WAV),,2016,WAV,,/00-偶像大师 ALL IN ONE/4-SideM/SideM CD/THE iDOLM@STER SideM ST@RTING LINE/[2016.07.27] THE iDOLM@STER SideM ST@RTING LINE-11 Altessimo (WAV),,imas,永久,待分享,,13670
resource-e1f45281fbbc,SideM,CD,THE iDOLM@STER SideM ST@RTING LINE,[2016.07.27] THE iDOLM@STER SideM ST@RTING LINE-12 THE 虎牙道 (FLAC),,2016,FLAC,,/00-偶像大师 ALL IN ONE/4-SideM/SideM CD/THE iDOLM@STER SideM ST@RTING LINE/[2016.07.27] THE iDOLM@STER SideM ST@RTING LINE-12 THE 虎牙道 (FLAC),,imas,永久,待分享,,13680
resource-cf5767ccb6f5,SideM,CD,THE iDOLM@STER SideM ST@RTING LINE,[2016.10.26] THE IDOLM@STER SideM ST@RTING LINE-14 F-LAGS (FLAC),,2016,FLAC,,/00-偶像大师 ALL IN ONE/4-SideM/SideM CD/THE iDOLM@STER SideM ST@RTING LINE/[2016.10.26] THE IDOLM@STER SideM ST@RTING LINE-14 F-LAGS (FLAC),,imas,永久,待分享,,13690
resource-1b99f432f96e,SideM,CD,THE iDOLM@STER SideM ST@RTING LINE,[2016.10.26] THE IDOLM@STER SideM ST@RTING LINE-15 Legenders (FLAC),,2016,FLAC,,/00-偶像大师 ALL IN ONE/4-SideM/SideM CD/THE iDOLM@STER SideM ST@RTING LINE/[2016.10.26] THE IDOLM@STER SideM ST@RTING LINE-15 Legenders (FLAC),,imas,永久,待分享,,13700
resource-40422daf500a,SideM,CD,THE iDOLM@STER SideM WORLD TRE@SURE,[2018.03.21] THE IDOLM@STER SideM WORLD TRE@SURE 01 (FLAC),,2018,FLAC,,/00-偶像大师 ALL IN ONE/4-SideM/SideM CD/THE iDOLM@STER SideM WORLD TRE@SURE/[2018.03.21] THE IDOLM@STER SideM WORLD TRE@SURE 01 (FLAC),,imas,永久,待分享,,13710
resource-b944bf11cc8c,SideM,CD,THE iDOLM@STER SideM WORLD TRE@SURE,[2018.08.08] THE IDOLM@STER SideM WORLD TRE@SURE 03 (FLAC),,2018,FLAC,,/00-偶像大师 ALL IN ONE/4-SideM/SideM CD/THE iDOLM@STER SideM WORLD TRE@SURE/[2018.08.08] THE IDOLM@STER SideM WORLD TRE@SURE 03 (FLAC),,imas,永久,待分享,,13720
resource-0c8c76912de3,SideM,CD,THE iDOLM@STER SideM,[2017.02.01] THE iDOLM@STER SideM Beyond The Dream (FLAC),,2017,FLAC,,/00-偶像大师 ALL IN ONE/4-SideM/SideM CD/THE iDOLM@STER SideM/[2017.02.01] THE iDOLM@STER SideM Beyond The Dream (FLAC),,imas,永久,待分享,,13730
resource-489337b5057d,SideM,CD,THE iDOLM@STER SideM,[2017.08.30] THE iDOLM@STER SideM Cybernetics Wars ZERO 〜願いを宿す機械の子〜,,2017,FLAC,,/00-偶像大师 ALL IN ONE/4-SideM/SideM CD/THE iDOLM@STER SideM/[2017.08.30] THE iDOLM@STER SideM Cybernetics Wars ZERO 〜願いを宿す機械の子〜,,imas,永久,待分享,,13740
resource-4746d0e5e2bf,闪耀色彩,Hi-Res,[0] Others,2018.06.06 [TDEA-12949] THE iDOLM@STER SHINY COLORS ファーストガイドブック特典 CD「遅く起きた朝は...」,,2018,ZIP Hi-Res,,/00-偶像大师 ALL IN ONE/5-闪耀色彩/闪耀色彩 音乐（CD+HiRes）/[0] Others/2018.06.06 [TDEA-12949] THE iDOLM@STER SHINY COLORS ファーストガイドブック特典 CD「遅く起きた朝は...」.zip,,imas,永久,待分享,,13750
resource-847ef7aa53b0,闪耀色彩,Hi-Res,[0] Others,2018.12.19 [LACM-14820] THE IDOLM@STER SHINY COLORS SE@SONAL WINTER SNOW FLAKES MEMORIES,,2018,ZIP Hi-Res,,/00-偶像大师 ALL IN ONE/5-闪耀色彩/闪耀色彩 音乐（CD+HiRes）/[0] Others/2018.12.19 [LACM-14820] THE IDOLM@STER SHINY COLORS SE@SONAL WINTER SNOW FLAKES MEMORIES.zip,,imas,永久,待分享,,13760
resource-d1361c7c2ecf,闪耀色彩,Hi-Res,[0] Others,2019.12.18 [LACM-14906] THE IDOLM@STER SHINY COLORS FUTURITY SMILE,,2019,ZIP Hi-Res,,/00-偶像大师 ALL IN ONE/5-闪耀色彩/闪耀色彩 音乐（CD+HiRes）/[0] Others/2019.12.18 [LACM-14906] THE IDOLM@STER SHINY COLORS FUTURITY SMILE.zip,,imas,永久,待分享,,13770
resource-d7ba6719b422,闪耀色彩,Hi-Res,[0] Others,2020.02.12 [LACM-14965] THE IDOLM@STER SHINY COLORS SWEET♡STEP,,2020,ZIP Hi-Res,,/00-偶像大师 ALL IN ONE/5-闪耀色彩/闪耀色彩 音乐（CD+HiRes）/[0] Others/2020.02.12 [LACM-14965] THE IDOLM@STER SHINY COLORS SWEET♡STEP.zip,,imas,永久,待分享,,13780
resource-e622812b7226,闪耀色彩,Hi-Res,[0] Others,2020.07.29 [LACZ-10033] THE IDOLM@STER SHINY COLORS デビ太郎 VS ジャスティスV,,2020,ZIP Hi-Res,,/00-偶像大师 ALL IN ONE/5-闪耀色彩/闪耀色彩 音乐（CD+HiRes）/[0] Others/2020.07.29 [LACZ-10033] THE IDOLM@STER SHINY COLORS デビ太郎 VS ジャスティスV.zip,,imas,永久,待分享,,13790
resource-db3c3834d2cb,闪耀色彩,Hi-Res,[0] Others,2022.08.13 [LACZ-10112] THE IDOLM@STER SHINY COLORS B☆Health,,2022,ZIP Hi-Res,,/00-偶像大师 ALL IN ONE/5-闪耀色彩/闪耀色彩 音乐（CD+HiRes）/[0] Others/2022.08.13 [LACZ-10112] THE IDOLM@STER SHINY COLORS B☆Health.zip,,imas,永久,待分享,,13800
resource-974803e9b54b,闪耀色彩,Hi-Res,[0] Others,2023.07.26 [LACM-24406] THE IDOLM@STER SHINY COLORS Shiny Stories,,2023,ZIP Hi-Res,,/00-偶像大师 ALL IN ONE/5-闪耀色彩/闪耀色彩 音乐（CD+HiRes）/[0] Others/2023.07.26 [LACM-24406] THE IDOLM@STER SHINY COLORS Shiny Stories.zip,,imas,永久,待分享,,13810
resource-7cde54d817b9,闪耀色彩,Hi-Res,[0] Others,2023.11.08 [LAPP-1155] THE IDOLM@STER SHINY COLORS ホムラインビテーション,,2023,ZIP Hi-Res,,/00-偶像大师 ALL IN ONE/5-闪耀色彩/闪耀色彩 音乐（CD+HiRes）/[0] Others/2023.11.08 [LAPP-1155] THE IDOLM@STER SHINY COLORS ホムラインビテーション.zip,,imas,永久,待分享,,13820
resource-a4e83ef3e3d2,闪耀色彩,Hi-Res,[0] Others,2025.01.14 [LACM-34808] THE IDOLM@STER SHINY COLORS 乱舞る  疾風ザブングル,,2025,ZIP Hi-Res,,/00-偶像大师 ALL IN ONE/5-闪耀色彩/闪耀色彩 音乐（CD+HiRes）/[0] Others/2025.01.14 [LACM-34808] THE IDOLM@STER SHINY COLORS 乱舞る  疾風ザブングル.zip,,imas,永久,待分享,,13830
resource-da8b4a5f067d,闪耀色彩,Hi-Res,[0] Others,2026.02.07 [LZC-3428] 感謝のコントレイル,,2026,ZIP Hi-Res,,/00-偶像大师 ALL IN ONE/5-闪耀色彩/闪耀色彩 音乐（CD+HiRes）/[0] Others/2026.02.07 [LZC-3428] 感謝のコントレイル.zip,,imas,永久,待分享,,13840
resource-96ddc5b4ffb6,闪耀色彩,Hi-Res,[0] Others,2026.02.14 [LACZ-10335] THE IDOLM@STER SHINY COLORS シャニマス大感謝祭！ ～283スポーツフェスティバル～ -Stella-,,2026,ZIP Hi-Res,,/00-偶像大师 ALL IN ONE/5-闪耀色彩/闪耀色彩 音乐（CD+HiRes）/[0] Others/2026.02.14 [LACZ-10335] THE IDOLM@STER SHINY COLORS シャニマス大感謝祭！ ～283スポーツフェスティバル～ -Stella-.zip,,imas,永久,待分享,,13850
resource-0ef53464c85c,闪耀色彩,Hi-Res,[0] Others,2026.02.14 [LACZ-10336] THE IDOLM@STER SHINY COLORS シャニマス大感謝祭！ ～283スポーツフェスティバル～ -Luna-,,2026,ZIP Hi-Res,,/00-偶像大师 ALL IN ONE/5-闪耀色彩/闪耀色彩 音乐（CD+HiRes）/[0] Others/2026.02.14 [LACZ-10336] THE IDOLM@STER SHINY COLORS シャニマス大感謝祭！ ～283スポーツフェスティバル～ -Luna-.zip,,imas,永久,待分享,,13860
resource-fc054830bb71,闪耀色彩,Hi-Res,[0] Others,2026.02.14 [LACZ-10337] THE IDOLM@STER SHINY COLORS シャニマス大感謝祭！ ～283スポーツフェスティバル～ -Sol-,,2026,ZIP Hi-Res,,/00-偶像大师 ALL IN ONE/5-闪耀色彩/闪耀色彩 音乐（CD+HiRes）/[0] Others/2026.02.14 [LACZ-10337] THE IDOLM@STER SHINY COLORS シャニマス大感謝祭！ ～283スポーツフェスティバル～ -Sol-.zip,,imas,永久,待分享,,13870
resource-8ecd39166311,闪耀色彩,Hi-Res,[0] Others,2026.03.11 [LACA-35264] 283 MUSICAL Performance 騎士団のヴェール – Veil of Order – Music Collection,,2026,ZIP Hi-Res,,/00-偶像大师 ALL IN ONE/5-闪耀色彩/闪耀色彩 音乐（CD+HiRes）/[0] Others/2026.03.11 [LACA-35264] 283 MUSICAL Performance 騎士団のヴェール – Veil of Order – Music Collection.zip,,imas,永久,待分享,,13880
resource-38ab6ed18b00,闪耀色彩,Hi-Res,[0] Others,2026.04.12 [LZC-3446] One Live One Love,,2026,ZIP Hi-Res,,/00-偶像大师 ALL IN ONE/5-闪耀色彩/闪耀色彩 音乐（CD+HiRes）/[0] Others/2026.04.12 [LZC-3446] One Live One Love.zip,,imas,永久,待分享,,13890
resource-9f7b112f25da,闪耀色彩,Hi-Res,Live Original CD,2022.01.24 [ANCF-0031] THE iDOLM@STER SHINY COLORS 283フェス 2021 Happy Buffet! ORIGINAL CD,,2022,ZIP Hi-Res,,/00-偶像大师 ALL IN ONE/5-闪耀色彩/闪耀色彩 音乐（CD+HiRes）/[0] Others/Live Original CD/2022.01.24 [ANCF-0031] THE iDOLM@STER SHINY COLORS 283フェス 2021 Happy Buffet! ORIGINAL CD.zip,,imas,永久,待分享,,13900
resource-f3a52f92b57e,闪耀色彩,Hi-Res,Live Original CD,2022.12.05 [ANCF-0063] 283PRODUCTION UNIT LIVE SETSUNA BEAT ORIGINAL CD,,2022,ZIP Hi-Res,,/00-偶像大师 ALL IN ONE/5-闪耀色彩/闪耀色彩 音乐（CD+HiRes）/[0] Others/Live Original CD/2022.12.05 [ANCF-0063] 283PRODUCTION UNIT LIVE SETSUNA BEAT ORIGINAL CD.zip,,imas,永久,待分享,,13910
resource-a7b0b6442bc2,闪耀色彩,Hi-Res,Live Original CD,2023.03.00 [ANCF-0075] 283PRODUCTION UNIT LIVE MUGEN BEAT ORIGINAL CD,,2023,ZIP Hi-Res,,/00-偶像大师 ALL IN ONE/5-闪耀色彩/闪耀色彩 音乐（CD+HiRes）/[0] Others/Live Original CD/2023.03.00 [ANCF-0075] 283PRODUCTION UNIT LIVE MUGEN BEAT ORIGINAL CD.zip,,imas,永久,待分享,,13920
resource-865944103e4d,闪耀色彩,Hi-Res,SHINY COLORS,2020.03.10 [IDLE_MASTER_01] THE iDOLM@STER SHINY COLORS Vol.1 特装版 付属CD,,2020,ZIP Hi-Res,,/00-偶像大师 ALL IN ONE/5-闪耀色彩/闪耀色彩 音乐（CD+HiRes）/[0] Others/MANGA/SHINY COLORS/2020.03.10 [IDLE_MASTER_01] THE iDOLM@STER SHINY COLORS Vol.1 特装版 付属CD.zip,,imas,永久,待分享,,13930
resource-fdf76294b468,闪耀色彩,Hi-Res,SHINY COLORS,2020.10.10 [IDLE_MASTER_02] THE iDOLM@STER SHINY COLORS Vol.2 特装版 付属CD,,2020,ZIP Hi-Res,,/00-偶像大师 ALL IN ONE/5-闪耀色彩/闪耀色彩 音乐（CD+HiRes）/[0] Others/MANGA/SHINY COLORS/2020.10.10 [IDLE_MASTER_02] THE iDOLM@STER SHINY COLORS Vol.2 特装版 付属CD.zip,,imas,永久,待分享,,13940
resource-14e9bd724d7a,闪耀色彩,Hi-Res,SHINY COLORS,2022.03.25 [IDM-SC-4] THE iDOLM@STER SHINY COLORS Vol.4 特装版 付属CD,,2022,ZIP Hi-Res,,/00-偶像大师 ALL IN ONE/5-闪耀色彩/闪耀色彩 音乐（CD+HiRes）/[0] Others/MANGA/SHINY COLORS/2022.03.25 [IDM-SC-4] THE iDOLM@STER SHINY COLORS Vol.4 特装版 付属CD.zip,,imas,永久,待分享,,13950
resource-40e09445474c,闪耀色彩,Hi-Res,SHINY COLORS,2022.12.26 [IDM-SC-5] THE iDOLM@STER SHINY COLORS Vol.5 特装版 付属CD,,2022,ZIP Hi-Res,,/00-偶像大师 ALL IN ONE/5-闪耀色彩/闪耀色彩 音乐（CD+HiRes）/[0] Others/MANGA/SHINY COLORS/2022.12.26 [IDM-SC-5] THE iDOLM@STER SHINY COLORS Vol.5 特装版 付属CD.zip,,imas,永久,待分享,,13960
resource-3e996925005e,闪耀色彩,Hi-Res,OST,THE IDOLM@STER SHINY COLORS ORIGINAL SOUNDTRACK,,,ZIP Hi-Res,,/00-偶像大师 ALL IN ONE/5-闪耀色彩/闪耀色彩 音乐（CD+HiRes）/[0] Others/OST/THE IDOLM@STER SHINY COLORS ORIGINAL SOUNDTRACK.zip,,imas,永久,待分享,,13970
resource-2022a010fbf7,闪耀色彩,Hi-Res,OST,THE IDOLM@STER SHINY COLORS Song for Prism Original Soundtrack,,,ZIP Hi-Res,,/00-偶像大师 ALL IN ONE/5-闪耀色彩/闪耀色彩 音乐（CD+HiRes）/[0] Others/OST/THE IDOLM@STER SHINY COLORS Song for Prism Original Soundtrack.zip,,imas,永久,待分享,,13980
resource-c7f66b86b66a,闪耀色彩,Hi-Res,RADIO,2019.08.18 [BNAS-1001] THE iDOLM@STER SHINY COLORS はばたきラジオステーション 公式DJCD (SUMMER PARTY 2019 Ver.),,2019,ZIP Hi-Res,,/00-偶像大师 ALL IN ONE/5-闪耀色彩/闪耀色彩 音乐（CD+HiRes）/[0] Others/RADIO/2019.08.18 [BNAS-1001] THE iDOLM@STER SHINY COLORS はばたきラジオステーション 公式DJCD (SUMMER PARTY 2019 Ver.).zip,,imas,永久,待分享,,13990
resource-f879ba6af9aa,闪耀色彩,Hi-Res,RADIO,2020.03.21 [BNAS-1002] THE iDOLM@STER SHINY COLORS はばたきラジオステーション 公式DJCD (SPRING PARTY 2020 ver.),,2020,ZIP Hi-Res,,/00-偶像大师 ALL IN ONE/5-闪耀色彩/闪耀色彩 音乐（CD+HiRes）/[0] Others/RADIO/2020.03.21 [BNAS-1002] THE iDOLM@STER SHINY COLORS はばたきラジオステーション 公式DJCD (SPRING PARTY 2020 ver.).zip,,imas,永久,待分享,,14000
resource-8924470ddc98,闪耀色彩,Hi-Res,RADIO,2021.12.10 [ANCF-0028~9] THE iDOLM@STER SHINY COLORS はばたきラジオステーション 公式DJCD (Xmas Party -Silent night- ver.),,2021,ZIP Hi-Res,,/00-偶像大师 ALL IN ONE/5-闪耀色彩/闪耀色彩 音乐（CD+HiRes）/[0] Others/RADIO/2021.12.10 [ANCF-0028~9] THE iDOLM@STER SHINY COLORS はばたきラジオステーション 公式DJCD (Xmas Party -Silent night- ver.).zip,,imas,永久,待分享,,14010
resource-958eeac5ef0c,闪耀色彩,Hi-Res,[2018-2021] SPECIAL SONGS,[2018.12.19] SHINY COLORS ・ SE@SONAL WINTER,,2018,RAR Hi-Res,,/00-偶像大师 ALL IN ONE/5-闪耀色彩/闪耀色彩 音乐（CD+HiRes）/[2018-2021] SPECIAL SONGS/[2018.12.19] SHINY COLORS ・ SE@SONAL WINTER.rar,,imas,永久,待分享,,14020
resource-91a6dbfdc721,闪耀色彩,Hi-Res,[2018-2021] SPECIAL SONGS,[2019.12.18] SHINY COLORS ・ FUTURITY SMILE,,2019,RAR Hi-Res,,/00-偶像大师 ALL IN ONE/5-闪耀色彩/闪耀色彩 音乐（CD+HiRes）/[2018-2021] SPECIAL SONGS/[2019.12.18] SHINY COLORS ・ FUTURITY SMILE.rar,,imas,永久,待分享,,14030
resource-bcad296be806,闪耀色彩,Hi-Res,[2018-2021] SPECIAL SONGS,[2020.02.12] SHINY COLORS ・ SWEET♡STEP,,2020,RAR Hi-Res,,/00-偶像大师 ALL IN ONE/5-闪耀色彩/闪耀色彩 音乐（CD+HiRes）/[2018-2021] SPECIAL SONGS/[2020.02.12] SHINY COLORS ・ SWEET♡STEP.rar,,imas,永久,待分享,,14040
resource-35b0fdb8f75f,闪耀色彩,Hi-Res,[2018-2021] SPECIAL SONGS,[2020.09.30] SHINY COLORS ・ なんどでも笑おう ☆ シャイニーカラーズ盤,,2020,RAR Hi-Res,,/00-偶像大师 ALL IN ONE/5-闪耀色彩/闪耀色彩 音乐（CD+HiRes）/[2018-2021] SPECIAL SONGS/[2020.09.30] SHINY COLORS ・ なんどでも笑おう ☆ シャイニーカラーズ盤.rar,,imas,永久,待分享,,14050
resource-0df7a7e1d529,闪耀色彩,Hi-Res,[2018-2021] SPECIAL SONGS,[2021.08.04] SHINY COLORS ・ VOY＠GER ☆ シャイニーカラーズ盤,,2021,RAR Hi-Res,,/00-偶像大师 ALL IN ONE/5-闪耀色彩/闪耀色彩 音乐（CD+HiRes）/[2018-2021] SPECIAL SONGS/[2021.08.04] SHINY COLORS ・ VOY＠GER ☆ シャイニーカラーズ盤.rar,,imas,永久,待分享,,14060
resource-9e7aeb2ba419,闪耀色彩,Hi-Res,其他,[2018] BRILLI@NT WING,,2018,FLAC Hi-Res,,/00-偶像大师 ALL IN ONE/5-闪耀色彩/闪耀色彩 音乐（CD+HiRes）/[2018] BRILLI@NT WING,,imas,永久,待分享,,14070
resource-26efe6b9ae67,闪耀色彩,Hi-Res,[2018] BRILLI@NT WING,[2018.06.06] BRILLI@NT WING 01 Spread the Wings!!,,2018,RAR Hi-Res,,/00-偶像大师 ALL IN ONE/5-闪耀色彩/闪耀色彩 音乐（CD+HiRes）/[2018] BRILLI@NT WING/[2018.06.06] BRILLI@NT WING 01 Spread the Wings!!.rar,,imas,永久,待分享,,14080
resource-c5febac0f435,闪耀色彩,Hi-Res,[2018] BRILLI@NT WING,[2018.07.04] BRILLI@NT WING 02 ヒカリのdestination,,2018,RAR Hi-Res,,/00-偶像大师 ALL IN ONE/5-闪耀色彩/闪耀色彩 音乐（CD+HiRes）/[2018] BRILLI@NT WING/[2018.07.04] BRILLI@NT WING 02 ヒカリのdestination.rar,,imas,永久,待分享,,14090
resource-6226a110cb90,闪耀色彩,Hi-Res,[2018] BRILLI@NT WING,[2018.08.01] BRILLI@NT WING 03 バベルシティ・グレイス,,2018,RAR Hi-Res,,/00-偶像大师 ALL IN ONE/5-闪耀色彩/闪耀色彩 音乐（CD+HiRes）/[2018] BRILLI@NT WING/[2018.08.01] BRILLI@NT WING 03 バベルシティ・グレイス.rar,,imas,永久,待分享,,14100
resource-aa31468ed072,闪耀色彩,Hi-Res,[2018] BRILLI@NT WING,[2018.09.05] BRILLI@NT WING 04 夢咲きAfter school,,2018,RAR Hi-Res,,/00-偶像大师 ALL IN ONE/5-闪耀色彩/闪耀色彩 音乐（CD+HiRes）/[2018] BRILLI@NT WING/[2018.09.05] BRILLI@NT WING 04 夢咲きAfter school.rar,,imas,永久,待分享,,14110
resource-4fe4cf0edda9,闪耀色彩,Hi-Res,[2018] BRILLI@NT WING,[2018.10.03] BRILLI@NT WING 05 アルストロメリア,,2018,RAR Hi-Res,,/00-偶像大师 ALL IN ONE/5-闪耀色彩/闪耀色彩 音乐（CD+HiRes）/[2018] BRILLI@NT WING/[2018.10.03] BRILLI@NT WING 05 アルストロメリア.rar,,imas,永久,待分享,,14120
resource-bfc12857ede4,闪耀色彩,Hi-Res,[2019-2020] SOLO COLLECTION,THE IDOLM@STER SHINY COLORS SOLO COLLECTION -1stLIVE FLY TO THE SHINY SKY-,,,ZIP Hi-Res,,/00-偶像大师 ALL IN ONE/5-闪耀色彩/闪耀色彩 音乐（CD+HiRes）/[2019-2020] SOLO COLLECTION/THE IDOLM@STER SHINY COLORS SOLO COLLECTION -1stLIVE FLY TO THE SHINY SKY-.zip,,imas,永久,待分享,,14130
resource-098e006eb18f,闪耀色彩,Hi-Res,[2019-2020] SOLO COLLECTION,THE IDOLM@STER SHINY COLORS SOLO COLLECTION -2nd season LIVE Over the prism part1-,,,ZIP Hi-Res,,/00-偶像大师 ALL IN ONE/5-闪耀色彩/闪耀色彩 音乐（CD+HiRes）/[2019-2020] SOLO COLLECTION/THE IDOLM@STER SHINY COLORS SOLO COLLECTION -2nd season LIVE Over the prism part1-.zip,,imas,永久,待分享,,14140
resource-baea47528eba,闪耀色彩,Hi-Res,[2019-2020] SOLO COLLECTION,THE IDOLM@STER SHINY COLORS SOLO COLLECTION -2nd season LIVE Over the prism part2-,,,ZIP Hi-Res,,/00-偶像大师 ALL IN ONE/5-闪耀色彩/闪耀色彩 音乐（CD+HiRes）/[2019-2020] SOLO COLLECTION/THE IDOLM@STER SHINY COLORS SOLO COLLECTION -2nd season LIVE Over the prism part2-.zip,,imas,永久,待分享,,14150
resource-d5d2e788459d,闪耀色彩,Hi-Res,[2019-2020] SOLO COLLECTION,THE IDOLM@STER SHINY COLORS SOLO COLLECTION -2nd season LIVE Over the prism part3-,,,ZIP Hi-Res,,/00-偶像大师 ALL IN ONE/5-闪耀色彩/闪耀色彩 音乐（CD+HiRes）/[2019-2020] SOLO COLLECTION/THE IDOLM@STER SHINY COLORS SOLO COLLECTION -2nd season LIVE Over the prism part3-.zip,,imas,永久,待分享,,14160
resource-27614998744b,闪耀色彩,Hi-Res,[2019-2020] SOLO COLLECTION,THE IDOLM@STER SHINY COLORS SOLO COLLECTION -2nd season LIVE Over the prism part4-,,,ZIP Hi-Res,,/00-偶像大师 ALL IN ONE/5-闪耀色彩/闪耀色彩 音乐（CD+HiRes）/[2019-2020] SOLO COLLECTION/THE IDOLM@STER SHINY COLORS SOLO COLLECTION -2nd season LIVE Over the prism part4-.zip,,imas,永久,待分享,,14170
resource-049ea2a37e09,闪耀色彩,Hi-Res,[2019-2020] SOLO COLLECTION,THE IDOLM@STER SHINY COLORS SOLO COLLECTION -2ndLIVE STEP INTO THE SUNSET SKY-,,,ZIP Hi-Res,,/00-偶像大师 ALL IN ONE/5-闪耀色彩/闪耀色彩 音乐（CD+HiRes）/[2019-2020] SOLO COLLECTION/THE IDOLM@STER SHINY COLORS SOLO COLLECTION -2ndLIVE STEP INTO THE SUNSET SKY-.zip,,imas,永久,待分享,,14180
resource-f9dbd2c22677,闪耀色彩,Hi-Res,[2019-2020] SOLO COLLECTION,THE IDOLM@STER SHINY COLORS SOLO COLLECTION -3rdLIVE TOUR PIECE ON PLANET  FUKUOKA-,,,ZIP Hi-Res,,/00-偶像大师 ALL IN ONE/5-闪耀色彩/闪耀色彩 音乐（CD+HiRes）/[2019-2020] SOLO COLLECTION/THE IDOLM@STER SHINY COLORS SOLO COLLECTION -3rdLIVE TOUR PIECE ON PLANET  FUKUOKA-.zip,,imas,永久,待分享,,14190
resource-0659864c3979,闪耀色彩,Hi-Res,[2019-2020] SOLO COLLECTION,THE IDOLM@STER SHINY COLORS SOLO COLLECTION -3rdLIVE TOUR PIECE ON PLANET  TOKYO-,,,ZIP Hi-Res,,/00-偶像大师 ALL IN ONE/5-闪耀色彩/闪耀色彩 音乐（CD+HiRes）/[2019-2020] SOLO COLLECTION/THE IDOLM@STER SHINY COLORS SOLO COLLECTION -3rdLIVE TOUR PIECE ON PLANET  TOKYO-.zip,,imas,永久,待分享,,14200
resource-e111f112fa43,闪耀色彩,Hi-Res,[2019-2020] SOLO COLLECTION,THE IDOLM@STER SHINY COLORS SOLO COLLECTION -5thLIVE If I_wings. part1-,,,ZIP Hi-Res,,/00-偶像大师 ALL IN ONE/5-闪耀色彩/闪耀色彩 音乐（CD+HiRes）/[2019-2020] SOLO COLLECTION/THE IDOLM@STER SHINY COLORS SOLO COLLECTION -5thLIVE If I_wings. part1-.zip,,imas,永久,待分享,,14210
resource-446b4bd76f57,闪耀色彩,Hi-Res,[2019-2020] SOLO COLLECTION,THE IDOLM@STER SHINY COLORS SOLO COLLECTION -5thLIVE If I_wings. part2-,,,ZIP Hi-Res,,/00-偶像大师 ALL IN ONE/5-闪耀色彩/闪耀色彩 音乐（CD+HiRes）/[2019-2020] SOLO COLLECTION/THE IDOLM@STER SHINY COLORS SOLO COLLECTION -5thLIVE If I_wings. part2-.zip,,imas,永久,待分享,,14220
resource-681a1bdd66da,闪耀色彩,Hi-Res,[2019-2020] SOLO COLLECTION,THE IDOLM@STER SHINY COLORS SOLO COLLECTION -6.5th Anniversary LIVE “Chapter 283”-,,,ZIP Hi-Res,,/00-偶像大师 ALL IN ONE/5-闪耀色彩/闪耀色彩 音乐（CD+HiRes）/[2019-2020] SOLO COLLECTION/THE IDOLM@STER SHINY COLORS SOLO COLLECTION -6.5th Anniversary LIVE “Chapter 283”-.zip,,imas,永久,待分享,,14230
resource-de8b5a9781c2,闪耀色彩,Hi-Res,[2019-2020] SOLO COLLECTION,THE IDOLM@STER SHINY COLORS SOLO COLLECTION -6thLIVE TOUR Come and Unite! part1-,,,ZIP Hi-Res,,/00-偶像大师 ALL IN ONE/5-闪耀色彩/闪耀色彩 音乐（CD+HiRes）/[2019-2020] SOLO COLLECTION/THE IDOLM@STER SHINY COLORS SOLO COLLECTION -6thLIVE TOUR Come and Unite! part1-.zip,,imas,永久,待分享,,14240
resource-6e93697991ed,闪耀色彩,Hi-Res,[2019-2020] SOLO COLLECTION,THE IDOLM@STER SHINY COLORS SOLO COLLECTION -6thLIVE TOUR Come and Unite! part2-,,,ZIP Hi-Res,,/00-偶像大师 ALL IN ONE/5-闪耀色彩/闪耀色彩 音乐（CD+HiRes）/[2019-2020] SOLO COLLECTION/THE IDOLM@STER SHINY COLORS SOLO COLLECTION -6thLIVE TOUR Come and Unite! part2-.zip,,imas,永久,待分享,,14250
resource-331e7b12f3f4,闪耀色彩,Hi-Res,[2019-2020] SOLO COLLECTION,THE IDOLM@STER SHINY COLORS SOLO COLLECTION -6thLIVE TOUR Come and Unite! part3-,,,ZIP Hi-Res,,/00-偶像大师 ALL IN ONE/5-闪耀色彩/闪耀色彩 音乐（CD+HiRes）/[2019-2020] SOLO COLLECTION/THE IDOLM@STER SHINY COLORS SOLO COLLECTION -6thLIVE TOUR Come and Unite! part3-.zip,,imas,永久,待分享,,14260
resource-016b5db20b81,闪耀色彩,Hi-Res,[2019-2020] SOLO COLLECTION,THE IDOLM@STER SHINY COLORS SOLO COLLECTION -7th LIVE TOUR 螺旋 -Halo around- “The origin on the axes” –,,,ZIP Hi-Res,,/00-偶像大师 ALL IN ONE/5-闪耀色彩/闪耀色彩 音乐（CD+HiRes）/[2019-2020] SOLO COLLECTION/THE IDOLM@STER SHINY COLORS SOLO COLLECTION -7th LIVE TOUR 螺旋 -Halo around- “The origin on the axes” –.zip,,imas,永久,待分享,,14270
resource-0ac6e266c71b,闪耀色彩,Hi-Res,[2019-2020] SOLO COLLECTION,THE IDOLM@STER SHINY COLORS SOLO COLLECTION -7th UNITLIVE TOUR 円環 -Halo around- part1-,,,ZIP Hi-Res,,/00-偶像大师 ALL IN ONE/5-闪耀色彩/闪耀色彩 音乐（CD+HiRes）/[2019-2020] SOLO COLLECTION/THE IDOLM@STER SHINY COLORS SOLO COLLECTION -7th UNITLIVE TOUR 円環 -Halo around- part1-.zip,,imas,永久,待分享,,14280
resource-a3b21fda796c,闪耀色彩,Hi-Res,[2019-2020] SOLO COLLECTION,THE IDOLM@STER SHINY COLORS SOLO COLLECTION -7th UNITLIVE TOUR 円環 -Halo around- part2-,,,ZIP Hi-Res,,/00-偶像大师 ALL IN ONE/5-闪耀色彩/闪耀色彩 音乐（CD+HiRes）/[2019-2020] SOLO COLLECTION/THE IDOLM@STER SHINY COLORS SOLO COLLECTION -7th UNITLIVE TOUR 円環 -Halo around- part2-.zip,,imas,永久,待分享,,14290
resource-3190cf150ad3,闪耀色彩,Hi-Res,[2019-2020] SOLO COLLECTION,THE IDOLM@STER SHINY COLORS SOLO COLLECTION -7th UNITLIVE TOUR 円環 -Halo around- part3-,,,ZIP Hi-Res,,/00-偶像大师 ALL IN ONE/5-闪耀色彩/闪耀色彩 音乐（CD+HiRes）/[2019-2020] SOLO COLLECTION/THE IDOLM@STER SHINY COLORS SOLO COLLECTION -7th UNITLIVE TOUR 円環 -Halo around- part3-.zip,,imas,永久,待分享,,14300
resource-59a1409b556d,闪耀色彩,Hi-Res,[2019-2020] SOLO COLLECTION,THE IDOLM@STER SHINY COLORS SOLO COLLECTION -Beyond the Blue sky part1-,,,ZIP Hi-Res,,/00-偶像大师 ALL IN ONE/5-闪耀色彩/闪耀色彩 音乐（CD+HiRes）/[2019-2020] SOLO COLLECTION/THE IDOLM@STER SHINY COLORS SOLO COLLECTION -Beyond the Blue sky part1-.zip,,imas,永久,待分享,,14310
resource-b7983d7bf262,闪耀色彩,Hi-Res,[2019-2020] SOLO COLLECTION,THE IDOLM@STER SHINY COLORS SOLO COLLECTION -Beyond the Blue sky part2-,,,ZIP Hi-Res,,/00-偶像大师 ALL IN ONE/5-闪耀色彩/闪耀色彩 音乐（CD+HiRes）/[2019-2020] SOLO COLLECTION/THE IDOLM@STER SHINY COLORS SOLO COLLECTION -Beyond the Blue sky part2-.zip,,imas,永久,待分享,,14320
resource-3f9a6ed633ce,闪耀色彩,Hi-Res,[2019-2020] SOLO COLLECTION,THE IDOLM@STER SHINY COLORS SOLO COLLECTION -L@YERED WING part 1-,,,ZIP Hi-Res,,/00-偶像大师 ALL IN ONE/5-闪耀色彩/闪耀色彩 音乐（CD+HiRes）/[2019-2020] SOLO COLLECTION/THE IDOLM@STER SHINY COLORS SOLO COLLECTION -L@YERED WING part 1-.zip,,imas,永久,待分享,,14330
resource-cb785e4074b6,闪耀色彩,Hi-Res,[2019-2020] SOLO COLLECTION,THE IDOLM@STER SHINY COLORS SOLO COLLECTION -L@YERED WING part 2-,,,ZIP Hi-Res,,/00-偶像大师 ALL IN ONE/5-闪耀色彩/闪耀色彩 音乐（CD+HiRes）/[2019-2020] SOLO COLLECTION/THE IDOLM@STER SHINY COLORS SOLO COLLECTION -L@YERED WING part 2-.zip,,imas,永久,待分享,,14340
resource-7c453e867da3,闪耀色彩,Hi-Res,[2019-2020] SOLO COLLECTION,THE IDOLM@STER SHINY COLORS SOLO COLLECTION -M@STERS OF IDOL WORLD 2025 part1-,,,ZIP Hi-Res,,/00-偶像大师 ALL IN ONE/5-闪耀色彩/闪耀色彩 音乐（CD+HiRes）/[2019-2020] SOLO COLLECTION/THE IDOLM@STER SHINY COLORS SOLO COLLECTION -M@STERS OF IDOL WORLD 2025 part1-.zip,,imas,永久,待分享,,14350
resource-ee86f97b5907,闪耀色彩,Hi-Res,[2019-2020] SOLO COLLECTION,THE IDOLM@STER SHINY COLORS SOLO COLLECTION -M@STERS OF IDOL WORLD 2025 part2-,,,ZIP Hi-Res,,/00-偶像大师 ALL IN ONE/5-闪耀色彩/闪耀色彩 音乐（CD+HiRes）/[2019-2020] SOLO COLLECTION/THE IDOLM@STER SHINY COLORS SOLO COLLECTION -M@STERS OF IDOL WORLD 2025 part2-.zip,,imas,永久,待分享,,14360
resource-474519d84b21,闪耀色彩,Hi-Res,[2019-2020] SOLO COLLECTION,THE IDOLM@STER SHINY COLORS SOLO COLLECTION -M@STERS OF IDOL WORLD!!! 2023-,,2023,ZIP Hi-Res,,/00-偶像大师 ALL IN ONE/5-闪耀色彩/闪耀色彩 音乐（CD+HiRes）/[2019-2020] SOLO COLLECTION/THE IDOLM@STER SHINY COLORS SOLO COLLECTION -M@STERS OF IDOL WORLD!!! 2023-.zip,,imas,永久,待分享,,14370
resource-635116fe2b6b,闪耀色彩,Hi-Res,[2019-2020] SOLO COLLECTION,THE IDOLM@STER SHINY COLORS SOLO COLLECTION -MUSIC DAWN-,,,ZIP Hi-Res,,/00-偶像大师 ALL IN ONE/5-闪耀色彩/闪耀色彩 音乐（CD+HiRes）/[2019-2020] SOLO COLLECTION/THE IDOLM@STER SHINY COLORS SOLO COLLECTION -MUSIC DAWN-.zip,,imas,永久,待分享,,14380
resource-e52f6a6aa971,闪耀色彩,Hi-Res,[2019-2020] SOLO COLLECTION,THE IDOLM@STER SHINY COLORS SOLO COLLECTION -SOLO PERFORMANCE LIVE 我儘なまま Luna-,,,ZIP Hi-Res,,/00-偶像大师 ALL IN ONE/5-闪耀色彩/闪耀色彩 音乐（CD+HiRes）/[2019-2020] SOLO COLLECTION/THE IDOLM@STER SHINY COLORS SOLO COLLECTION -SOLO PERFORMANCE LIVE 我儘なまま Luna-.zip,,imas,永久,待分享,,14390
resource-413101c87f3e,闪耀色彩,Hi-Res,[2019-2020] SOLO COLLECTION,THE IDOLM@STER SHINY COLORS SOLO COLLECTION -SOLO PERFORMANCE LIVE 我儘なまま Sol-,,,ZIP Hi-Res,,/00-偶像大师 ALL IN ONE/5-闪耀色彩/闪耀色彩 音乐（CD+HiRes）/[2019-2020] SOLO COLLECTION/THE IDOLM@STER SHINY COLORS SOLO COLLECTION -SOLO PERFORMANCE LIVE 我儘なまま Sol-.zip,,imas,永久,待分享,,14400
resource-6c9f9fcf0053,闪耀色彩,Hi-Res,[2019-2020] SOLO COLLECTION,THE IDOLM@STER SHINY COLORS SOLO COLLECTION -SOLO PERFORMANCE LIVE 我儘なまま Stella-,,,ZIP Hi-Res,,/00-偶像大师 ALL IN ONE/5-闪耀色彩/闪耀色彩 音乐（CD+HiRes）/[2019-2020] SOLO COLLECTION/THE IDOLM@STER SHINY COLORS SOLO COLLECTION -SOLO PERFORMANCE LIVE 我儘なまま Stella-.zip,,imas,永久,待分享,,14410
resource-4545eb3c9037,闪耀色彩,Hi-Res,[2019-2020] SOLO COLLECTION,THE IDOLM@STER SHINY COLORS SOLO COLLECTION -SPRING PARTY 2020-,,2020,ZIP Hi-Res,,/00-偶像大师 ALL IN ONE/5-闪耀色彩/闪耀色彩 音乐（CD+HiRes）/[2019-2020] SOLO COLLECTION/THE IDOLM@STER SHINY COLORS SOLO COLLECTION -SPRING PARTY 2020-.zip,,imas,永久,待分享,,14420
resource-ed625f06cc74,闪耀色彩,Hi-Res,[2019-2020] SOLO COLLECTION,THE IDOLM@STER SHINY COLORS SOLO COLLECTION -SUMMER PARTY 2019-,,2019,ZIP Hi-Res,,/00-偶像大师 ALL IN ONE/5-闪耀色彩/闪耀色彩 音乐（CD+HiRes）/[2019-2020] SOLO COLLECTION/THE IDOLM@STER SHINY COLORS SOLO COLLECTION -SUMMER PARTY 2019-.zip,,imas,永久,待分享,,14430
resource-fc8977dd07e3,闪耀色彩,Hi-Res,[2019-2020] SOLO COLLECTION,THE IDOLM@STER SHINY COLORS SOLO COLLECTION -シャニマス大感謝祭！ 〜283スポーツフェスティバル〜 part1-,,,ZIP Hi-Res,,/00-偶像大师 ALL IN ONE/5-闪耀色彩/闪耀色彩 音乐（CD+HiRes）/[2019-2020] SOLO COLLECTION/THE IDOLM@STER SHINY COLORS SOLO COLLECTION -シャニマス大感謝祭！ 〜283スポーツフェスティバル〜 part1-.zip,,imas,永久,待分享,,14440
resource-1f4666fbdd32,闪耀色彩,Hi-Res,[2019-2020] SOLO COLLECTION,THE IDOLM@STER SHINY COLORS SOLO COLLECTION -シャニマス大感謝祭！ 〜283スポーツフェスティバル〜 part2-,,,ZIP Hi-Res,,/00-偶像大师 ALL IN ONE/5-闪耀色彩/闪耀色彩 音乐（CD+HiRes）/[2019-2020] SOLO COLLECTION/THE IDOLM@STER SHINY COLORS SOLO COLLECTION -シャニマス大感謝祭！ 〜283スポーツフェスティバル〜 part2-.zip,,imas,永久,待分享,,14450
resource-16d007284050,闪耀色彩,Hi-Res,其他,[2019] FR@GMENT WING,,2019,FLAC Hi-Res,,/00-偶像大师 ALL IN ONE/5-闪耀色彩/闪耀色彩 音乐（CD+HiRes）/[2019] FR@GMENT WING,,imas,永久,待分享,,14460
resource-070cba9a9e03,闪耀色彩,Hi-Res,[2019] FR@GMENT WING,[2019.04.10] FR@GMENT WING 01 Ambitious Eve,,2019,RAR Hi-Res,,/00-偶像大师 ALL IN ONE/5-闪耀色彩/闪耀色彩 音乐（CD+HiRes）/[2019] FR@GMENT WING/[2019.04.10] FR@GMENT WING 01 Ambitious Eve.rar,,imas,永久,待分享,,14470
resource-a648fca4e9a8,闪耀色彩,Hi-Res,[2019] FR@GMENT WING,[2019.05.08] FR@GMENT WING 02 We can go now!,,2019,RAR Hi-Res,,/00-偶像大师 ALL IN ONE/5-闪耀色彩/闪耀色彩 音乐（CD+HiRes）/[2019] FR@GMENT WING/[2019.05.08] FR@GMENT WING 02 We can go now!.rar,,imas,永久,待分享,,14480
resource-435581f8b241,闪耀色彩,Hi-Res,[2019] FR@GMENT WING,[2019.06.12] FR@GMENT WING 03 NEO THEORY FANTASY,,2019,RAR Hi-Res,,/00-偶像大师 ALL IN ONE/5-闪耀色彩/闪耀色彩 音乐（CD+HiRes）/[2019] FR@GMENT WING/[2019.06.12] FR@GMENT WING 03 NEO THEORY FANTASY.rar,,imas,永久,待分享,,14490
resource-1b5fc42adb39,闪耀色彩,Hi-Res,[2019] FR@GMENT WING,[2019.07.10] FR@GMENT WING 04 ビーチブレイバー,,2019,RAR Hi-Res,,/00-偶像大师 ALL IN ONE/5-闪耀色彩/闪耀色彩 音乐（CD+HiRes）/[2019] FR@GMENT WING/[2019.07.10] FR@GMENT WING 04 ビーチブレイバー.rar,,imas,永久,待分享,,14500
resource-b2957cff9fdc,闪耀色彩,Hi-Res,[2019] FR@GMENT WING,[2019.08.21] FR@GMENT WING 05 Bloomy!,,2019,RAR Hi-Res,,/00-偶像大师 ALL IN ONE/5-闪耀色彩/闪耀色彩 音乐（CD+HiRes）/[2019] FR@GMENT WING/[2019.08.21] FR@GMENT WING 05 Bloomy!.rar,,imas,永久,待分享,,14510
resource-77862e3f3576,闪耀色彩,Hi-Res,[2019] FR@GMENT WING,[2019.09.11] FR@GMENT WING 06 Wandering Dream Chaser,,2019,RAR Hi-Res,,/00-偶像大师 ALL IN ONE/5-闪耀色彩/闪耀色彩 音乐（CD+HiRes）/[2019] FR@GMENT WING/[2019.09.11] FR@GMENT WING 06 Wandering Dream Chaser.rar,,imas,永久,待分享,,14520
resource-399177972d2f,闪耀色彩,Hi-Res,其他,[2020] GR@DATE WING,,2020,FLAC Hi-Res,,/00-偶像大师 ALL IN ONE/5-闪耀色彩/闪耀色彩 音乐（CD+HiRes）/[2020] GR@DATE WING,,imas,永久,待分享,,14530
resource-8b26c6eb0074,闪耀色彩,Hi-Res,[2020] GR@DATE WING,[2020.04.08] GR@DATE WING 01 シャイノグラフィ,,2020,RAR Hi-Res,,/00-偶像大师 ALL IN ONE/5-闪耀色彩/闪耀色彩 音乐（CD+HiRes）/[2020] GR@DATE WING/[2020.04.08] GR@DATE WING 01 シャイノグラフィ.rar,,imas,永久,待分享,,14540
resource-745ed2284a93,闪耀色彩,Hi-Res,[2020] GR@DATE WING,[2020.08.19] GR@DATE WING 06 Hide & Attack,,2020,RAR Hi-Res,,/00-偶像大师 ALL IN ONE/5-闪耀色彩/闪耀色彩 音乐（CD+HiRes）/[2020] GR@DATE WING/[2020.08.19] GR@DATE WING 06 Hide & Attack.rar,,imas,永久,待分享,,14550
resource-17ca11217d72,闪耀色彩,Hi-Res,[2020] GR@DATE WING,[2020.09.16] GR@DATE WING 07 いつだって僕らは,,2020,RAR Hi-Res,,/00-偶像大师 ALL IN ONE/5-闪耀色彩/闪耀色彩 音乐（CD+HiRes）/[2020] GR@DATE WING/[2020.09.16] GR@DATE WING 07 いつだって僕らは.rar,,imas,永久,待分享,,14560
resource-40a8aa169ebe,闪耀色彩,Hi-Res,[2020] GR@DATE WING,[2020.10.14] GR@DATE WING 02 Twinkle way,,2020,RAR Hi-Res,,/00-偶像大师 ALL IN ONE/5-闪耀色彩/闪耀色彩 音乐（CD+HiRes）/[2020] GR@DATE WING/[2020.10.14] GR@DATE WING 02 Twinkle way.rar,,imas,永久,待分享,,14570
resource-33b14033ae98,闪耀色彩,Hi-Res,[2020] GR@DATE WING,[2020.11.04] GR@DATE WING 03 Black Reverie,,2020,RAR Hi-Res,,/00-偶像大师 ALL IN ONE/5-闪耀色彩/闪耀色彩 音乐（CD+HiRes）/[2020] GR@DATE WING/[2020.11.04] GR@DATE WING 03 Black Reverie.rar,,imas,永久,待分享,,14580
resource-dafc774bdb34,闪耀色彩,Hi-Res,[2020] GR@DATE WING,[2020.11.18] GR@DATE WING 04 五ツ座流星群,,2020,RAR Hi-Res,,/00-偶像大师 ALL IN ONE/5-闪耀色彩/闪耀色彩 音乐（CD+HiRes）/[2020] GR@DATE WING/[2020.11.18] GR@DATE WING 04 五ツ座流星群.rar,,imas,永久,待分享,,14590
resource-6a296c5b6a77,闪耀色彩,Hi-Res,[2020] GR@DATE WING,[2020.12.09] GR@DATE WING 05 ダブル・イフェクト,,2020,RAR Hi-Res,,/00-偶像大师 ALL IN ONE/5-闪耀色彩/闪耀色彩 音乐（CD+HiRes）/[2020] GR@DATE WING/[2020.12.09] GR@DATE WING 05 ダブル・イフェクト.rar,,imas,永久,待分享,,14600
resource-a4189862e845,闪耀色彩,Hi-Res,[2021] COLORFUL FE@THERS,[2021.01.20] COLORFUL FE@THERS -Stella-,,2021,RAR Hi-Res,,/00-偶像大师 ALL IN ONE/5-闪耀色彩/闪耀色彩 音乐（CD+HiRes）/[2021] COLORFUL FE@THERS/[2021.01.20] COLORFUL FE@THERS -Stella-.rar,,imas,永久,待分享,,14610
resource-455af0c82464,闪耀色彩,Hi-Res,[2021] COLORFUL FE@THERS,[2021.02.17] COLORFUL FE@THERS -Luna-,,2021,RAR Hi-Res,,/00-偶像大师 ALL IN ONE/5-闪耀色彩/闪耀色彩 音乐（CD+HiRes）/[2021] COLORFUL FE@THERS/[2021.02.17] COLORFUL FE@THERS -Luna-.rar,,imas,永久,待分享,,14620
resource-a7802f31fe9e,闪耀色彩,Hi-Res,[2021] COLORFUL FE@THERS,[2021.03.10] COLORFUL FE@THERS -Sol-,,2021,RAR Hi-Res,,/00-偶像大师 ALL IN ONE/5-闪耀色彩/闪耀色彩 音乐（CD+HiRes）/[2021] COLORFUL FE@THERS/[2021.03.10] COLORFUL FE@THERS -Sol-.rar,,imas,永久,待分享,,14630
resource-0da26c1e26e0,闪耀色彩,Hi-Res,[2021] COLORFUL FE@THERS,[2023追加] -SHHis-,,,FLAC Hi-Res,,/00-偶像大师 ALL IN ONE/5-闪耀色彩/闪耀色彩 音乐（CD+HiRes）/[2021] COLORFUL FE@THERS/HiRes/[2023追加] -SHHis-,,imas,永久,待分享,,14640
resource-0e5802c08d7e,闪耀色彩,Hi-Res,[2021] COLORFUL FE@THERS,[2024追加] -CoMETIK-,,,FLAC Hi-Res,,/00-偶像大师 ALL IN ONE/5-闪耀色彩/闪耀色彩 音乐（CD+HiRes）/[2021] COLORFUL FE@THERS/HiRes/[2024追加] -CoMETIK-,,imas,永久,待分享,,14650
resource-c837f3915793,闪耀色彩,Hi-Res,[2021] COLORFUL FE@THERS,神様は死んだ、って,,,FLAC Hi-Res,,/00-偶像大师 ALL IN ONE/5-闪耀色彩/闪耀色彩 音乐（CD+HiRes）/[2021] COLORFUL FE@THERS/HiRes/神様は死んだ、って,,imas,永久,待分享,,14660
resource-8eeb51fa385f,闪耀色彩,Hi-Res,[2021] COLORFUL FE@THERS,Team-Luna,,,FLAC Hi-Res,,/00-偶像大师 ALL IN ONE/5-闪耀色彩/闪耀色彩 音乐（CD+HiRes）/[2021] COLORFUL FE@THERS/HiRes/Team-Luna,,imas,永久,待分享,,14670
resource-5c01337fd905,闪耀色彩,Hi-Res,[2021] COLORFUL FE@THERS,Team-Sol,,,FLAC Hi-Res,,/00-偶像大师 ALL IN ONE/5-闪耀色彩/闪耀色彩 音乐（CD+HiRes）/[2021] COLORFUL FE@THERS/HiRes/Team-Sol,,imas,永久,待分享,,14680
resource-a7405a6f1a20,闪耀色彩,Hi-Res,[2021] COLORFUL FE@THERS,Team-Stella,,,FLAC Hi-Res,,/00-偶像大师 ALL IN ONE/5-闪耀色彩/闪耀色彩 音乐（CD+HiRes）/[2021] COLORFUL FE@THERS/HiRes/Team-Stella,,imas,永久,待分享,,14690
resource-19cd5da7a08a,闪耀色彩,Hi-Res,其他,[2021] L@YERED WING,,2021,FLAC Hi-Res,,/00-偶像大师 ALL IN ONE/5-闪耀色彩/闪耀色彩 音乐（CD+HiRes）/[2021] L@YERED WING,,imas,永久,待分享,,14700
resource-bcd38c4ed07f,闪耀色彩,Hi-Res,[2021] L@YERED WING,[2021.04.14] L@YERED WING 01 Resonance+,,2021,RAR Hi-Res,,/00-偶像大师 ALL IN ONE/5-闪耀色彩/闪耀色彩 音乐（CD+HiRes）/[2021] L@YERED WING/[2021.04.14] L@YERED WING 01 Resonance+.rar,,imas,永久,待分享,,14710
resource-f34ea1060be8,闪耀色彩,Hi-Res,[2021] L@YERED WING,[2021.05.19] L@YERED WING 02 PRISISM,,2021,RAR Hi-Res,,/00-偶像大师 ALL IN ONE/5-闪耀色彩/闪耀色彩 音乐（CD+HiRes）/[2021] L@YERED WING/[2021.05.19] L@YERED WING 02 PRISISM.rar,,imas,永久,待分享,,14720
resource-5b3f57b25a1d,闪耀色彩,Hi-Res,[2021] L@YERED WING,[2021.06.09] L@YERED WING 03 abyss of conflict,,2021,RAR Hi-Res,,/00-偶像大师 ALL IN ONE/5-闪耀色彩/闪耀色彩 音乐（CD+HiRes）/[2021] L@YERED WING/[2021.06.09] L@YERED WING 03 abyss of conflict.rar,,imas,永久,待分享,,14730
resource-cfc785aba27c,闪耀色彩,Hi-Res,[2021] L@YERED WING,[2021.07.14] L@YERED WING 04 クライマックスアイランド,,2021,RAR Hi-Res,,/00-偶像大师 ALL IN ONE/5-闪耀色彩/闪耀色彩 音乐（CD+HiRes）/[2021] L@YERED WING/[2021.07.14] L@YERED WING 04 クライマックスアイランド.rar,,imas,永久,待分享,,14740
resource-5de43e8466bd,闪耀色彩,Hi-Res,[2021] L@YERED WING,[2021.08.18] L@YERED WING 05 パステルカラー パスカラカラー,,2021,RAR Hi-Res,,/00-偶像大师 ALL IN ONE/5-闪耀色彩/闪耀色彩 音乐（CD+HiRes）/[2021] L@YERED WING/[2021.08.18] L@YERED WING 05 パステルカラー パスカラカラー.rar,,imas,永久,待分享,,14750
resource-e2d503571291,闪耀色彩,Hi-Res,[2021] L@YERED WING,[2021.09.08] L@YERED WING 06 Another Rampage,,2021,RAR Hi-Res,,/00-偶像大师 ALL IN ONE/5-闪耀色彩/闪耀色彩 音乐（CD+HiRes）/[2021] L@YERED WING/[2021.09.08] L@YERED WING 06 Another Rampage.rar,,imas,永久,待分享,,14760
resource-5c290e6462a8,闪耀色彩,Hi-Res,[2021] L@YERED WING,[2021.10.13] L@YERED WING 07 僕らだけの未来の空,,2021,RAR Hi-Res,,/00-偶像大师 ALL IN ONE/5-闪耀色彩/闪耀色彩 音乐（CD+HiRes）/[2021] L@YERED WING/[2021.10.13] L@YERED WING 07 僕らだけの未来の空.rar,,imas,永久,待分享,,14770
resource-2f5bb24f81ee,闪耀色彩,Hi-Res,[2021] L@YERED WING,[2021.11.10] L@YERED WING 08 OH MY GOD,,2021,RAR Hi-Res,,/00-偶像大师 ALL IN ONE/5-闪耀色彩/闪耀色彩 音乐（CD+HiRes）/[2021] L@YERED WING/[2021.11.10] L@YERED WING 08 OH MY GOD.rar,,imas,永久,待分享,,14780
resource-e677b3935a21,闪耀色彩,Hi-Res,[2022] PANOR@MA WING (Hi-Res),THE IDOLM@STER SHINY COLORS PANOR@MA WING 01,,,ZIP Hi-Res,,/00-偶像大师 ALL IN ONE/5-闪耀色彩/闪耀色彩 音乐（CD+HiRes）/[2022] PANOR@MA WING (Hi-Res)/THE IDOLM@STER SHINY COLORS PANOR@MA WING 01.zip,,imas,永久,待分享,,14790
resource-1e080c387d96,闪耀色彩,Hi-Res,[2022] PANOR@MA WING (Hi-Res),THE IDOLM@STER SHINY COLORS PANOR@MA WING 02,,,ZIP Hi-Res,,/00-偶像大师 ALL IN ONE/5-闪耀色彩/闪耀色彩 音乐（CD+HiRes）/[2022] PANOR@MA WING (Hi-Res)/THE IDOLM@STER SHINY COLORS PANOR@MA WING 02.zip,,imas,永久,待分享,,14800
resource-02bc206ee1bd,闪耀色彩,Hi-Res,[2022] PANOR@MA WING (Hi-Res),THE IDOLM@STER SHINY COLORS PANOR@MA WING 03,,,ZIP Hi-Res,,/00-偶像大师 ALL IN ONE/5-闪耀色彩/闪耀色彩 音乐（CD+HiRes）/[2022] PANOR@MA WING (Hi-Res)/THE IDOLM@STER SHINY COLORS PANOR@MA WING 03.zip,,imas,永久,待分享,,14810
resource-6d52d9b8ddfd,闪耀色彩,Hi-Res,[2022] PANOR@MA WING (Hi-Res),THE IDOLM@STER SHINY COLORS PANOR@MA WING 04,,,ZIP Hi-Res,,/00-偶像大师 ALL IN ONE/5-闪耀色彩/闪耀色彩 音乐（CD+HiRes）/[2022] PANOR@MA WING (Hi-Res)/THE IDOLM@STER SHINY COLORS PANOR@MA WING 04.zip,,imas,永久,待分享,,14820
resource-41aa577b0c01,闪耀色彩,Hi-Res,[2022] PANOR@MA WING (Hi-Res),THE IDOLM@STER SHINY COLORS PANOR@MA WING 05,,,ZIP Hi-Res,,/00-偶像大师 ALL IN ONE/5-闪耀色彩/闪耀色彩 音乐（CD+HiRes）/[2022] PANOR@MA WING (Hi-Res)/THE IDOLM@STER SHINY COLORS PANOR@MA WING 05.zip,,imas,永久,待分享,,14830
resource-f63ed99f42df,闪耀色彩,Hi-Res,[2022] PANOR@MA WING (Hi-Res),THE IDOLM@STER SHINY COLORS PANOR@MA WING 06,,,ZIP Hi-Res,,/00-偶像大师 ALL IN ONE/5-闪耀色彩/闪耀色彩 音乐（CD+HiRes）/[2022] PANOR@MA WING (Hi-Res)/THE IDOLM@STER SHINY COLORS PANOR@MA WING 06.zip,,imas,永久,待分享,,14840
resource-dd6085ebb3a1,闪耀色彩,Hi-Res,[2022] PANOR@MA WING (Hi-Res),THE IDOLM@STER SHINY COLORS PANOR@MA WING 07,,,ZIP Hi-Res,,/00-偶像大师 ALL IN ONE/5-闪耀色彩/闪耀色彩 音乐（CD+HiRes）/[2022] PANOR@MA WING (Hi-Res)/THE IDOLM@STER SHINY COLORS PANOR@MA WING 07.zip,,imas,永久,待分享,,14850
resource-3c4eeb987879,闪耀色彩,Hi-Res,[2022] PANOR@MA WING (Hi-Res),THE IDOLM@STER SHINY COLORS PANOR@MA WING 08,,,ZIP Hi-Res,,/00-偶像大师 ALL IN ONE/5-闪耀色彩/闪耀色彩 音乐（CD+HiRes）/[2022] PANOR@MA WING (Hi-Res)/THE IDOLM@STER SHINY COLORS PANOR@MA WING 08.zip,,imas,永久,待分享,,14860
resource-423dbb790f1b,闪耀色彩,Hi-Res,[2022] SHINY COLORS Synthe-Side (Hi-Res),THE IDOLM@STER SHINY COLORS Synthe-Side 01,,,FLAC Hi-Res,,/00-偶像大师 ALL IN ONE/5-闪耀色彩/闪耀色彩 音乐（CD+HiRes）/[2022] SHINY COLORS Synthe-Side (Hi-Res)/THE IDOLM@STER SHINY COLORS Synthe-Side 01,,imas,永久,待分享,,14870
resource-59cc768c723d,闪耀色彩,Hi-Res,[2022] SHINY COLORS Synthe-Side (Hi-Res),THE IDOLM@STER SHINY COLORS Synthe-Side 02,,,FLAC Hi-Res,,/00-偶像大师 ALL IN ONE/5-闪耀色彩/闪耀色彩 音乐（CD+HiRes）/[2022] SHINY COLORS Synthe-Side (Hi-Res)/THE IDOLM@STER SHINY COLORS Synthe-Side 02,,imas,永久,待分享,,14880
resource-99dc7e3d2776,闪耀色彩,Hi-Res,[2022] SHINY COLORS Synthe-Side (Hi-Res),THE IDOLM@STER SHINY COLORS Synthe-Side 03,,,FLAC Hi-Res,,/00-偶像大师 ALL IN ONE/5-闪耀色彩/闪耀色彩 音乐（CD+HiRes）/[2022] SHINY COLORS Synthe-Side (Hi-Res)/THE IDOLM@STER SHINY COLORS Synthe-Side 03,,imas,永久,待分享,,14890
resource-d8ebfb93a967,闪耀色彩,Hi-Res,[2023-] Song For Prism 全员曲,THE IDOLM@STER SHINY COLORS Song for Prism 星の声,,,ZIP Hi-Res,,/00-偶像大师 ALL IN ONE/5-闪耀色彩/闪耀色彩 音乐（CD+HiRes）/[2023-] Song For Prism 全员曲/THE IDOLM@STER SHINY COLORS Song for Prism 星の声.zip,,imas,永久,待分享,,14900
resource-e27e914ec70c,闪耀色彩,Hi-Res,[2023-] Song For Prism 全员曲,THE IDOLM@STER SHINY COLORS Song for Prism Borderline _ クローバー _ Summer Night Paradise,,,ZIP Hi-Res,,/00-偶像大师 ALL IN ONE/5-闪耀色彩/闪耀色彩 音乐（CD+HiRes）/[2023-] Song For Prism 全员曲/THE IDOLM@STER SHINY COLORS Song for Prism Borderline _ クローバー _ Summer Night Paradise.zip,,imas,永久,待分享,,14910
resource-ad5ce0e7d45e,闪耀色彩,Hi-Res,[2023-] Song For Prism 全员曲,THE IDOLM@STER SHINY COLORS Song for Prism C'mon! Join Us _ 愛なView _ サマーサマーオーシャンパーリィバケーション,,,ZIP Hi-Res,,/00-偶像大师 ALL IN ONE/5-闪耀色彩/闪耀色彩 音乐（CD+HiRes）/[2023-] Song For Prism 全员曲/THE IDOLM@STER SHINY COLORS Song for Prism C'mon! Join Us _ 愛なView _ サマーサマーオーシャンパーリィバケーション.zip,,imas,永久,待分享,,14920
resource-9536e8f5c6a9,闪耀色彩,Hi-Res,[2023] 闪耀色彩动画,Happy Surprise Trick!,,,ZIP Hi-Res,,/00-偶像大师 ALL IN ONE/5-闪耀色彩/闪耀色彩 音乐（CD+HiRes）/[2023] 闪耀色彩动画/Happy Surprise Trick!.zip,,imas,永久,待分享,,14930
resource-2ac005325528,闪耀色彩,Hi-Res,[2023] 闪耀色彩动画,Over the prism,,,ZIP Hi-Res,,/00-偶像大师 ALL IN ONE/5-闪耀色彩/闪耀色彩 音乐（CD+HiRes）/[2023] 闪耀色彩动画/Over the prism.zip,,imas,永久,待分享,,14940
resource-4f6f8bf838cb,闪耀色彩,Hi-Res,[2023] 闪耀色彩动画,THE IDOLM@STER SHINY COLORS 2nd Season Original Soundtrack,,,ZIP Hi-Res,,/00-偶像大师 ALL IN ONE/5-闪耀色彩/闪耀色彩 音乐（CD+HiRes）/[2023] 闪耀色彩动画/THE IDOLM@STER SHINY COLORS 2nd Season Original Soundtrack.zip,,imas,永久,待分享,,14950
resource-55058348fa47,闪耀色彩,Hi-Res,[2023] 闪耀色彩动画,THE IDOLM@STER SHINY COLORS Original Soundtrack,,,ZIP Hi-Res,,/00-偶像大师 ALL IN ONE/5-闪耀色彩/闪耀色彩 音乐（CD+HiRes）/[2023] 闪耀色彩动画/THE IDOLM@STER SHINY COLORS Original Soundtrack.zip,,imas,永久,待分享,,14960
resource-59a003078800,闪耀色彩,Hi-Res,[2023] 闪耀色彩动画,ツバサグラビティ,,,ZIP Hi-Res,,/00-偶像大师 ALL IN ONE/5-闪耀色彩/闪耀色彩 音乐（CD+HiRes）/[2023] 闪耀色彩动画/ツバサグラビティ.zip,,imas,永久,待分享,,14970
resource-685986b96da4,闪耀色彩,Hi-Res,[2023] 闪耀色彩动画,プリズムフレア -25 colors-,,,ZIP Hi-Res,,/00-偶像大师 ALL IN ONE/5-闪耀色彩/闪耀色彩 音乐（CD+HiRes）/[2023] 闪耀色彩动画/プリズムフレア -25 colors-.zip,,imas,永久,待分享,,14980
resource-d2946c64d7a2,闪耀色彩,Hi-Res,[2023] 闪耀色彩动画,プリズムフレア,,,ZIP Hi-Res,,/00-偶像大师 ALL IN ONE/5-闪耀色彩/闪耀色彩 音乐（CD+HiRes）/[2023] 闪耀色彩动画/プリズムフレア.zip,,imas,永久,待分享,,14990
resource-03e4785c538f,闪耀色彩,Hi-Res,[2023] SHINY COLORS CANVAS (Hi-Res),THE IDOLM@STER SHINY COLORS _CANVAS_ 01,,,ZIP Hi-Res,,/00-偶像大师 ALL IN ONE/5-闪耀色彩/闪耀色彩 音乐（CD+HiRes）/[2023] SHINY COLORS CANVAS (Hi-Res)/THE IDOLM@STER SHINY COLORS _CANVAS_ 01.zip,,imas,永久,待分享,,15000
resource-db3671b05e1c,闪耀色彩,Hi-Res,[2023] SHINY COLORS CANVAS (Hi-Res),THE IDOLM@STER SHINY COLORS _CANVAS_ 02,,,ZIP Hi-Res,,/00-偶像大师 ALL IN ONE/5-闪耀色彩/闪耀色彩 音乐（CD+HiRes）/[2023] SHINY COLORS CANVAS (Hi-Res)/THE IDOLM@STER SHINY COLORS _CANVAS_ 02.zip,,imas,永久,待分享,,15010
resource-902e2af83ec6,闪耀色彩,Hi-Res,[2023] SHINY COLORS CANVAS (Hi-Res),THE IDOLM@STER SHINY COLORS _CANVAS_ 03,,,ZIP Hi-Res,,/00-偶像大师 ALL IN ONE/5-闪耀色彩/闪耀色彩 音乐（CD+HiRes）/[2023] SHINY COLORS CANVAS (Hi-Res)/THE IDOLM@STER SHINY COLORS _CANVAS_ 03.zip,,imas,永久,待分享,,15020
resource-5c021c6157db,闪耀色彩,Hi-Res,[2023] SHINY COLORS CANVAS (Hi-Res),THE IDOLM@STER SHINY COLORS _CANVAS_ 04,,,ZIP Hi-Res,,/00-偶像大师 ALL IN ONE/5-闪耀色彩/闪耀色彩 音乐（CD+HiRes）/[2023] SHINY COLORS CANVAS (Hi-Res)/THE IDOLM@STER SHINY COLORS _CANVAS_ 04.zip,,imas,永久,待分享,,15030
resource-4a81a6d506f8,闪耀色彩,Hi-Res,[2023] SHINY COLORS CANVAS (Hi-Res),THE IDOLM@STER SHINY COLORS _CANVAS_ 05,,,ZIP Hi-Res,,/00-偶像大师 ALL IN ONE/5-闪耀色彩/闪耀色彩 音乐（CD+HiRes）/[2023] SHINY COLORS CANVAS (Hi-Res)/THE IDOLM@STER SHINY COLORS _CANVAS_ 05.zip,,imas,永久,待分享,,15040
resource-969d4dd74926,闪耀色彩,Hi-Res,[2023] SHINY COLORS CANVAS (Hi-Res),THE IDOLM@STER SHINY COLORS _CANVAS_ 06,,,ZIP Hi-Res,,/00-偶像大师 ALL IN ONE/5-闪耀色彩/闪耀色彩 音乐（CD+HiRes）/[2023] SHINY COLORS CANVAS (Hi-Res)/THE IDOLM@STER SHINY COLORS _CANVAS_ 06.zip,,imas,永久,待分享,,15050
resource-07717e7125fc,闪耀色彩,Hi-Res,[2023] SHINY COLORS CANVAS (Hi-Res),THE IDOLM@STER SHINY COLORS _CANVAS_ 07,,,ZIP Hi-Res,,/00-偶像大师 ALL IN ONE/5-闪耀色彩/闪耀色彩 音乐（CD+HiRes）/[2023] SHINY COLORS CANVAS (Hi-Res)/THE IDOLM@STER SHINY COLORS _CANVAS_ 07.zip,,imas,永久,待分享,,15060
resource-cb8e7db522b3,闪耀色彩,Hi-Res,[2023] SHINY COLORS CANVAS (Hi-Res),THE IDOLM@STER SHINY COLORS _CANVAS_ 08,,,ZIP Hi-Res,,/00-偶像大师 ALL IN ONE/5-闪耀色彩/闪耀色彩 音乐（CD+HiRes）/[2023] SHINY COLORS CANVAS (Hi-Res)/THE IDOLM@STER SHINY COLORS _CANVAS_ 08.zip,,imas,永久,待分享,,15070
resource-6c51e86ebced,闪耀色彩,Hi-Res,[2024-2025] SHINY COLORS ECHOES,THE IDOLM@STER SHINY COLORS ECHOES 01,,,ZIP Hi-Res,,/00-偶像大师 ALL IN ONE/5-闪耀色彩/闪耀色彩 音乐（CD+HiRes）/[2024-2025] SHINY COLORS ECHOES/THE IDOLM@STER SHINY COLORS ECHOES 01.zip,,imas,永久,待分享,,15080
resource-6220545268f8,闪耀色彩,Hi-Res,[2024-2025] SHINY COLORS ECHOES,THE IDOLM@STER SHINY COLORS ECHOES 02,,,ZIP Hi-Res,,/00-偶像大师 ALL IN ONE/5-闪耀色彩/闪耀色彩 音乐（CD+HiRes）/[2024-2025] SHINY COLORS ECHOES/THE IDOLM@STER SHINY COLORS ECHOES 02.zip,,imas,永久,待分享,,15090
resource-f447c772ca07,闪耀色彩,Hi-Res,[2024-2025] SHINY COLORS ECHOES,THE IDOLM@STER SHINY COLORS ECHOES 03,,,ZIP Hi-Res,,/00-偶像大师 ALL IN ONE/5-闪耀色彩/闪耀色彩 音乐（CD+HiRes）/[2024-2025] SHINY COLORS ECHOES/THE IDOLM@STER SHINY COLORS ECHOES 03.zip,,imas,永久,待分享,,15100
resource-908312f49eec,闪耀色彩,Hi-Res,[2024-2025] SHINY COLORS ECHOES,THE IDOLM@STER SHINY COLORS ECHOES 04,,,ZIP Hi-Res,,/00-偶像大师 ALL IN ONE/5-闪耀色彩/闪耀色彩 音乐（CD+HiRes）/[2024-2025] SHINY COLORS ECHOES/THE IDOLM@STER SHINY COLORS ECHOES 04.zip,,imas,永久,待分享,,15110
resource-2a7396009622,闪耀色彩,Hi-Res,[2024-2025] SHINY COLORS ECHOES,THE IDOLM@STER SHINY COLORS ECHOES 05,,,ZIP Hi-Res,,/00-偶像大师 ALL IN ONE/5-闪耀色彩/闪耀色彩 音乐（CD+HiRes）/[2024-2025] SHINY COLORS ECHOES/THE IDOLM@STER SHINY COLORS ECHOES 05.zip,,imas,永久,待分享,,15120
resource-f94d177b2c26,闪耀色彩,Hi-Res,[2024-2025] SHINY COLORS ECHOES,THE IDOLM@STER SHINY COLORS ECHOES 06,,,ZIP Hi-Res,,/00-偶像大师 ALL IN ONE/5-闪耀色彩/闪耀色彩 音乐（CD+HiRes）/[2024-2025] SHINY COLORS ECHOES/THE IDOLM@STER SHINY COLORS ECHOES 06.zip,,imas,永久,待分享,,15130
resource-7dd27284bd02,闪耀色彩,Hi-Res,[2024-2025] SHINY COLORS ECHOES,THE IDOLM@STER SHINY COLORS ECHOES 07,,,ZIP Hi-Res,,/00-偶像大师 ALL IN ONE/5-闪耀色彩/闪耀色彩 音乐（CD+HiRes）/[2024-2025] SHINY COLORS ECHOES/THE IDOLM@STER SHINY COLORS ECHOES 07.zip,,imas,永久,待分享,,15140
resource-edb783b20a5e,闪耀色彩,Hi-Res,[2024-2025] SHINY COLORS ECHOES,THE IDOLM@STER SHINY COLORS ECHOES 08,,,ZIP Hi-Res,,/00-偶像大师 ALL IN ONE/5-闪耀色彩/闪耀色彩 音乐（CD+HiRes）/[2024-2025] SHINY COLORS ECHOES/THE IDOLM@STER SHINY COLORS ECHOES 08.zip,,imas,永久,待分享,,15150
resource-52b0bfc5fefd,闪耀色彩,Hi-Res,[2024-2025] SHINY COLORS ECHOES,THE IDOLM@STER SHINY COLORS ECHOES 09,,,ZIP Hi-Res,,/00-偶像大师 ALL IN ONE/5-闪耀色彩/闪耀色彩 音乐（CD+HiRes）/[2024-2025] SHINY COLORS ECHOES/THE IDOLM@STER SHINY COLORS ECHOES 09.zip,,imas,永久,待分享,,15160
resource-b833abb3dca6,闪耀色彩,Hi-Res,[2024-2025] Song For Prism 第一期小组曲,THE IDOLM@STER SHINY COLORS Song for Prism 裸足じゃイラレナイ _ 明日もBeautiful Day【放課後クライマックスガールズ盤】,,,ZIP Hi-Res,,/00-偶像大师 ALL IN ONE/5-闪耀色彩/闪耀色彩 音乐（CD+HiRes）/[2024-2025] Song For Prism 第一期小组曲/THE IDOLM@STER SHINY COLORS Song for Prism 裸足じゃイラレナイ _ 明日もBeautiful Day【放課後クライマックスガールズ盤】.zip,,imas,永久,待分享,,15170
resource-7b9fcc511538,闪耀色彩,Hi-Res,[2024-2025] Song For Prism 第一期小组曲,THE IDOLM@STER SHINY COLORS Song for Prism 裸足じゃイラレナイ _ 明日もBeautiful Day【アルストロメリア盤】,,,ZIP Hi-Res,,/00-偶像大师 ALL IN ONE/5-闪耀色彩/闪耀色彩 音乐（CD+HiRes）/[2024-2025] Song For Prism 第一期小组曲/THE IDOLM@STER SHINY COLORS Song for Prism 裸足じゃイラレナイ _ 明日もBeautiful Day【アルストロメリア盤】.zip,,imas,永久,待分享,,15180
resource-86aabdf2c1e3,闪耀色彩,Hi-Res,[2024-2025] Song For Prism 第一期小组曲,THE IDOLM@STER SHINY COLORS Song for Prism 時限式狂騒ワンダーランド _ LINKs【アンティーカ盤】,,,ZIP Hi-Res,,/00-偶像大师 ALL IN ONE/5-闪耀色彩/闪耀色彩 音乐（CD+HiRes）/[2024-2025] Song For Prism 第一期小组曲/THE IDOLM@STER SHINY COLORS Song for Prism 時限式狂騒ワンダーランド _ LINKs【アンティーカ盤】.zip,,imas,永久,待分享,,15190
resource-c0ea7bdfab05,闪耀色彩,Hi-Res,[2024-2025] Song For Prism 第一期小组曲,THE IDOLM@STER SHINY COLORS Song for Prism 時限式狂騒ワンダーランド _ LINKs【ストレイライト盤】,,,ZIP Hi-Res,,/00-偶像大师 ALL IN ONE/5-闪耀色彩/闪耀色彩 音乐（CD+HiRes）/[2024-2025] Song For Prism 第一期小组曲/THE IDOLM@STER SHINY COLORS Song for Prism 時限式狂騒ワンダーランド _ LINKs【ストレイライト盤】.zip,,imas,永久,待分享,,15200
resource-46aa4187f8de,闪耀色彩,Hi-Res,[2024-2025] Song For Prism 第一期小组曲,THE IDOLM@STER SHINY COLORS Song for Prism After Run _ mellow mellow【アルストロメリア盤】,,,ZIP Hi-Res,,/00-偶像大师 ALL IN ONE/5-闪耀色彩/闪耀色彩 音乐（CD+HiRes）/[2024-2025] Song For Prism 第一期小组曲/THE IDOLM@STER SHINY COLORS Song for Prism After Run _ mellow mellow【アルストロメリア盤】.zip,,imas,永久,待分享,,15210
resource-a8ca4b1c5f27,闪耀色彩,Hi-Res,[2024-2025] Song For Prism 第一期小组曲,THE IDOLM@STER SHINY COLORS Song for Prism After Run _ mellow mellow【シーズ盤】,,,ZIP Hi-Res,,/00-偶像大师 ALL IN ONE/5-闪耀色彩/闪耀色彩 音乐（CD+HiRes）/[2024-2025] Song For Prism 第一期小组曲/THE IDOLM@STER SHINY COLORS Song for Prism After Run _ mellow mellow【シーズ盤】.zip,,imas,永久,待分享,,15220
resource-0e5e928f87d3,闪耀色彩,Hi-Res,[2024-2025] Song For Prism 第一期小组曲,THE IDOLM@STER SHINY COLORS Song for Prism Happier _ 枕木の歌【イルミネーションスターズ盤】,,,ZIP Hi-Res,,/00-偶像大师 ALL IN ONE/5-闪耀色彩/闪耀色彩 音乐（CD+HiRes）/[2024-2025] Song For Prism 第一期小组曲/THE IDOLM@STER SHINY COLORS Song for Prism Happier _ 枕木の歌【イルミネーションスターズ盤】.zip,,imas,永久,待分享,,15230
resource-778e932fe6a4,闪耀色彩,Hi-Res,[2024-2025] Song For Prism 第一期小组曲,THE IDOLM@STER SHINY COLORS Song for Prism Happier _ 枕木の歌【シーズ盤】,,,ZIP Hi-Res,,/00-偶像大师 ALL IN ONE/5-闪耀色彩/闪耀色彩 音乐（CD+HiRes）/[2024-2025] Song For Prism 第一期小组曲/THE IDOLM@STER SHINY COLORS Song for Prism Happier _ 枕木の歌【シーズ盤】.zip,,imas,永久,待分享,,15240
resource-243f506cc613,闪耀色彩,Hi-Res,[2024-2025] Song For Prism 第一期小组曲,THE IDOLM@STER SHINY COLORS Song for Prism Heads or Tails？ _ グッバイ【コメティック盤】,,,ZIP Hi-Res,,/00-偶像大师 ALL IN ONE/5-闪耀色彩/闪耀色彩 音乐（CD+HiRes）/[2024-2025] Song For Prism 第一期小组曲/THE IDOLM@STER SHINY COLORS Song for Prism Heads or Tails？ _ グッバイ【コメティック盤】.zip,,imas,永久,待分享,,15250
resource-c0f1734ebe13,闪耀色彩,Hi-Res,[2024-2025] Song For Prism 第一期小组曲,THE IDOLM@STER SHINY COLORS Song for Prism Heads or Tails？ _ グッバイ【ノクチル盤】,,,ZIP Hi-Res,,/00-偶像大师 ALL IN ONE/5-闪耀色彩/闪耀色彩 音乐（CD+HiRes）/[2024-2025] Song For Prism 第一期小组曲/THE IDOLM@STER SHINY COLORS Song for Prism Heads or Tails？ _ グッバイ【ノクチル盤】.zip,,imas,永久,待分享,,15260
resource-8c481d5f4673,闪耀色彩,Hi-Res,[2024-2025] Song For Prism 第一期小组曲,THE IDOLM@STER SHINY COLORS Song for Prism Real Mind Shakes _ THE LAST PRIDE【アンティーカ盤】,,,ZIP Hi-Res,,/00-偶像大师 ALL IN ONE/5-闪耀色彩/闪耀色彩 音乐（CD+HiRes）/[2024-2025] Song For Prism 第一期小组曲/THE IDOLM@STER SHINY COLORS Song for Prism Real Mind Shakes _ THE LAST PRIDE【アンティーカ盤】.zip,,imas,永久,待分享,,15270
resource-9384bda382d6,闪耀色彩,Hi-Res,[2024-2025] Song For Prism 第一期小组曲,THE IDOLM@STER SHINY COLORS Song for Prism Real Mind Shakes _ THE LAST PRIDE【ストレイライト盤】,,,ZIP Hi-Res,,/00-偶像大师 ALL IN ONE/5-闪耀色彩/闪耀色彩 音乐（CD+HiRes）/[2024-2025] Song For Prism 第一期小组曲/THE IDOLM@STER SHINY COLORS Song for Prism Real Mind Shakes _ THE LAST PRIDE【ストレイライト盤】.zip,,imas,永久,待分享,,15280
resource-38e98289bd3a,闪耀色彩,Hi-Res,[2024-2025] Song For Prism 第一期小组曲,THE IDOLM@STER SHINY COLORS Song for Prism Shower of light  快盗Vを見逃すな【放課後クライマックスガールズ盤】,,,ZIP Hi-Res,,/00-偶像大师 ALL IN ONE/5-闪耀色彩/闪耀色彩 音乐（CD+HiRes）/[2024-2025] Song For Prism 第一期小组曲/THE IDOLM@STER SHINY COLORS Song for Prism Shower of light  快盗Vを見逃すな【放課後クライマックスガールズ盤】.zip,,imas,永久,待分享,,15290
resource-db7650ed9515,闪耀色彩,Hi-Res,[2024-2025] Song For Prism 第一期小组曲,THE IDOLM@STER SHINY COLORS Song for Prism Shower of light _ 快盗Vを見逃すな【イルミネーションスターズ盤】,,,ZIP Hi-Res,,/00-偶像大师 ALL IN ONE/5-闪耀色彩/闪耀色彩 音乐（CD+HiRes）/[2024-2025] Song For Prism 第一期小组曲/THE IDOLM@STER SHINY COLORS Song for Prism Shower of light _ 快盗Vを見逃すな【イルミネーションスターズ盤】.zip,,imas,永久,待分享,,15300
resource-a9ed50070004,闪耀色彩,Hi-Res,[2024-2025] Song For Prism 第一期小组曲,THE IDOLM@STER SHINY COLORS Song for Prism ハナムケのハナタバ _ 青空【コメティック盤】,,,ZIP Hi-Res,,/00-偶像大师 ALL IN ONE/5-闪耀色彩/闪耀色彩 音乐（CD+HiRes）/[2024-2025] Song For Prism 第一期小组曲/THE IDOLM@STER SHINY COLORS Song for Prism ハナムケのハナタバ _ 青空【コメティック盤】.zip,,imas,永久,待分享,,15310
resource-04c664a8a790,闪耀色彩,Hi-Res,[2024-2025] Song For Prism 第一期小组曲,THE IDOLM@STER SHINY COLORS Song for Prism ハナムケのハナタバ _ 青空【ノクチル盤】,,,ZIP Hi-Res,,/00-偶像大师 ALL IN ONE/5-闪耀色彩/闪耀色彩 音乐（CD+HiRes）/[2024-2025] Song For Prism 第一期小组曲/THE IDOLM@STER SHINY COLORS Song for Prism ハナムケのハナタバ _ 青空【ノクチル盤】.zip,,imas,永久,待分享,,15320
resource-33d1c032a3ac,闪耀色彩,Hi-Res,[2024] SHINY COLORS Shiny PR Offer,THE IDOLM@STER SHINY COLORS シャイニーPRオファー Vol.1,,,ZIP Hi-Res,,/00-偶像大师 ALL IN ONE/5-闪耀色彩/闪耀色彩 音乐（CD+HiRes）/[2024] SHINY COLORS Shiny PR Offer/THE IDOLM@STER SHINY COLORS シャイニーPRオファー Vol.1.zip,,imas,永久,待分享,,15330
resource-ad8c11391ea1,闪耀色彩,Hi-Res,[2024] SHINY COLORS Shiny PR Offer,THE IDOLM@STER SHINY COLORS シャイニーPRオファー Vol.2,,,ZIP Hi-Res,,/00-偶像大师 ALL IN ONE/5-闪耀色彩/闪耀色彩 音乐（CD+HiRes）/[2024] SHINY COLORS Shiny PR Offer/THE IDOLM@STER SHINY COLORS シャイニーPRオファー Vol.2.zip,,imas,永久,待分享,,15340
resource-66f15fb52f03,闪耀色彩,Hi-Res,[2024] SHINY COLORS Shiny PR Offer,THE IDOLM@STER SHINY COLORS シャイニーPRオファー Vol.3,,,ZIP Hi-Res,,/00-偶像大师 ALL IN ONE/5-闪耀色彩/闪耀色彩 音乐（CD+HiRes）/[2024] SHINY COLORS Shiny PR Offer/THE IDOLM@STER SHINY COLORS シャイニーPRオファー Vol.3.zip,,imas,永久,待分享,,15350
resource-a521147fe0dc,闪耀色彩,Hi-Res,[2025-] Song For Prism 第二期小组曲,THE IDOLM@STER SHINY COLORS Song for Prism 愛しき日々 _ Fading Stars _ Future Transit _ KoiKyun！,,,ZIP Hi-Res,,/00-偶像大师 ALL IN ONE/5-闪耀色彩/闪耀色彩 音乐（CD+HiRes）/[2025-] Song For Prism 第二期小组曲/THE IDOLM@STER SHINY COLORS Song for Prism 愛しき日々 _ Fading Stars _ Future Transit _ KoiKyun！.zip,,imas,永久,待分享,,15360
resource-18c3e2cedc80,闪耀色彩,Hi-Res,[2025-] Song For Prism 第二期小组曲,THE IDOLM@STER SHINY COLORS Song for Prism QUEEN OF THE PIRATES _ キラピコ.exe _ Sleepless Nights _ アイノウ,,,ZIP Hi-Res,,/00-偶像大师 ALL IN ONE/5-闪耀色彩/闪耀色彩 音乐（CD+HiRes）/[2025-] Song For Prism 第二期小组曲/THE IDOLM@STER SHINY COLORS Song for Prism QUEEN OF THE PIRATES _ キラピコ.exe _ Sleepless Nights _ アイノウ.zip,,imas,永久,待分享,,15370
resource-8702177c41c4,闪耀色彩,Hi-Res,[2025-2026] Song For Prism PJ REFRACT7IONS (Hi-Res),[2026.01.07] THE IDOLM@STER SHINY COLORS Song for Prism カウントダウンラブ  KAWAII♡めたもる交響曲,,2026,ZIP Hi-Res,,/00-偶像大师 ALL IN ONE/5-闪耀色彩/闪耀色彩 音乐（CD+HiRes）/[2025-2026] Song For Prism PJ REFRACT7IONS (Hi-Res)/[2026.01.07] THE IDOLM@STER SHINY COLORS Song for Prism カウントダウンラブ  KAWAII♡めたもる交響曲.zip,,imas,永久,待分享,,15380
resource-d8c7c4c9e29b,闪耀色彩,Hi-Res,[2025-2026] Song For Prism PJ REFRACT7IONS (Hi-Res),[2026.02.04] THE IDOLM@STER SHINY COLORS Song for Prism Karma Naraku,,2026,ZIP Hi-Res,,/00-偶像大师 ALL IN ONE/5-闪耀色彩/闪耀色彩 音乐（CD+HiRes）/[2025-2026] Song For Prism PJ REFRACT7IONS (Hi-Res)/[2026.02.04] THE IDOLM@STER SHINY COLORS Song for Prism Karma Naraku.zip,,imas,永久,待分享,,15390
resource-4923c106bfc1,闪耀色彩,Hi-Res,[2025-2026] Song For Prism PJ REFRACT7IONS (Hi-Res),[2026.03.04] THE IDOLM@STER SHINY COLORS Song for Prism ボーダーレス・ノンストレス  Oh Yeah!!,,2026,ZIP Hi-Res,,/00-偶像大师 ALL IN ONE/5-闪耀色彩/闪耀色彩 音乐（CD+HiRes）/[2025-2026] Song For Prism PJ REFRACT7IONS (Hi-Res)/[2026.03.04] THE IDOLM@STER SHINY COLORS Song for Prism ボーダーレス・ノンストレス  Oh Yeah!!.zip,,imas,永久,待分享,,15400
resource-664c358d7386,闪耀色彩,Hi-Res,[2025-2026] Song For Prism PJ REFRACT7IONS (Hi-Res),[2026.04.01] THE IDOLM@STER SHINY COLORS Song for Prism SUPER DUPER DREAMER  BEAST MODE,,2026,ZIP Hi-Res,,/00-偶像大师 ALL IN ONE/5-闪耀色彩/闪耀色彩 音乐（CD+HiRes）/[2025-2026] Song For Prism PJ REFRACT7IONS (Hi-Res)/[2026.04.01] THE IDOLM@STER SHINY COLORS Song for Prism SUPER DUPER DREAMER  BEAST MODE.zip,,imas,永久,待分享,,15410
resource-bef6201662de,闪耀色彩,Hi-Res,[2025-2026] Song For Prism PJ REFRACT7IONS (Hi-Res),[2026.04.29] THE IDOLM@STER SHINY COLORS Song for Prism Ring Ring Ringの魔法／街角メランコリー,,2026,ZIP Hi-Res,,/00-偶像大师 ALL IN ONE/5-闪耀色彩/闪耀色彩 音乐（CD+HiRes）/[2025-2026] Song For Prism PJ REFRACT7IONS (Hi-Res)/[2026.04.29] THE IDOLM@STER SHINY COLORS Song for Prism Ring Ring Ringの魔法／街角メランコリー.zip,,imas,永久,待分享,,15420
resource-eb5f4a75d841,闪耀色彩,Hi-Res,[2025] 円環 -Halo around-,THE IDOLM@STER SHINY COLORS 円環 -Halo around- 01,,,ZIP Hi-Res,,/00-偶像大师 ALL IN ONE/5-闪耀色彩/闪耀色彩 音乐（CD+HiRes）/[2025] 円環 -Halo around-/THE IDOLM@STER SHINY COLORS 円環 -Halo around- 01.zip,,imas,永久,待分享,,15430
resource-dce554014adf,闪耀色彩,Hi-Res,[2025] 円環 -Halo around-,THE IDOLM@STER SHINY COLORS 円環 -Halo around- 02,,,ZIP Hi-Res,,/00-偶像大师 ALL IN ONE/5-闪耀色彩/闪耀色彩 音乐（CD+HiRes）/[2025] 円環 -Halo around-/THE IDOLM@STER SHINY COLORS 円環 -Halo around- 02.zip,,imas,永久,待分享,,15440
resource-6343aa723a90,闪耀色彩,Hi-Res,[2025] 円環 -Halo around-,THE IDOLM@STER SHINY COLORS 円環 -Halo around- 03,,,ZIP Hi-Res,,/00-偶像大师 ALL IN ONE/5-闪耀色彩/闪耀色彩 音乐（CD+HiRes）/[2025] 円環 -Halo around-/THE IDOLM@STER SHINY COLORS 円環 -Halo around- 03.zip,,imas,永久,待分享,,15450
resource-32042ba5db88,闪耀色彩,Hi-Res,[2025] 円環 -Halo around-,THE IDOLM@STER SHINY COLORS 円環 -Halo around- 04,,,ZIP Hi-Res,,/00-偶像大师 ALL IN ONE/5-闪耀色彩/闪耀色彩 音乐（CD+HiRes）/[2025] 円環 -Halo around-/THE IDOLM@STER SHINY COLORS 円環 -Halo around- 04.zip,,imas,永久,待分享,,15460
resource-63ff54041e3c,学园偶像大师,CD,0 场贩,[251217] クラス対抗初星大運動会 SONG COLLECTION (flac+cue+log),,2025,ZIP,,/00-偶像大师 ALL IN ONE/6-学园偶像大师/学马CD/0 场贩/[251217] クラス対抗初星大運動会 SONG COLLECTION (flac+cue+log).zip,,imas,永久,待分享,,15470
resource-7508b1f595b4,学园偶像大师,CD,0 场贩,初星学園 Remix Album 「ReCollection」vol.1,,,ZIP,,/00-偶像大师 ALL IN ONE/6-学园偶像大师/学马CD/0 场贩/初星学園 Remix Album 「ReCollection」vol.1.zip,,imas,永久,待分享,,15480
resource-bd3ed3df2ede,学园偶像大师,CD,1st Single,[240807] 花海咲季 1st Single「Fighting My Way」 (flac+cue+log),,2024,ZIP,,/00-偶像大师 ALL IN ONE/6-学园偶像大师/学马CD/1st Single/[240807] 花海咲季 1st Single「Fighting My Way」 (flac+cue+log).zip,,imas,永久,待分享,,15490
resource-e94576c6304e,学园偶像大师,CD,1st Single,[240807] 藤田ことね 1st Single「世界一可愛い私」 (flac+cue+log),,2024,ZIP,,/00-偶像大师 ALL IN ONE/6-学园偶像大师/学马CD/1st Single/[240807] 藤田ことね 1st Single「世界一可愛い私」 (flac+cue+log).zip,,imas,永久,待分享,,15500
resource-d9e8b1398807,学园偶像大师,CD,1st Single,[240807] 月村手毬 1st Single「Luna Say Maybe」 (flac+cue+log),,2024,ZIP,,/00-偶像大师 ALL IN ONE/6-学园偶像大师/学马CD/1st Single/[240807] 月村手毬 1st Single「Luna Say Maybe」 (flac+cue+log).zip,,imas,永久,待分享,,15510
resource-6d6dbcad9661,学园偶像大师,CD,1st Single,[240828] 倉本千奈 1st Single「Wonder Scale」 (flac+cue+log),,2024,ZIP,,/00-偶像大师 ALL IN ONE/6-学园偶像大师/学马CD/1st Single/[240828] 倉本千奈 1st Single「Wonder Scale」 (flac+cue+log).zip,,imas,永久,待分享,,15520
resource-4945633b501b,学园偶像大师,CD,1st Single,[240828] 葛城リーリヤ 1st Single「白線」 (flac+cue+log),,2024,ZIP,,/00-偶像大师 ALL IN ONE/6-学园偶像大师/学马CD/1st Single/[240828] 葛城リーリヤ 1st Single「白線」 (flac+cue+log).zip,,imas,永久,待分享,,15530
resource-8a5c5fcdffa0,学园偶像大师,CD,1st Single,[240828] 姫崎莉波 1st Single「clumsy trick」 (flac+cue+log),,2024,ZIP,,/00-偶像大师 ALL IN ONE/6-学园偶像大师/学马CD/1st Single/[240828] 姫崎莉波 1st Single「clumsy trick」 (flac+cue+log).zip,,imas,永久,待分享,,15540
resource-bca552d74b9a,学园偶像大师,CD,1st Single,[240925] 篠澤 広 1st Single「光景」 (flac+cue+log),,2024,ZIP,,/00-偶像大师 ALL IN ONE/6-学园偶像大师/学马CD/1st Single/[240925] 篠澤 広 1st Single「光景」 (flac+cue+log).zip,,imas,永久,待分享,,15550
resource-94d966c9dd70,学园偶像大师,CD,1st Single,[240925] 有村麻央 1st Single「Fluorite」 (flac+cue+log),,2024,ZIP,,/00-偶像大师 ALL IN ONE/6-学园偶像大师/学马CD/1st Single/[240925] 有村麻央 1st Single「Fluorite」 (flac+cue+log).zip,,imas,永久,待分享,,15560
resource-fcf82d5c2b8e,学园偶像大师,CD,1st Single,[240925] 紫雲清夏 1st Single「Tame-Lie-One-Step」 (flac+cue+log),,2024,ZIP,,/00-偶像大师 ALL IN ONE/6-学园偶像大师/学马CD/1st Single/[240925] 紫雲清夏 1st Single「Tame-Lie-One-Step」 (flac+cue+log).zip,,imas,永久,待分享,,15570
resource-dac585f14e05,学园偶像大师,CD,1st Single,[250115] 花海佑芽 1st Single「The Rolling Riceball」 (flac+cue+log),,2025,ZIP,,/00-偶像大师 ALL IN ONE/6-学园偶像大师/学马CD/1st Single/[250115] 花海佑芽 1st Single「The Rolling Riceball」 (flac+cue+log).zip,,imas,永久,待分享,,15580
resource-13468b5021c4,学园偶像大师,CD,1st Single,[250219] 十王星南 1st Single「小さな野望」 (flac+cue+log),,2025,ZIP,,/00-偶像大师 ALL IN ONE/6-学园偶像大师/学马CD/1st Single/[250219] 十王星南 1st Single「小さな野望」 (flac+cue+log).zip,,imas,永久,待分享,,15590
resource-65f180112f57,学园偶像大师,CD,1st Single,[250521] 秦谷美鈴 1st Single「ツキノカメ」 (flac+cue+log),,2025,ZIP,,/00-偶像大师 ALL IN ONE/6-学园偶像大师/学马CD/1st Single/[250521] 秦谷美鈴 1st Single「ツキノカメ」 (flac+cue+log).zip,,imas,永久,待分享,,15600
resource-02f575726673,学园偶像大师,CD,1st Single,[251119] Begrazia 1st Single「Star-mine」 (flac+cue+log),,2025,ZIP,,/00-偶像大师 ALL IN ONE/6-学园偶像大师/学马CD/1st Single/[251119] Begrazia 1st Single「Star-mine」 (flac+cue+log).zip,,imas,永久,待分享,,15610
resource-b9c9129bdf10,学园偶像大师,CD,1st Single,[251119] Re_IRIS 1st Single 「雨上がりのアイリス」 (flac+cue+log),,2025,ZIP,,/00-偶像大师 ALL IN ONE/6-学园偶像大师/学马CD/1st Single/[251119] Re_IRIS 1st Single 「雨上がりのアイリス」 (flac+cue+log).zip,,imas,永久,待分享,,15620
resource-a318e41c2daa,学园偶像大师,CD,1st Single,[260225] 雨夜燕 1st Single「理論武装して」 (flac+cue+log),,2026,ZIP,,/00-偶像大师 ALL IN ONE/6-学园偶像大师/学马CD/1st Single/[260225] 雨夜燕 1st Single「理論武装して」 (flac+cue+log).zip,,imas,永久,待分享,,15630
resource-e9c8524149ee,学园偶像大师,CD,2nd Single,[250312] 花海咲季 2nd Single「Boom Boom Pow」 (flac+cue+log),,2025,ZIP,,/00-偶像大师 ALL IN ONE/6-学园偶像大师/学马CD/2nd Single/[250312] 花海咲季 2nd Single「Boom Boom Pow」 (flac+cue+log).zip,,imas,永久,待分享,,15640
resource-5b4485f19171,学园偶像大师,CD,2nd Single,[250312] 藤田ことね 2nd Single「Yellow Big Bang!」 (flac+cue+log),,2025,ZIP,,/00-偶像大师 ALL IN ONE/6-学园偶像大师/学马CD/2nd Single/[250312] 藤田ことね 2nd Single「Yellow Big Bang!」 (flac+cue+log).zip,,imas,永久,待分享,,15650
resource-acf55c1a6206,学园偶像大师,CD,2nd Single,[250312] 月村手毬 2nd Single「アイヴイ」 (flac+cue+log),,2025,ZIP,,/00-偶像大师 ALL IN ONE/6-学园偶像大师/学马CD/2nd Single/[250312] 月村手毬 2nd Single「アイヴイ」 (flac+cue+log).zip,,imas,永久,待分享,,15660
resource-6b3459595ce8,学园偶像大师,CD,2nd Single,[250319] 倉本千奈 2nd Single「日々、発見的ステップ！」 (flac+cue+log),,2025,ZIP,,/00-偶像大师 ALL IN ONE/6-学园偶像大师/学马CD/2nd Single/[250319] 倉本千奈 2nd Single「日々、発見的ステップ！」 (flac+cue+log).zip,,imas,永久,待分享,,15670
resource-db21bc397aea,学园偶像大师,CD,2nd Single,[250319] 篠澤 広 2nd Single「コントラスト」 (flac+cue+log),,2025,ZIP,,/00-偶像大师 ALL IN ONE/6-学园偶像大师/学马CD/2nd Single/[250319] 篠澤 広 2nd Single「コントラスト」 (flac+cue+log).zip,,imas,永久,待分享,,15680
resource-5a4bdd133d81,学园偶像大师,CD,2nd Single,[250319] 有村麻央 2nd Single「Feel Jewel Dream」 (flac+cue+log),,2025,ZIP,,/00-偶像大师 ALL IN ONE/6-学园偶像大师/学马CD/2nd Single/[250319] 有村麻央 2nd Single「Feel Jewel Dream」 (flac+cue+log).zip,,imas,永久,待分享,,15690
resource-f8db1c32c05c,学园偶像大师,CD,2nd Single,[250326] 葛城リーリヤ 2nd Single「極光」 (flac+cue+log),,2025,ZIP,,/00-偶像大师 ALL IN ONE/6-学园偶像大师/学马CD/2nd Single/[250326] 葛城リーリヤ 2nd Single「極光」 (flac+cue+log).zip,,imas,永久,待分享,,15700
resource-00f8a32b0d92,学园偶像大师,CD,2nd Single,[250326] 姫崎莉波 2nd Single「L.U.V」 (flac+cue+log),,2025,ZIP,,/00-偶像大师 ALL IN ONE/6-学园偶像大师/学马CD/2nd Single/[250326] 姫崎莉波 2nd Single「L.U.V」 (flac+cue+log).zip,,imas,永久,待分享,,15710
resource-11ae3fc09372,学园偶像大师,CD,2nd Single,[250326] 紫雲清夏 2nd Single「カクシタワタシ」 (flac+cue+log),,2025,ZIP,,/00-偶像大师 ALL IN ONE/6-学园偶像大师/学马CD/2nd Single/[250326] 紫雲清夏 2nd Single「カクシタワタシ」 (flac+cue+log).zip,,imas,永久,待分享,,15720
resource-32065831dbee,学园偶像大师,CD,2nd Single,[260225] 十王星南 2nd Single「Our Chant」 (flac+cue+log),,2026,ZIP,,/00-偶像大师 ALL IN ONE/6-学园偶像大师/学马CD/2nd Single/[260225] 十王星南 2nd Single「Our Chant」 (flac+cue+log).zip,,imas,永久,待分享,,15730
resource-6bbe26a3d17f,学园偶像大师,CD,3rd Single,[260128] 姫崎莉波 3rd Single「36℃ U･B･U」 (flac+cue+log),,2026,ZIP,,/00-偶像大师 ALL IN ONE/6-学园偶像大师/学马CD/3rd Single/[260128] 姫崎莉波 3rd Single「36℃ U･B･U」 (flac+cue+log).zip,,imas,永久,待分享,,15740
resource-deee3300f6e9,学园偶像大师,CD,3rd Single,[260128] 藤田ことね 3rd Single「自己肯定感爆上げ↑↑しゅきしゅきソング」 (flac+cue+log),,2026,ZIP,,/00-偶像大师 ALL IN ONE/6-学园偶像大师/学马CD/3rd Single/[260128] 藤田ことね 3rd Single「自己肯定感爆上げ↑↑しゅきしゅきソング」 (flac+cue+log).zip,,imas,永久,待分享,,15750
resource-13b1b0815181,学园偶像大师,CD,3rd Single,[260128] 篠澤広 3rd Single「サンフェーデッド」 (flac+cue+log),,2026,ZIP,,/00-偶像大师 ALL IN ONE/6-学园偶像大师/学马CD/3rd Single/[260128] 篠澤広 3rd Single「サンフェーデッド」 (flac+cue+log).zip,,imas,永久,待分享,,15760
resource-e7b83ac2178e,学园偶像大师,CD,3rd Single,[260128] 紫雲清夏 3rd Single「Love & Joy」 (flac+cue+log),,2026,ZIP,,/00-偶像大师 ALL IN ONE/6-学园偶像大师/学马CD/3rd Single/[260128] 紫雲清夏 3rd Single「Love & Joy」 (flac+cue+log).zip,,imas,永久,待分享,,15770
resource-7079ff4412e5,学园偶像大师,CD,3rd Single,[260415] 倉本千奈 3rd Single「空と約束」 (flac+cue+log),,2026,ZIP,,/00-偶像大师 ALL IN ONE/6-学园偶像大师/学马CD/3rd Single/[260415] 倉本千奈 3rd Single「空と約束」 (flac+cue+log).zip,,imas,永久,待分享,,15780
resource-edcf5575dde4,学园偶像大师,CD,3rd Single,[260415] 葛城リーリヤ 3rd Single「Atmosphere」 (flac+cue+log),,2026,ZIP,,/00-偶像大师 ALL IN ONE/6-学园偶像大师/学马CD/3rd Single/[260415] 葛城リーリヤ 3rd Single「Atmosphere」 (flac+cue+log).zip,,imas,永久,待分享,,15790
resource-0c17784c2557,学园偶像大师,CD,3rd Single,[260415] 有村麻央 3rd Single「見て」 (flac+cue+log),,2026,ZIP,,/00-偶像大师 ALL IN ONE/6-学园偶像大师/学马CD/3rd Single/[260415] 有村麻央 3rd Single「見て」 (flac+cue+log).zip,,imas,永久,待分享,,15800
resource-ed0d21728d96,学园偶像大师,CD,3rd Single,[260415] 月村手毬 3rd Single「一体いつから」 (flac+cue+log),,2026,ZIP,,/00-偶像大师 ALL IN ONE/6-学园偶像大师/学马CD/3rd Single/[260415] 月村手毬 3rd Single「一体いつから」 (flac+cue+log).zip,,imas,永久,待分享,,15810
resource-81ac6d323f8a,学园偶像大师,CD,A Season Solo Collection,[240814] Season Solo Collection Vol.1「キミとセミブルー」 (flac+cue+log),,2024,ZIP,,/00-偶像大师 ALL IN ONE/6-学园偶像大师/学马CD/A Season Solo Collection/[240814] Season Solo Collection Vol.1「キミとセミブルー」 (flac+cue+log).zip,,imas,永久,待分享,,15820
resource-fd4ab28d4c9b,学园偶像大师,CD,A Season Solo Collection,[240814] Season Solo Collection Vol.2「冠菊」 (flac+cue+log),,2024,ZIP,,/00-偶像大师 ALL IN ONE/6-学园偶像大师/学马CD/A Season Solo Collection/[240814] Season Solo Collection Vol.2「冠菊」 (flac+cue+log).zip,,imas,永久,待分享,,15830
resource-ee75fd664c90,学园偶像大师,CD,A Season Solo Collection,[241113] Season Solo Collection Vol.3「仮装狂騒曲」 (flac+cue+log),,2024,ZIP,,/00-偶像大师 ALL IN ONE/6-学园偶像大师/学马CD/A Season Solo Collection/[241113] Season Solo Collection Vol.3「仮装狂騒曲」 (flac+cue+log).zip,,imas,永久,待分享,,15840
resource-cfb09480a150,学园偶像大师,CD,A Season Solo Collection,[241211] Season Solo Collection Vol.4「White Night! White Wish!」 (flac+cue+log),,2024,ZIP,,/00-偶像大师 ALL IN ONE/6-学园偶像大师/学马CD/A Season Solo Collection/[241211] Season Solo Collection Vol.4「White Night! White Wish!」 (flac+cue+log).zip,,imas,永久,待分享,,15850
resource-e19c048a536f,学园偶像大师,CD,A Season Solo Collection,[250214] Season Solo Collection Vol.5「ハッピーミルフィーユ」 (flac+cue+log),,2025,ZIP,,/00-偶像大师 ALL IN ONE/6-学园偶像大师/学马CD/A Season Solo Collection/[250214] Season Solo Collection Vol.5「ハッピーミルフィーユ」 (flac+cue+log).zip,,imas,永久,待分享,,15860
resource-fb05a5a59ea3,学园偶像大师,CD,A Season Solo Collection,[250303] Season Solo Collection Vol.6「雪解けに」 (flac+cue+log),,2025,ZIP,,/00-偶像大师 ALL IN ONE/6-学园偶像大师/学马CD/A Season Solo Collection/[250303] Season Solo Collection Vol.6「雪解けに」 (flac+cue+log).zip,,imas,永久,待分享,,15870
resource-c1c69d5e6289,学园偶像大师,CD,A Season Solo Collection,[250409] Season Solo Collection Vol.7「桜フォトグラフ」 (flac+cue+log),,2025,ZIP,,/00-偶像大师 ALL IN ONE/6-学园偶像大师/学马CD/A Season Solo Collection/[250409] Season Solo Collection Vol.7「桜フォトグラフ」 (flac+cue+log).zip,,imas,永久,待分享,,15880
resource-f478b70d3c15,学园偶像大师,CD,B 古今東西ちょちょいのちょい,[241030] 学園アイドルマスター 初星学園×アニメイト コラボCD「古今東西ちょちょいのちょい」【北海道＋東北地方盤】 (flac+cue+log),,2024,ZIP,,/00-偶像大师 ALL IN ONE/6-学园偶像大师/学马CD/B 古今東西ちょちょいのちょい/[241030] 学園アイドルマスター 初星学園×アニメイト コラボCD「古今東西ちょちょいのちょい」【北海道＋東北地方盤】 (flac+cue+log).zip,,imas,永久,待分享,,15890
resource-f420c59f8344,学园偶像大师,CD,B 古今東西ちょちょいのちょい,[241030] 学園アイドルマスター 初星学園×アニメイト コラボCD「古今東西ちょちょいのちょい」【関東地方盤】 (flac+cue+log),,2024,ZIP,,/00-偶像大师 ALL IN ONE/6-学园偶像大师/学马CD/B 古今東西ちょちょいのちょい/[241030] 学園アイドルマスター 初星学園×アニメイト コラボCD「古今東西ちょちょいのちょい」【関東地方盤】 (flac+cue+log).zip,,imas,永久,待分享,,15900
resource-93c44f3b7edb,学园偶像大师,CD,B 古今東西ちょちょいのちょい,[241030] 学園アイドルマスター 初星学園×アニメイト コラボCD「古今東西ちょちょいのちょい」【近畿地方盤】 (flac+cue+log),,2024,ZIP,,/00-偶像大师 ALL IN ONE/6-学园偶像大师/学马CD/B 古今東西ちょちょいのちょい/[241030] 学園アイドルマスター 初星学園×アニメイト コラボCD「古今東西ちょちょいのちょい」【近畿地方盤】 (flac+cue+log).zip,,imas,永久,待分享,,15910
resource-82ac74bdbbcd,学园偶像大师,CD,B 古今東西ちょちょいのちょい,[241030] 学園アイドルマスター 初星学園×アニメイト コラボCD「古今東西ちょちょいのちょい」【九州＋沖縄地方盤】 (flac+cue+log),,2024,ZIP,,/00-偶像大师 ALL IN ONE/6-学园偶像大师/学马CD/B 古今東西ちょちょいのちょい/[241030] 学園アイドルマスター 初星学園×アニメイト コラボCD「古今東西ちょちょいのちょい」【九州＋沖縄地方盤】 (flac+cue+log).zip,,imas,永久,待分享,,15920
resource-201f3cbc8764,学园偶像大师,CD,B 古今東西ちょちょいのちょい,[241030] 学園アイドルマスター 初星学園×アニメイト コラボCD「古今東西ちょちょいのちょい」【中部地方盤】 (flac+cue+log),,2024,ZIP,,/00-偶像大师 ALL IN ONE/6-学园偶像大师/学马CD/B 古今東西ちょちょいのちょい/[241030] 学園アイドルマスター 初星学園×アニメイト コラボCD「古今東西ちょちょいのちょい」【中部地方盤】 (flac+cue+log).zip,,imas,永久,待分享,,15930
resource-20fcd51e8243,学园偶像大师,CD,B 古今東西ちょちょいのちょい,[241030] 学園アイドルマスター 初星学園×アニメイト コラボCD「古今東西ちょちょいのちょい」【中国＋四国地方盤】 (flac+cue+log),,2024,ZIP,,/00-偶像大师 ALL IN ONE/6-学园偶像大师/学马CD/B 古今東西ちょちょいのちょい/[241030] 学園アイドルマスター 初星学園×アニメイト コラボCD「古今東西ちょちょいのちょい」【中国＋四国地方盤】 (flac+cue+log).zip,,imas,永久,待分享,,15940
resource-f68a24eab6c0,学园偶像大师,CD,GOLD RUSH,[250207] 学園アイドルマスター GOLD RUSH 1 オリジナルCD「かちドキ」,,2025,FLAC,,/00-偶像大师 ALL IN ONE/6-学园偶像大师/学马CD/Z 漫画/GOLD RUSH/[250207] 学園アイドルマスター GOLD RUSH 1 オリジナルCD「かちドキ」,,imas,永久,待分享,,15950
resource-7196cd5c36dc,学园偶像大师,CD,GOLD RUSH,[250807] 学園アイドルマスター GOLD RUSH 3 オリジナルCD,,2025,FLAC,,/00-偶像大师 ALL IN ONE/6-学园偶像大师/学马CD/Z 漫画/GOLD RUSH/[250807] 学園アイドルマスター GOLD RUSH 3 オリジナルCD,,imas,永久,待分享,,15960
resource-33761a1ca4f6,学园偶像大师,Hi-Res,1 Live曲,初阵公演,,,FLAC Hi-Res,,/00-偶像大师 ALL IN ONE/6-学园偶像大师/学马HiRes/1 Live曲/初阵公演,,imas,永久,待分享,,15970
resource-891683491bbe,学园偶像大师,Hi-Res,其他,2 全体曲,,,FLAC / M4A Hi-Res,,/00-偶像大师 ALL IN ONE/6-学园偶像大师/学马HiRes/2 全体曲,,imas,永久,待分享,,15980
resource-8e1789c3908c,学园偶像大师,Hi-Res,2 全体曲,[2026.05.16] ガラクタロード,,2026,FLAC Hi-Res,,/00-偶像大师 ALL IN ONE/6-学园偶像大师/学马HiRes/2 全体曲/[2026.05.16] ガラクタロード,,imas,永久,待分享,,15990
resource-ce97b9a059b4,学园偶像大师,Hi-Res,3 个人曲 SOLO,SOLO 1,,,FLAC Hi-Res,,/00-偶像大师 ALL IN ONE/6-学园偶像大师/学马HiRes/3 个人曲 SOLO/SOLO 1,,imas,永久,待分享,,16000
resource-6015e686a533,学园偶像大师,Hi-Res,3 个人曲 SOLO,SOLO2 A面,,,FLAC Hi-Res,,/00-偶像大师 ALL IN ONE/6-学园偶像大师/学马HiRes/3 个人曲 SOLO/SOLO2 A面,,imas,永久,待分享,,16010
resource-ff23fb9e25ae,学园偶像大师,Hi-Res,3 个人曲 SOLO,SOLO2 B面,,,FLAC Hi-Res,,/00-偶像大师 ALL IN ONE/6-学园偶像大师/学马HiRes/3 个人曲 SOLO/SOLO2 B面,,imas,永久,待分享,,16020
resource-44390570d1ed,学园偶像大师,Hi-Res,3 个人曲 SOLO,SOLO3,,,FLAC Hi-Res,,/00-偶像大师 ALL IN ONE/6-学园偶像大师/学马HiRes/3 个人曲 SOLO/SOLO3,,imas,永久,待分享,,16030
resource-4eb0cbeaaa4e,学园偶像大师,Hi-Res,其他,4 个人曲 生日曲,,,FLAC Hi-Res,,/00-偶像大师 ALL IN ONE/6-学园偶像大师/学马HiRes/4 个人曲 生日曲,,imas,永久,待分享,,16040
resource-f1ad51ea436b,学园偶像大师,Hi-Res,其他,5 季节曲,,,FLAC Hi-Res,,/00-偶像大师 ALL IN ONE/6-学园偶像大师/学马HiRes/5 季节曲,,imas,永久,待分享,,16050
resource-90ab838a6adc,学园偶像大师,Hi-Res,其他,6 活动曲,,,FLAC Hi-Res,,/00-偶像大师 ALL IN ONE/6-学园偶像大师/学马HiRes/6 活动曲,,imas,永久,待分享,,16060
resource-f77fe762c0a6,学园偶像大师,Hi-Res,6 活动曲,狼人杀联动,,,FLAC Hi-Res,,/00-偶像大师 ALL IN ONE/6-学园偶像大师/学马HiRes/6 活动曲/狼人杀联动,,imas,永久,待分享,,16070
resource-9445bd944737,学园偶像大师,Hi-Res,其他,7 团体曲,,,FLAC Hi-Res,,/00-偶像大师 ALL IN ONE/6-学园偶像大师/学马HiRes/7 团体曲,,imas,永久,待分享,,16080
resource-e172a5797413,学园偶像大师,Hi-Res,其他,8 漫画,,,FLAC Hi-Res,,/00-偶像大师 ALL IN ONE/6-学园偶像大师/学马HiRes/8 漫画,,imas,永久,待分享,,16090
resource-869c64cbd2eb,学园偶像大师,Hi-Res,其他,以防有人需要伴奏,,,FLAC Hi-Res,,/00-偶像大师 ALL IN ONE/6-学园偶像大师/学马HiRes/以防有人需要伴奏,,imas,永久,待分享,,16100
resource-956c20c2f962,学园偶像大师,演唱会,学1st,BD原版,,,MKV,,/00-偶像大师 ALL IN ONE/6-学园偶像大师/学live/学1st/BD原版,,imas,永久,待分享,,16110
resource-61cb3bff7fb4,vα-liv,CD,其他,公転周期,,,FLAC,,/00-偶像大师 ALL IN ONE/7-vα-liv/va-liv 音乐/公転周期,,imas,永久,待分享,,16120
resource-f64ace00786b,vα-liv,CD,其他,虹の王国の物語～エトワールを目指して～,,,FLAC,,/00-偶像大师 ALL IN ONE/7-vα-liv/va-liv 音乐/虹の王国の物語～エトワールを目指して～,,imas,永久,待分享,,16130
resource-4b7eeec2f020,vα-liv,CD,其他,群青イニシエーション,,,FLAC,,/00-偶像大师 ALL IN ONE/7-vα-liv/va-liv 音乐/群青イニシエーション,,imas,永久,待分享,,16140
resource-c2488ae0dce0,vα-liv,CD,其他,思い出の花束、二度目の恋。,,,FLAC,,/00-偶像大师 ALL IN ONE/7-vα-liv/va-liv 音乐/思い出の花束、二度目の恋。,,imas,永久,待分享,,16150
resource-b6b961ee10f4,vα-liv,CD,其他,Berry Berry Lady,,,FLAC,,/00-偶像大师 ALL IN ONE/7-vα-liv/va-liv 音乐/Berry Berry Lady,,imas,永久,待分享,,16160
resource-9e4ea6072826,vα-liv,CD,其他,Beyond My Destiny,,,FLAC,,/00-偶像大师 ALL IN ONE/7-vα-liv/va-liv 音乐/Beyond My Destiny,,imas,永久,待分享,,16170
resource-1945e0eca66d,vα-liv,CD,其他,Breaker,,,FLAC,,/00-偶像大师 ALL IN ONE/7-vα-liv/va-liv 音乐/Breaker,,imas,永久,待分享,,16180
resource-72129c64af3a,vα-liv,CD,其他,CQ,,,FLAC,,/00-偶像大师 ALL IN ONE/7-vα-liv/va-liv 音乐/CQ,,imas,永久,待分享,,16190
resource-798912f4825b,vα-liv,CD,其他,DYE BAD DAY,,,FLAC,,/00-偶像大师 ALL IN ONE/7-vα-liv/va-liv 音乐/DYE BAD DAY,,imas,永久,待分享,,16200
resource-a0a2e75d9ddf,vα-liv,CD,其他,FIELD ON ME,,,FLAC,,/00-偶像大师 ALL IN ONE/7-vα-liv/va-liv 音乐/FIELD ON ME,,imas,永久,待分享,,16210
resource-f4276e30a0e3,vα-liv,CD,其他,Glass,,,FLAC,,/00-偶像大师 ALL IN ONE/7-vα-liv/va-liv 音乐/Glass,,imas,永久,待分享,,16220
resource-c450dda870ca,vα-liv,CD,其他,No.8,,,FLAC,,/00-偶像大师 ALL IN ONE/7-vα-liv/va-liv 音乐/No.8,,imas,永久,待分享,,16230
resource-ce4f6eb58cb8,vα-liv,CD,其他,Nova Chro,,,FLAC,,/00-偶像大师 ALL IN ONE/7-vα-liv/va-liv 音乐/Nova Chro,,imas,永久,待分享,,16240
resource-aef11ffb8f96,vα-liv,CD,其他,Scarlet Rose,,,FLAC,,/00-偶像大师 ALL IN ONE/7-vα-liv/va-liv 音乐/Scarlet Rose,,imas,永久,待分享,,16250
resource-f70d8f1ee016,vα-liv,CD,其他,SHOOTING STAR,,,FLAC,,/00-偶像大师 ALL IN ONE/7-vα-liv/va-liv 音乐/SHOOTING STAR,,imas,永久,待分享,,16260
resource-957c7bffdd28,vα-liv,CD,其他,TRI-ANGLE DRIVE,,,FLAC,,/00-偶像大师 ALL IN ONE/7-vα-liv/va-liv 音乐/TRI-ANGLE DRIVE,,imas,永久,待分享,,16270
resource-f2c29e304bdb,vα-liv,CD,其他,WANNABE EP COLLECTION,,,FLAC,,/00-偶像大师 ALL IN ONE/7-vα-liv/va-liv 音乐/WANNABE EP COLLECTION,,imas,永久,待分享,,16280
resource-320f908c78bc,vα-liv,CD,其他,WANNABE EP COLLECTION 2,,,FLAC,,/00-偶像大师 ALL IN ONE/7-vα-liv/va-liv 音乐/WANNABE EP COLLECTION 2,,imas,永久,待分享,,16290
resource-0da0fff0e06c,vα-liv,CD,其他,WANNABE EP COLLECTION 3,,,FLAC,,/00-偶像大师 ALL IN ONE/7-vα-liv/va-liv 音乐/WANNABE EP COLLECTION 3,,imas,永久,待分享,,16300
resource-7be1db7c6ad8,vα-liv,CD,其他,ZeroGravity,,,FLAC,,/00-偶像大师 ALL IN ONE/7-vα-liv/va-liv 音乐/ZeroGravity,,imas,永久,待分享,,16310
resource-36645b66d56b,vα-liv,CD,其他,アエルシグナル,,,FLAC,,/00-偶像大师 ALL IN ONE/7-vα-liv/va-liv 音乐/アエルシグナル,,imas,永久,待分享,,16320
resource-06437c44b2b9,vα-liv,CD,其他,あっちこっちプリンセス,,,FLAC,,/00-偶像大师 ALL IN ONE/7-vα-liv/va-liv 音乐/あっちこっちプリンセス,,imas,永久,待分享,,16330
resource-230fedc18020,vα-liv,CD,其他,ヴヴヴ,,,FLAC,,/00-偶像大师 ALL IN ONE/7-vα-liv/va-liv 音乐/ヴヴヴ,,imas,永久,待分享,,16340
resource-589ed3b1b9ea,vα-liv,CD,其他,エキセントリック・ラブ,,,FLAC,,/00-偶像大师 ALL IN ONE/7-vα-liv/va-liv 音乐/エキセントリック・ラブ,,imas,永久,待分享,,16350
resource-c622639d6976,vα-liv,CD,其他,きみの一等星,,,FLAC,,/00-偶像大师 ALL IN ONE/7-vα-liv/va-liv 音乐/きみの一等星,,imas,永久,待分享,,16360
resource-11b1b04da5f5,vα-liv,CD,其他,クライヤ,,,FLAC,,/00-偶像大师 ALL IN ONE/7-vα-liv/va-liv 音乐/クライヤ,,imas,永久,待分享,,16370
resource-9fa5c1467a06,vα-liv,CD,其他,クリスタライン,,,FLAC,,/00-偶像大师 ALL IN ONE/7-vα-liv/va-liv 音乐/クリスタライン,,imas,永久,待分享,,16380
resource-31991e0529bd,vα-liv,CD,其他,ソライロ！,,,FLAC,,/00-偶像大师 ALL IN ONE/7-vα-liv/va-liv 音乐/ソライロ！,,imas,永久,待分享,,16390
resource-6b84841c0b52,vα-liv,CD,其他,ともすれば、(中略)アイドル,,,FLAC,,/00-偶像大师 ALL IN ONE/7-vα-liv/va-liv 音乐/ともすれば、(中略)アイドル,,imas,永久,待分享,,16400
resource-ad27b5bd0961,vα-liv,CD,其他,はらぺこ泣き虫,,,FLAC,,/00-偶像大师 ALL IN ONE/7-vα-liv/va-liv 音乐/はらぺこ泣き虫,,imas,永久,待分享,,16410
resource-657f785774ae,vα-liv,CD,其他,まだ見ぬ明日,,,FLAC,,/00-偶像大师 ALL IN ONE/7-vα-liv/va-liv 音乐/まだ見ぬ明日,,imas,永久,待分享,,16420
